Transaction_ID,Date,Customer_ID,Customer_Age,Customer_Gender,Loyalty_Status,Category,Product_Name,Unit_Cost,Unit_Price,Quantity_Sold,Revenue,Total_Cost,Profit,Stock_Remaining,Satisfaction_Score
TXN-11769,2025-01-01,CUST-0152,32,Male,Silver,Home & Garden,Bed Sheets,41.27,74.29,2,148.58,82.54,66.04,1710,4.0
TXN-10970,2025-01-01,CUST-0414,41,Male,Regular,Clothing,T-Shirt,49.29,89.1,1,89.1,49.29,39.81,642,4.5
TXN-11632,2025-01-01,CUST-0281,34,Female,Regular,Clothing,Hat,3.72,6.93,1,6.93,3.72,3.21,686,3.9
TXN-12289,2025-01-01,CUST-0912,27,Male,Silver,Beauty & Health,Face Wash,9.13,14.22,5,71.1,45.65,25.45,1262,6.4
TXN-13338,2025-01-01,CUST-0739,36,Male,Regular,Home & Garden,Plant Pot,34.48,43.76,2,87.52,68.96,18.56,1562,4.5
TXN-13149,2025-01-01,CUST-0358,29,Female,Regular,Groceries,Eggs,28.33,56.24,1,56.24,28.33,27.91,1472,5.4
TXN-12140,2025-01-01,CUST-0720,51,Female,Silver,Groceries,Pasta,47.29,56.99,4,227.96,189.16,38.8,1158,8.0
TXN-11114,2025-01-01,CUST-0375,30,Female,Silver,Home & Garden,Mug,5.57,9.8,3,29.4,16.71,12.69,819,6.7
TXN-11634,2025-01-01,CUST-0331,43,Female,Regular,Groceries,Milk,32.13,59.75,4,239.0,128.52,110.48,1101,5.2
TXN-11833,2025-01-01,CUST-0809,39,Male,Regular,Home & Garden,Plant Pot,34.48,43.76,1,43.76,34.48,9.28,1685,4.1
TXN-14828,2025-01-01,CUST-0744,31,Female,Silver,Groceries,Pasta,47.29,56.99,1,56.99,47.29,9.7,1011,6.0
TXN-12877,2025-01-01,CUST-0764,62,Male,Regular,Beauty & Health,Face Wash,9.13,14.22,2,28.44,18.26,10.18,1204,3.8
TXN-14257,2025-01-01,CUST-0467,40,Female,Gold,Clothing,Jacket,3.47,6.87,5,34.35,17.35,17.0,1174,9.3
TXN-11296,2025-01-01,CUST-0640,29,Male,Silver,Electronics,Smartwatch,34.96,50.62,10,506.2,349.6,156.6,913,6.9
TXN-11283,2025-01-01,CUST-0939,23,Male,Silver,Groceries,Pasta,47.29,56.99,2,113.98,94.58,19.4,1209,3.9
TXN-10734,2025-01-01,CUST-0154,25,Male,Regular,Groceries,Bread,45.02,60.28,1,60.28,45.02,15.26,954,6.3
TXN-10113,2025-01-01,CUST-0474,29,Male,Regular,Groceries,Cereal,40.44,66.69,2,133.38,80.88,52.5,768,7.2
TXN-12645,2025-01-01,CUST-0526,19,Other,Regular,Electronics,Charger,85.78,132.44,1,132.44,85.78,46.66,585,4.2
TXN-12734,2025-01-02,CUST-0344,27,Female,Silver,Beauty & Health,Shampoo,25.11,45.77,4,183.08,100.44,82.64,856,8.9
TXN-13941,2025-01-02,CUST-0084,43,Male,Regular,Home & Garden,Plant Pot,34.48,43.76,1,43.76,34.48,9.28,1519,4.4
TXN-13386,2025-01-02,CUST-0197,27,Male,Regular,Groceries,Rice,16.47,23.64,1,23.64,16.47,7.17,245,4.2
TXN-11953,2025-01-02,CUST-0599,35,Female,Regular,Electronics,Charger,85.78,132.44,5,662.2,428.9,233.3,626,7.5
TXN-10443,2025-01-02,CUST-0318,21,Female,Regular,Clothing,Socks,46.78,72.77,1,72.77,46.78,25.99,1274,5.1
TXN-10966,2025-01-02,CUST-0304,32,Female,Silver,Clothing,Socks,46.78,72.77,3,218.31,140.34,77.97,1240,5.5
TXN-14796,2025-01-02,CUST-0149,45,Male,Silver,Electronics,Keyboard,107.66,156.53,2,313.06,215.32,97.74,518,5.2
TXN-11621,2025-01-02,CUST-0634,18,Male,Regular,Clothing,Jeans,45.05,74.05,1,74.05,45.05,29.0,1597,3.7
TXN-10753,2025-01-02,CUST-0593,37,Male,Gold,Electronics,Keyboard,107.66,156.53,2,313.06,215.32,97.74,821,8.5
TXN-12385,2025-01-02,CUST-0517,24,Male,Silver,Groceries,Cereal,40.44,66.69,1,66.69,40.44,26.25,605,5.1
TXN-13490,2025-01-02,CUST-0655,41,Female,Regular,Electronics,Charger,85.78,132.44,4,529.76,343.12,186.64,517,6.9
TXN-12369,2025-01-02,CUST-0276,35,Male,Regular,Clothing,Sneakers,20.09,39.7,4,158.8,80.36,78.44,622,7.3
TXN-10503,2025-01-02,CUST-0326,49,Male,Silver,Groceries,Apples,18.31,24.59,2,49.18,36.62,12.56,1728,6.2
TXN-12813,2025-01-02,CUST-0845,19,Other,Silver,Electronics,Mouse,41.17,78.14,1,78.14,41.17,36.97,1110,6.8
TXN-14698,2025-01-02,CUST-0840,51,Male,Silver,Groceries,Apples,18.31,24.59,1,24.59,18.31,6.28,1399,5.8
TXN-11722,2025-01-02,CUST-0231,18,Female,Regular,Clothing,Jacket,3.47,6.87,1,6.87,3.47,3.4,1394,8.4
TXN-14024,2025-01-03,CUST-0591,52,Female,Regular,Groceries,Milk,32.13,59.75,1,59.75,32.13,27.62,950,5.4
TXN-11579,2025-01-03,CUST-0500,29,Female,Regular,Home & Garden,Plant Pot,34.48,43.76,1,43.76,34.48,9.28,1695,4.7
TXN-14080,2025-01-03,CUST-0033,52,Female,Silver,Clothing,Sneakers,20.09,39.7,2,79.4,40.18,39.22,518,6.8
TXN-10440,2025-01-03,CUST-0675,24,Female,Silver,Beauty & Health,Soap,11.95,23.02,1,23.02,11.95,11.07,1077,7.4
TXN-12952,2025-01-03,CUST-0810,29,Male,Regular,Beauty & Health,Face Wash,9.13,14.22,1,14.22,9.13,5.09,1196,6.3
TXN-12689,2025-01-03,CUST-0980,18,Female,Regular,Electronics,Headphones,49.93,84.43,3,253.29,149.79,103.5,1158,8.1
TXN-10388,2025-01-03,CUST-0422,31,Male,Regular,Home & Garden,Frying Pan,11.59,15.48,1,15.48,11.59,3.89,1830,4.7
TXN-13521,2025-01-03,CUST-0947,34,Female,Regular,Beauty & Health,Toothpaste,36.38,71.18,1,71.18,36.38,34.8,578,3.2
TXN-14090,2025-01-03,CUST-0960,18,Female,Silver,Groceries,Rice,16.47,23.64,1,23.64,16.47,7.17,189,4.9
TXN-13115,2025-01-03,CUST-0881,36,Male,Regular,Clothing,T-Shirt,49.29,89.1,1,89.1,49.29,39.81,470,5.0
TXN-11471,2025-01-04,CUST-0537,26,Male,Silver,Electronics,Smartwatch,34.96,50.62,5,253.1,174.8,78.3,885,4.6
TXN-12110,2025-01-04,CUST-0407,18,Female,Regular,Groceries,Milk,32.13,59.75,3,179.25,96.39,82.86,1072,6.3
TXN-11390,2025-01-04,CUST-0164,30,Female,Regular,Electronics,USB Drive,123.53,158.32,2,316.64,247.06,69.58,1654,6.2
TXN-12019,2025-01-04,CUST-0289,42,Female,Silver,Groceries,Chicken,14.09,25.57,4,102.28,56.36,45.92,1817,6.8
TXN-12728,2025-01-04,CUST-0918,40,Male,Regular,Electronics,Keyboard,107.66,156.53,2,313.06,215.32,97.74,696,3.9
TXN-10412,2025-01-04,CUST-0239,22,Female,Gold,Electronics,Smartwatch,34.96,50.62,1,50.62,34.96,15.66,984,6.3
TXN-13131,2025-01-04,CUST-0684,18,Male,Gold,Groceries,Cereal,40.44,66.69,1,66.69,40.44,26.25,523,7.9
TXN-12210,2025-01-04,CUST-0789,18,Female,Silver,Home & Garden,Lamp,30.34,59.03,10,590.3,303.4,286.9,804,6.1
TXN-10670,2025-01-04,CUST-0855,28,Male,Regular,Electronics,Headphones,49.93,84.43,2,168.86,99.86,69.0,1297,6.0
TXN-14643,2025-01-04,CUST-0264,26,Male,Regular,Beauty & Health,Vitamins,4.16,7.52,4,30.08,16.64,13.44,989,6.9
TXN-13933,2025-01-04,CUST-0381,42,Male,Regular,Home & Garden,Plant Pot,34.48,43.76,2,87.52,68.96,18.56,1520,4.2
TXN-12977,2025-01-04,CUST-0969,40,Male,Regular,Electronics,Headphones,49.93,84.43,3,253.29,149.79,103.5,1135,4.7
TXN-12854,2025-01-04,CUST-0492,33,Female,Regular,Home & Garden,Frying Pan,11.59,15.48,4,61.92,46.36,15.56,1665,4.6
TXN-11797,2025-01-05,CUST-0529,32,Male,Gold,Beauty & Health,Vitamins,4.16,7.52,1,7.52,4.16,3.36,1214,6.8
TXN-11329,2025-01-05,CUST-0165,57,Other,Regular,Groceries,Apples,18.31,24.59,1,24.59,18.31,6.28,1649,6.7
TXN-12367,2025-01-05,CUST-0683,18,Female,Silver,Clothing,T-Shirt,49.29,89.1,1,89.1,49.29,39.81,527,5.4
TXN-11736,2025-01-05,CUST-0394,25,Female,Regular,Groceries,Eggs,28.33,56.24,1,56.24,28.33,27.91,1582,6.6
TXN-13330,2025-01-05,CUST-0087,27,Male,Regular,Clothing,Jacket,3.47,6.87,3,20.61,10.41,10.2,1251,4.4
TXN-14978,2025-01-05,CUST-0241,48,Female,Silver,Groceries,Eggs,28.33,56.24,1,56.24,28.33,27.91,1335,7.8
TXN-13879,2025-01-06,CUST-0795,18,Female,Silver,Beauty & Health,Toothpaste,36.38,71.18,1,71.18,36.38,34.8,562,4.6
TXN-10620,2025-01-06,CUST-0554,20,Other,Silver,Electronics,Mouse,41.17,78.14,1,78.14,41.17,36.97,1263,6.0
TXN-11658,2025-01-06,CUST-0678,24,Male,Regular,Groceries,Rice,16.47,23.64,1,23.64,16.47,7.17,373,5.5
TXN-11142,2025-01-06,CUST-0809,46,Female,Silver,Groceries,Eggs,28.33,56.24,1,56.24,28.33,27.91,1615,6.0
TXN-14428,2025-01-06,CUST-0354,40,Male,Regular,Home & Garden,Lamp,30.34,59.03,2,118.06,60.68,57.38,612,5.5
TXN-11901,2025-01-06,CUST-0420,44,Female,Regular,Home & Garden,Lamp,30.34,59.03,1,59.03,30.34,28.69,840,5.7
TXN-10294,2025-01-06,CUST-0057,34,Male,Silver,Electronics,Smartwatch,34.96,50.62,4,202.48,139.84,62.64,987,9.8
TXN-13318,2025-01-06,CUST-0904,38,Other,Regular,Home & Garden,Bed Sheets,41.27,74.29,5,371.45,206.35,165.1,1579,6.0
TXN-11263,2025-01-06,CUST-0546,51,Male,Gold,Groceries,Cereal,40.44,66.69,1,66.69,40.44,26.25,668,6.2
TXN-10913,2025-01-06,CUST-0987,31,Male,Regular,Groceries,Apples,18.31,24.59,3,73.77,54.93,18.84,1690,5.3
TXN-12993,2025-01-06,CUST-0596,51,Female,Regular,Beauty & Health,Shampoo,25.11,45.77,3,137.31,75.33,61.98,838,7.1
TXN-12187,2025-01-06,CUST-0888,28,Female,Regular,Groceries,Milk,32.13,59.75,3,179.25,96.39,82.86,1058,6.4
TXN-12428,2025-01-06,CUST-0600,18,Female,Regular,Groceries,Chicken,14.09,25.57,1,25.57,14.09,11.48,1794,6.9
TXN-12179,2025-01-06,CUST-0222,33,Female,Regular,Groceries,Chicken,14.09,25.57,1,25.57,14.09,11.48,1812,5.4
TXN-12243,2025-01-06,CUST-0756,44,Male,Gold,Groceries,Pasta,47.29,56.99,2,113.98,94.58,19.4,1155,9.0
TXN-13088,2025-01-06,CUST-0174,18,Male,Regular,Groceries,Pasta,47.29,56.99,2,113.98,94.58,19.4,1110,7.0
TXN-11535,2025-01-07,CUST-0250,39,Other,Regular,Clothing,Hat,3.72,6.93,2,13.86,7.44,6.42,688,6.8
TXN-11660,2025-01-07,CUST-0776,38,Female,Silver,Groceries,Rice,16.47,23.64,1,23.64,16.47,7.17,372,5.2
TXN-13252,2025-01-07,CUST-0534,18,Female,Regular,Home & Garden,Towel,36.45,51.3,1,51.3,36.45,14.85,766,4.5
TXN-13929,2025-01-07,CUST-0150,35,Female,Regular,Clothing,Jacket,3.47,6.87,3,20.61,10.41,10.2,1198,6.3
TXN-14832,2025-01-07,CUST-0604,26,Male,Regular,Beauty & Health,Soap,11.95,23.02,1,23.02,11.95,11.07,827,3.7
TXN-12643,2025-01-07,CUST-0425,44,Female,Regular,Home & Garden,Plant Pot,34.48,43.76,1,43.76,34.48,9.28,1619,6.8
TXN-11952,2025-01-07,CUST-0006,26,Male,Regular,Clothing,Socks,46.78,72.77,1,72.77,46.78,25.99,1177,7.5
TXN-14760,2025-01-07,CUST-0638,33,Female,Regular,Home & Garden,Plant Pot,34.48,43.76,4,175.04,137.92,37.12,1423,8.1
TXN-10993,2025-01-07,CUST-0001,25,Male,Regular,Electronics,Smartwatch,34.96,50.62,4,202.48,139.84,62.64,940,6.4
TXN-11179,2025-01-07,CUST-0602,18,Female,Regular,Groceries,Pasta,47.29,56.99,1,56.99,47.29,9.7,1213,6.1
TXN-13150,2025-01-07,CUST-0713,53,Male,Silver,Groceries,Rice,16.47,23.64,1,23.64,16.47,7.17,253,4.9
TXN-13854,2025-01-07,CUST-0653,35,Female,Regular,Beauty & Health,Shampoo,25.11,45.77,3,137.31,75.33,61.98,765,7.8
TXN-10875,2025-01-07,CUST-0753,38,Male,Regular,Groceries,Chicken,14.09,25.57,1,25.57,14.09,11.48,1876,5.0
TXN-11419,2025-01-07,CUST-0077,49,Female,Regular,Home & Garden,Towel,36.45,51.3,1,51.3,36.45,14.85,883,7.9
TXN-14437,2025-01-07,CUST-0460,40,Female,Regular,Beauty & Health,Vitamins,4.16,7.52,1,7.52,4.16,3.36,1021,5.4
TXN-12142,2025-01-07,CUST-0053,18,Female,Regular,Clothing,Socks,46.78,72.77,1,72.77,46.78,25.99,1166,7.2
TXN-11098,2025-01-07,CUST-0783,21,Male,Silver,Home & Garden,Frying Pan,11.59,15.48,1,15.48,11.59,3.89,1780,6.4
TXN-13173,2025-01-07,CUST-0525,18,Other,Gold,Electronics,USB Drive,123.53,158.32,4,633.28,494.12,139.16,1513,8.3
TXN-12258,2025-01-07,CUST-0288,39,Female,Regular,Groceries,Cereal,40.44,66.69,2,133.38,80.88,52.5,609,8.0
TXN-14333,2025-01-08,CUST-0842,29,Female,Regular,Electronics,Smartwatch,34.96,50.62,3,151.86,104.88,46.98,685,5.7
TXN-14814,2025-01-08,CUST-0549,48,Male,Regular,Electronics,Mouse,41.17,78.14,2,156.28,82.34,73.94,961,6.6
TXN-13823,2025-01-08,CUST-0647,55,Female,Silver,Groceries,Cereal,40.44,66.69,1,66.69,40.44,26.25,467,7.6
TXN-14255,2025-01-08,CUST-0928,18,Female,Silver,Home & Garden,Frying Pan,11.59,15.48,1,15.48,11.59,3.89,1524,3.9
TXN-10507,2025-01-08,CUST-0217,18,Female,Silver,Groceries,Cereal,40.44,66.69,1,66.69,40.44,26.25,740,5.6
TXN-13157,2025-01-08,CUST-0842,39,Male,Regular,Electronics,Keyboard,107.66,156.53,1,156.53,107.66,48.87,665,7.4
TXN-11538,2025-01-08,CUST-0738,32,Female,Regular,Beauty & Health,Soap,11.95,23.02,1,23.02,11.95,11.07,1007,8.7
TXN-13884,2025-01-08,CUST-0452,32,Female,Silver,Beauty & Health,Toothpaste,36.38,71.18,1,71.18,36.38,34.8,560,5.4
TXN-11877,2025-01-08,CUST-0441,25,Female,Regular,Groceries,Eggs,28.33,56.24,3,168.72,84.99,83.73,1566,7.0
TXN-10370,2025-01-08,CUST-0763,44,Female,Regular,Home & Garden,Mug,5.57,9.8,2,19.6,11.14,8.46,853,5.6
TXN-10649,2025-01-08,CUST-0273,34,Female,Silver,Groceries,Cereal,40.44,66.69,3,200.07,121.32,78.75,732,6.3
TXN-13613,2025-01-08,CUST-0721,39,Female,Silver,Electronics,Smartwatch,34.96,50.62,1,50.62,34.96,15.66,750,7.5
TXN-14646,2025-01-08,CUST-0227,42,Male,Regular,Clothing,T-Shirt,49.29,89.1,1,89.1,49.29,39.81,376,5.3
TXN-12173,2025-01-08,CUST-0724,31,Other,Silver,Clothing,Hat,3.72,6.93,1,6.93,3.72,3.21,648,7.5
TXN-11157,2025-01-08,CUST-0409,34,Male,Silver,Groceries,Eggs,28.33,56.24,2,112.48,56.66,55.82,1613,4.8
TXN-11019,2025-01-08,CUST-0633,18,Male,Regular,Beauty & Health,Vitamins,4.16,7.52,5,37.6,20.8,16.8,1276,5.1
TXN-13644,2025-01-08,CUST-0032,55,Male,Regular,Groceries,Cereal,40.44,66.69,2,133.38,80.88,52.5,476,6.9
TXN-10654,2025-01-08,CUST-0218,18,Female,Silver,Home & Garden,Plant Pot,34.48,43.76,3,131.28,103.44,27.84,1781,5.0
TXN-12919,2025-01-09,CUST-0757,26,Male,Silver,Groceries,Cereal,40.44,66.69,3,200.07,121.32,78.75,540,7.2
TXN-10320,2025-01-09,CUST-0311,42,Male,Regular,Beauty & Health,Vitamins,4.16,7.52,1,7.52,4.16,3.36,1330,5.5
TXN-12307,2025-01-09,CUST-0825,26,Female,Regular,Clothing,Hat,3.72,6.93,2,13.86,7.44,6.42,644,6.4
TXN-13512,2025-01-09,CUST-0514,30,Other,Silver,Home & Garden,Towel,36.45,51.3,10,513.0,364.5,148.5,735,6.9
TXN-14639,2025-01-09,CUST-0399,44,Male,Gold,Home & Garden,Plant Pot,34.48,43.76,1,43.76,34.48,9.28,1440,9.0
TXN-12688,2025-01-09,CUST-0907,29,Female,Regular,Clothing,Jeans,45.05,74.05,1,74.05,45.05,29.0,1523,5.5
TXN-12197,2025-01-09,CUST-0839,34,Female,Silver,Home & Garden,Plant Pot,34.48,43.76,2,87.52,68.96,18.56,1652,6.2
TXN-12396,2025-01-09,CUST-0052,51,Male,Regular,Beauty & Health,Vitamins,4.16,7.52,4,30.08,16.64,13.44,1145,5.1
TXN-13389,2025-01-09,CUST-0037,27,Female,Gold,Groceries,Rice,16.47,23.64,1,23.64,16.47,7.17,244,8.7
TXN-10666,2025-01-09,CUST-0315,32,Male,Regular,Groceries,Bread,45.02,60.28,4,241.12,180.08,61.04,965,6.5
TXN-10975,2025-01-09,CUST-0315,29,Male,Regular,Clothing,Socks,46.78,72.77,1,72.77,46.78,25.99,1239,4.9
TXN-10712,2025-01-09,CUST-0458,45,Female,Regular,Clothing,Hat,3.72,6.93,2,13.86,7.44,6.42,788,6.5
TXN-12979,2025-01-10,CUST-0540,36,Female,Regular,Clothing,T-Shirt,49.29,89.1,2,178.2,98.58,79.62,494,4.6
TXN-10165,2025-01-10,CUST-0649,35,Female,Silver,Electronics,Charger,85.78,132.44,1,132.44,85.78,46.66,756,5.2
TXN-13684,2025-01-10,CUST-0979,18,Female,Regular,Clothing,Jeans,45.05,74.05,1,74.05,45.05,29.0,1426,7.1
TXN-10028,2025-01-10,CUST-0664,23,Male,Silver,Clothing,Jacket,3.47,6.87,1,6.87,3.47,3.4,1528,5.4
TXN-14904,2025-01-10,CUST-0437,51,Male,Regular,Electronics,Keyboard,107.66,156.53,2,313.06,215.32,97.74,514,4.4
TXN-13335,2025-01-10,CUST-0577,21,Female,Regular,Groceries,Pasta,47.29,56.99,1,56.99,47.29,9.7,1091,6.7
TXN-10004,2025-01-10,CUST-0478,52,Female,Regular,Groceries,Bread,45.02,60.28,1,60.28,45.02,15.26,1008,4.0
TXN-10497,2025-01-10,CUST-0477,27,Male,Silver,Groceries,Milk,32.13,59.75,2,119.5,64.26,55.24,1169,5.7
TXN-11136,2025-01-10,CUST-0199,48,Other,Regular,Electronics,Headphones,49.93,84.43,3,253.29,149.79,103.5,1241,4.7
TXN-13183,2025-01-10,CUST-0754,29,Female,Regular,Groceries,Eggs,28.33,56.24,1,56.24,28.33,27.91,1471,8.0
TXN-13631,2025-01-10,CUST-0123,55,Male,Regular,Clothing,Sneakers,20.09,39.7,1,39.7,20.09,19.61,537,6.3
TXN-13409,2025-01-10,CUST-0780,59,Male,Regular,Home & Garden,Plant Pot,34.48,43.76,1,43.76,34.48,9.28,1555,8.3
TXN-14881,2025-01-10,CUST-0914,40,Female,Regular,Groceries,Eggs,28.33,56.24,2,112.48,56.66,55.82,1348,6.7
TXN-10980,2025-01-10,CUST-0630,64,Female,Gold,Electronics,Mouse,41.17,78.14,3,234.42,123.51,110.91,1235,8.4
TXN-11134,2025-01-10,CUST-0531,41,Male,Regular,Beauty & Health,Soap,11.95,23.02,3,69.06,35.85,33.21,1042,5.1
TXN-11070,2025-01-10,CUST-0733,23,Female,Gold,Electronics,Headphones,49.93,84.43,1,84.43,49.93,34.5,1246,8.4
TXN-11378,2025-01-10,CUST-0898,60,Male,Regular,Clothing,Jacket,3.47,6.87,3,20.61,10.41,10.2,1444,7.0
TXN-14006,2025-01-11,CUST-0245,46,Male,Regular,Home & Garden,Mug,5.57,9.8,5,49.0,27.85,21.15,600,9.1
TXN-14349,2025-01-11,CUST-0198,26,Female,Regular,Clothing,Hat,3.72,6.93,1,6.93,3.72,3.21,537,5.7
TXN-10268,2025-01-11,CUST-0467,21,Male,Regular,Electronics,Charger,85.78,132.44,1,132.44,85.78,46.66,753,8.1
TXN-14857,2025-01-11,CUST-0030,18,Male,Regular,Electronics,USB Drive,123.53,158.32,1,158.32,123.53,34.79,1403,5.7
TXN-14836,2025-01-11,CUST-0935,53,Female,Regular,Groceries,Rice,16.47,23.64,1,23.64,16.47,7.17,109,3.6
TXN-11580,2025-01-11,CUST-0387,40,Female,Regular,Groceries,Cereal,40.44,66.69,4,266.76,161.76,105.0,642,9.4
TXN-10684,2025-01-11,CUST-0081,35,Female,Regular,Groceries,Rice,16.47,23.64,4,94.56,65.88,28.68,451,8.8
TXN-11648,2025-01-12,CUST-0240,48,Male,Gold,Clothing,Socks,46.78,72.77,1,72.77,46.78,25.99,1188,8.8
TXN-13873,2025-01-12,CUST-0398,29,Other,Regular,Clothing,Socks,46.78,72.77,1,72.77,46.78,25.99,1004,5.7
TXN-12985,2025-01-12,CUST-0413,35,Male,Regular,Clothing,T-Shirt,49.29,89.1,1,89.1,49.29,39.81,493,5.9
TXN-13868,2025-01-12,CUST-0078,35,Male,Silver,Beauty & Health,Vitamins,4.16,7.52,2,15.04,8.32,6.72,1051,6.2
TXN-12354,2025-01-12,CUST-0969,26,Male,Regular,Home & Garden,Bed Sheets,41.27,74.29,1,74.29,41.27,33.02,1669,7.6
TXN-14214,2025-01-12,CUST-0615,40,Male,Silver,Clothing,Socks,46.78,72.77,10,727.7,467.8,259.9,990,6.1
TXN-11891,2025-01-12,CUST-0641,53,Female,Silver,Groceries,Bread,45.02,60.28,1,60.28,45.02,15.26,884,5.5
TXN-12526,2025-01-12,CUST-0598,56,Male,Silver,Groceries,Bread,45.02,60.28,1,60.28,45.02,15.26,838,5.1
TXN-13105,2025-01-12,CUST-0276,36,Female,Silver,Electronics,Keyboard,107.66,156.53,5,782.65,538.3,244.35,666,9.2
TXN-14479,2025-01-12,CUST-0131,24,Male,Regular,Electronics,USB Drive,123.53,158.32,4,633.28,494.12,139.16,1413,5.6
TXN-13277,2025-01-12,CUST-0703,27,Female,Gold,Groceries,Bread,45.02,60.28,5,301.4,225.1,76.3,742,9.9
TXN-11889,2025-01-12,CUST-0954,46,Female,Silver,Clothing,Jacket,3.47,6.87,4,27.48,13.88,13.6,1380,9.4
TXN-12153,2025-01-13,CUST-0295,44,Female,Silver,Groceries,Rice,16.47,23.64,3,70.92,49.41,21.51,320,6.2
TXN-13878,2025-01-13,CUST-0656,40,Female,Gold,Clothing,T-Shirt,49.29,89.1,1,89.1,49.29,39.81,430,8.2
TXN-14370,2025-01-13,CUST-0016,29,Female,Silver,Electronics,Headphones,49.93,84.43,1,84.43,49.93,34.5,1043,5.8
TXN-14335,2025-01-13,CUST-0916,24,Other,Regular,Electronics,Smartwatch,34.96,50.62,3,151.86,104.88,46.98,682,6.5
TXN-13171,2025-01-13,CUST-0657,36,Male,Silver,Electronics,Headphones,49.93,84.43,4,337.72,199.72,138.0,1121,9.1
TXN-12701,2025-01-13,CUST-0868,26,Male,Silver,Groceries,Apples,18.31,24.59,1,24.59,18.31,6.28,1550,6.7
TXN-10736,2025-01-13,CUST-0939,30,Male,Regular,Home & Garden,Bed Sheets,41.27,74.29,2,148.58,82.54,66.04,1798,3.5
TXN-13198,2025-01-13,CUST-0288,34,Female,Silver,Home & Garden,Towel,36.45,51.3,1,51.3,36.45,14.85,770,7.4
TXN-12991,2025-01-13,CUST-0837,42,Female,Regular,Home & Garden,Plant Pot,34.48,43.76,2,87.52,68.96,18.56,1593,5.7
TXN-10738,2025-01-13,CUST-0765,46,Female,Silver,Groceries,Cereal,40.44,66.69,1,66.69,40.44,26.25,720,5.1
TXN-12399,2025-01-13,CUST-0552,37,Male,Silver,Beauty & Health,Face Wash,9.13,14.22,1,14.22,9.13,5.09,1240,5.1
TXN-14875,2025-01-13,CUST-0509,47,Female,Regular,Beauty & Health,Lotion,8.66,15.35,1,15.35,8.66,6.69,879,7.4
TXN-11774,2025-01-13,CUST-0125,43,Male,Regular,Groceries,Bread,45.02,60.28,1,60.28,45.02,15.26,902,5.5
TXN-14882,2025-01-13,CUST-0720,18,Male,Regular,Clothing,T-Shirt,49.29,89.1,2,178.2,98.58,79.62,357,7.4
TXN-13699,2025-01-13,CUST-0432,23,Female,Regular,Beauty & Health,Face Wash,9.13,14.22,1,14.22,9.13,5.09,1138,5.0
TXN-10668,2025-01-13,CUST-0349,39,Female,Regular,Groceries,Eggs,28.33,56.24,2,112.48,56.66,55.82,1651,6.4
TXN-11596,2025-01-13,CUST-0579,36,Female,Silver,Clothing,Jacket,3.47,6.87,5,34.35,17.35,17.0,1430,7.9
TXN-10833,2025-01-13,CUST-0002,23,Male,Regular,Clothing,Sneakers,20.09,39.7,1,39.7,20.09,19.61,722,6.6
TXN-11911,2025-01-13,CUST-0235,41,Female,Regular,Clothing,Jacket,3.47,6.87,1,6.87,3.47,3.4,1379,5.3
TXN-13626,2025-01-14,CUST-0833,35,Male,Regular,Home & Garden,Bed Sheets,41.27,74.29,5,371.45,206.35,165.1,1553,7.7
TXN-10810,2025-01-14,CUST-0247,25,Male,Regular,Home & Garden,Plant Pot,34.48,43.76,1,43.76,34.48,9.28,1765,6.9
TXN-14094,2025-01-14,CUST-0377,33,Male,Regular,Beauty & Health,Lotion,8.66,15.35,1,15.35,8.66,6.69,912,4.2
TXN-13711,2025-01-14,CUST-0086,41,Male,Regular,Electronics,Keyboard,107.66,156.53,2,313.06,215.32,97.74,629,4.9
TXN-12167,2025-01-14,CUST-0351,20,Male,Gold,Home & Garden,Plant Pot,34.48,43.76,3,131.28,103.44,27.84,1654,6.5
TXN-13104,2025-01-14,CUST-0751,21,Male,Regular,Home & Garden,Towel,36.45,51.3,1,51.3,36.45,14.85,775,5.3
TXN-12694,2025-01-14,CUST-0442,22,Female,Silver,Beauty & Health,Toothpaste,36.38,71.18,1,71.18,36.38,34.8,643,5.0
TXN-13045,2025-01-14,CUST-0315,22,Female,Silver,Clothing,T-Shirt,49.29,89.1,4,356.4,197.16,159.24,475,5.7
TXN-14066,2025-01-14,CUST-0215,47,Male,Regular,Home & Garden,Frying Pan,11.59,15.48,2,30.96,23.18,7.78,1533,5.7
TXN-11046,2025-01-14,CUST-0572,45,Male,Regular,Home & Garden,Towel,36.45,51.3,1,51.3,36.45,14.85,910,4.2
TXN-13033,2025-01-14,CUST-0369,35,Male,Regular,Clothing,Jacket,3.47,6.87,2,13.74,6.94,6.8,1284,6.2
TXN-11919,2025-01-14,CUST-0266,25,Female,Regular,Beauty & Health,Face Wash,9.13,14.22,3,42.66,27.39,15.27,1301,3.1
TXN-10438,2025-01-15,CUST-0113,30,Male,Regular,Electronics,USB Drive,123.53,158.32,1,158.32,123.53,34.79,1723,4.6
TXN-12541,2025-01-15,CUST-0904,27,Other,Regular,Electronics,USB Drive,123.53,158.32,4,633.28,494.12,139.16,1558,7.3
TXN-12659,2025-01-15,CUST-0529,38,Female,Regular,Home & Garden,Lamp,30.34,59.03,5,295.15,151.7,143.45,749,5.5
TXN-12081,2025-01-15,CUST-0048,33,Female,Regular,Home & Garden,Frying Pan,11.59,15.48,2,30.96,23.18,7.78,1697,6.6
TXN-12199,2025-01-15,CUST-0132,37,Male,Silver,Groceries,Apples,18.31,24.59,1,24.59,18.31,6.28,1570,5.2
TXN-11883,2025-01-15,CUST-0052,31,Female,Regular,Electronics,Smartwatch,34.96,50.62,2,101.24,69.92,31.32,865,4.9
TXN-12240,2025-01-15,CUST-0889,27,Female,Regular,Groceries,Cereal,40.44,66.69,1,66.69,40.44,26.25,611,5.7
TXN-14361,2025-01-15,CUST-0132,36,Male,Regular,Home & Garden,Towel,36.45,51.3,1,51.3,36.45,14.85,661,6.8
TXN-14092,2025-01-15,CUST-0474,36,Female,Silver,Clothing,Hat,3.72,6.93,10,69.3,37.2,32.1,550,9.4
TXN-11189,2025-01-15,CUST-0416,30,Female,Regular,Groceries,Rice,16.47,23.64,1,23.64,16.47,7.17,390,7.5
TXN-13279,2025-01-15,CUST-0196,38,Male,Regular,Electronics,USB Drive,123.53,158.32,1,158.32,123.53,34.79,1508,4.2
TXN-14565,2025-01-15,CUST-0416,32,Male,Regular,Clothing,Jeans,45.05,74.05,1,74.05,45.05,29.0,1364,8.1
TXN-13712,2025-01-15,CUST-0874,51,Male,Silver,Home & Garden,Frying Pan,11.59,15.48,1,15.48,11.59,3.89,1603,4.6
TXN-13346,2025-01-15,CUST-0585,31,Male,Silver,Groceries,Apples,18.31,24.59,1,24.59,18.31,6.28,1495,6.0
TXN-14795,2025-01-15,CUST-0934,51,Female,Regular,Groceries,Chicken,14.09,25.57,10,255.7,140.9,114.8,1616,5.7
TXN-10897,2025-01-15,CUST-0457,45,Female,Regular,Groceries,Rice,16.47,23.64,10,236.4,164.7,71.7,430,6.6
TXN-14439,2025-01-15,CUST-0021,31,Male,Regular,Groceries,Pasta,47.29,56.99,1,56.99,47.29,9.7,1036,4.5
TXN-13454,2025-01-16,CUST-0616,21,Female,Silver,Clothing,Sneakers,20.09,39.7,3,119.1,60.27,58.83,549,6.6
TXN-13333,2025-01-16,CUST-0780,35,Male,Silver,Groceries,Eggs,28.33,56.24,4,224.96,113.32,111.64,1452,6.6
TXN-11902,2025-01-16,CUST-0257,36,Male,Gold,Groceries,Pasta,47.29,56.99,1,56.99,47.29,9.7,1172,5.8
TXN-13519,2025-01-16,CUST-0321,41,Male,Regular,Clothing,Jeans,45.05,74.05,2,148.1,90.1,58.0,1456,5.4
TXN-14166,2025-01-16,CUST-0773,31,Male,Regular,Electronics,Mouse,41.17,78.14,2,156.28,82.34,73.94,1022,4.1
TXN-10719,2025-01-16,CUST-0091,50,Female,Regular,Electronics,Mouse,41.17,78.14,1,78.14,41.17,36.97,1255,6.7
TXN-14513,2025-01-16,CUST-0225,41,Female,Regular,Electronics,Smartwatch,34.96,50.62,5,253.1,174.8,78.3,667,8.0
TXN-10245,2025-01-16,CUST-0140,39,Female,Silver,Home & Garden,Towel,36.45,51.3,2,102.6,72.9,29.7,987,5.5
TXN-14446,2025-01-16,CUST-0016,18,Female,Silver,Beauty & Health,Soap,11.95,23.02,1,23.02,11.95,11.07,840,7.5
TXN-10953,2025-01-16,CUST-0912,51,Female,Silver,Groceries,Cereal,40.44,66.69,1,66.69,40.44,26.25,694,6.8
TXN-12562,2025-01-16,CUST-0862,18,Female,Gold,Home & Garden,Plant Pot,34.48,43.76,3,131.28,103.44,27.84,1624,9.4
TXN-12933,2025-01-16,CUST-0558,27,Other,Regular,Home & Garden,Towel,36.45,51.3,2,102.6,72.9,29.7,795,6.7
TXN-10161,2025-01-16,CUST-0988,53,Female,Regular,Beauty & Health,Toothpaste,36.38,71.18,4,284.72,145.52,139.2,833,5.0
TXN-10151,2025-01-17,CUST-0055,23,Female,Gold,Beauty & Health,Face Wash,9.13,14.22,1,14.22,9.13,5.09,1424,7.5
TXN-11257,2025-01-17,CUST-0557,42,Female,Regular,Clothing,Sneakers,20.09,39.7,3,119.1,60.27,58.83,671,5.0
TXN-11394,2025-01-17,CUST-0460,24,Female,Regular,Beauty & Health,Face Wash,9.13,14.22,5,71.1,45.65,25.45,1320,7.1
TXN-10308,2025-01-17,CUST-0121,32,Female,Regular,Electronics,USB Drive,123.53,158.32,1,158.32,123.53,34.79,1727,8.2
TXN-13455,2025-01-17,CUST-0158,36,Male,Silver,Groceries,Chicken,14.09,25.57,1,25.57,14.09,11.48,1736,5.7
TXN-11560,2025-01-17,CUST-0970,36,Female,Silver,Clothing,Jacket,3.47,6.87,5,34.35,17.35,17.0,1436,8.6
TXN-12704,2025-01-17,CUST-0593,41,Female,Silver,Clothing,Jacket,3.47,6.87,4,27.48,13.88,13.6,1306,7.5
TXN-14142,2025-01-17,CUST-0819,50,Male,Silver,Groceries,Apples,18.31,24.59,4,98.36,73.24,25.12,1420,7.2
TXN-14799,2025-01-17,CUST-0585,22,Male,Regular,Electronics,Mouse,41.17,78.14,1,78.14,41.17,36.97,968,6.2
TXN-11121,2025-01-18,CUST-0125,40,Other,Silver,Clothing,Jacket,3.47,6.87,3,20.61,10.41,10.2,1463,4.0
TXN-12117,2025-01-18,CUST-0269,47,Male,Silver,Groceries,Eggs,28.33,56.24,2,112.48,56.66,55.82,1556,3.6
TXN-10846,2025-01-18,CUST-0001,22,Female,Regular,Beauty & Health,Soap,11.95,23.02,1,23.02,11.95,11.07,1064,6.1
TXN-13738,2025-01-18,CUST-0519,24,Female,Silver,Electronics,Mouse,41.17,78.14,1,78.14,41.17,36.97,1052,4.9
TXN-13323,2025-01-18,CUST-0929,26,Female,Regular,Beauty & Health,Vitamins,4.16,7.52,1,7.52,4.16,3.36,1084,7.8
TXN-10691,2025-01-18,CUST-0192,32,Female,Regular,Groceries,Apples,18.31,24.59,2,49.18,36.62,12.56,1705,4.4
TXN-14030,2025-01-18,CUST-0070,41,Male,Silver,Beauty & Health,Soap,11.95,23.02,1,23.02,11.95,11.07,873,5.8
TXN-11825,2025-01-18,CUST-0740,35,Male,Silver,Clothing,Socks,46.78,72.77,1,72.77,46.78,25.99,1180,5.2
TXN-14058,2025-01-18,CUST-0385,42,Female,Regular,Groceries,Cereal,40.44,66.69,1,66.69,40.44,26.25,450,4.0
TXN-10163,2025-01-18,CUST-0245,36,Male,Silver,Beauty & Health,Face Wash,9.13,14.22,2,28.44,18.26,10.18,1422,7.4
TXN-10926,2025-01-18,CUST-0573,47,Male,Silver,Clothing,Sneakers,20.09,39.7,1,39.7,20.09,19.61,716,4.2
TXN-10717,2025-01-18,CUST-0610,31,Male,Silver,Groceries,Chicken,14.09,25.57,3,76.71,42.27,34.44,1877,5.7
TXN-10843,2025-01-18,CUST-0380,45,Male,Silver,Electronics,Mouse,41.17,78.14,1,78.14,41.17,36.97,1249,3.4
TXN-10241,2025-01-18,CUST-0618,30,Male,Regular,Groceries,Chicken,14.09,25.57,2,51.14,28.18,22.96,1913,6.6
TXN-13039,2025-01-18,CUST-0399,51,Male,Regular,Home & Garden,Plant Pot,34.48,43.76,5,218.8,172.4,46.4,1586,7.2
TXN-13601,2025-01-18,CUST-0976,29,Male,Silver,Groceries,Pasta,47.29,56.99,1,56.99,47.29,9.7,1081,6.0
TXN-13254,2025-01-19,CUST-0062,32,Male,Regular,Clothing,Jacket,3.47,6.87,4,27.48,13.88,13.6,1256,8.2
TXN-14000,2025-01-19,CUST-0174,43,Female,Gold,Groceries,Apples,18.31,24.59,1,24.59,18.31,6.28,1438,8.4
TXN-10937,2025-01-19,CUST-0010,27,Male,Silver,Clothing,Sneakers,20.09,39.7,1,39.7,20.09,19.61,712,4.7
TXN-13422,2025-01-19,CUST-0558,28,Male,Regular,Beauty & Health,Shampoo,25.11,45.77,1,45.77,25.11,20.66,801,5.2
TXN-10998,2025-01-19,CUST-0750,58,Male,Silver,Electronics,Keyboard,107.66,156.53,2,313.06,215.32,97.74,809,7.6
TXN-11558,2025-01-19,CUST-0371,40,Male,Silver,Groceries,Bread,45.02,60.28,1,60.28,45.02,15.26,908,5.4
TXN-14583,2025-01-19,CUST-0910,24,Male,Silver,Clothing,Hat,3.72,6.93,2,13.86,7.44,6.42,515,7.2
TXN-10284,2025-01-19,CUST-0376,22,Female,Regular,Electronics,Smartwatch,34.96,50.62,2,101.24,69.92,31.32,993,5.0
TXN-11539,2025-01-19,CUST-0961,32,Female,Regular,Beauty & Health,Shampoo,25.11,45.77,3,137.31,75.33,61.98,967,7.7
TXN-14579,2025-01-20,CUST-0548,63,Female,Regular,Home & Garden,Plant Pot,34.48,43.76,5,218.8,172.4,46.4,1446,7.9
TXN-14278,2025-01-20,CUST-0202,48,Male,Regular,Home & Garden,Lamp,30.34,59.03,2,118.06,60.68,57.38,629,5.3
TXN-14165,2025-01-20,CUST-0598,34,Female,Regular,Clothing,Jacket,3.47,6.87,2,13.74,6.94,6.8,1188,4.3
TXN-14412,2025-01-20,CUST-0942,28,Female,Regular,Clothing,Hat,3.72,6.93,10,69.3,37.2,32.1,526,7.7
TXN-12517,2025-01-20,CUST-0279,50,Male,Silver,Groceries,Milk,32.13,59.75,1,59.75,32.13,27.62,1032,6.6
TXN-11389,2025-01-20,CUST-0729,41,Male,Silver,Electronics,Keyboard,107.66,156.53,2,313.06,215.32,97.74,777,6.0
TXN-11826,2025-01-20,CUST-0481,28,Male,Silver,Groceries,Pasta,47.29,56.99,1,56.99,47.29,9.7,1176,3.8
TXN-13760,2025-01-20,CUST-0935,47,Female,Silver,Home & Garden,Frying Pan,11.59,15.48,4,61.92,46.36,15.56,1599,6.9
TXN-14531,2025-01-20,CUST-0982,29,Male,Regular,Groceries,Cereal,40.44,66.69,1,66.69,40.44,26.25,422,7.9
TXN-12765,2025-01-20,CUST-0516,39,Female,Gold,Groceries,Eggs,28.33,56.24,1,56.24,28.33,27.91,1504,5.0
TXN-10307,2025-01-20,CUST-0441,38,Female,Gold,Electronics,Keyboard,107.66,156.53,1,156.53,107.66,48.87,853,5.1
TXN-12679,2025-01-20,CUST-0800,22,Male,Regular,Electronics,Smartwatch,34.96,50.62,1,50.62,34.96,15.66,837,5.3
TXN-12169,2025-01-20,CUST-0708,29,Female,Regular,Beauty & Health,Vitamins,4.16,7.52,1,7.52,4.16,3.36,1163,6.6
TXN-12707,2025-01-21,CUST-0613,46,Male,Silver,Groceries,Chicken,14.09,25.57,1,25.57,14.09,11.48,1770,4.9
TXN-11820,2025-01-21,CUST-0222,52,Male,Regular,Home & Garden,Mug,5.57,9.8,1,9.8,5.57,4.23,775,6.7
TXN-13328,2025-01-21,CUST-0965,48,Male,Regular,Clothing,T-Shirt,49.29,89.1,1,89.1,49.29,39.81,462,4.2
TXN-10866,2025-01-21,CUST-0548,44,Male,Regular,Groceries,Eggs,28.33,56.24,1,56.24,28.33,27.91,1630,4.5
TXN-11508,2025-01-21,CUST-0950,29,Female,Regular,Groceries,Milk,32.13,59.75,1,59.75,32.13,27.62,1111,6.0
TXN-12282,2025-01-21,CUST-0680,25,Female,Silver,Home & Garden,Bed Sheets,41.27,74.29,1,74.29,41.27,33.02,1673,6.7
TXN-11474,2025-01-21,CUST-0060,20,Female,Regular,Beauty & Health,Soap,11.95,23.02,10,230.2,119.5,110.7,1011,8.1
TXN-12586,2025-01-21,CUST-0496,35,Female,Regular,Home & Garden,Frying Pan,11.59,15.48,1,15.48,11.59,3.89,1677,7.4
TXN-11470,2025-01-21,CUST-0619,31,Male,Gold,Groceries,Milk,32.13,59.75,1,59.75,32.13,27.62,1116,7.3
TXN-12333,2025-01-21,CUST-0968,38,Male,Silver,Electronics,Charger,85.78,132.44,1,132.44,85.78,46.66,606,5.4
TXN-10221,2025-01-21,CUST-0584,19,Male,Silver,Groceries,Milk,32.13,59.75,1,59.75,32.13,27.62,1180,8.3
TXN-11600,2025-01-21,CUST-0465,18,Female,Regular,Beauty & Health,Toothpaste,36.38,71.18,3,213.54,109.14,104.4,738,4.8
TXN-12315,2025-01-21,CUST-0790,38,Male,Regular,Home & Garden,Plant Pot,34.48,43.76,1,43.76,34.48,9.28,1642,6.5
TXN-10316,2025-01-21,CUST-0629,25,Female,Silver,Groceries,Eggs,28.33,56.24,1,56.24,28.33,27.91,1684,5.3
TXN-11921,2025-01-21,CUST-0836,44,Female,Regular,Beauty & Health,Vitamins,4.16,7.52,10,75.2,41.6,33.6,1188,6.1
TXN-13678,2025-01-22,CUST-0091,43,Male,Silver,Electronics,Mouse,41.17,78.14,2,156.28,82.34,73.94,1054,5.8
TXN-14148,2025-01-22,CUST-0223,38,Male,Regular,Home & Garden,Lamp,30.34,59.03,1,59.03,30.34,28.69,640,8.3
TXN-12860,2025-01-22,CUST-0009,35,Female,Regular,Groceries,Pasta,47.29,56.99,2,113.98,94.58,19.4,1129,4.9
TXN-11881,2025-01-22,CUST-0656,18,Female,Regular,Electronics,USB Drive,123.53,158.32,1,158.32,123.53,34.79,1628,7.3
TXN-13290,2025-01-22,CUST-0270,23,Female,Silver,Groceries,Pasta,47.29,56.99,1,56.99,47.29,9.7,1096,7.9
TXN-11216,2025-01-22,CUST-0753,18,Female,Regular,Clothing,Sneakers,20.09,39.7,5,198.5,100.45,98.05,675,6.9
TXN-14520,2025-01-22,CUST-0382,27,Female,Silver,Groceries,Milk,32.13,59.75,3,179.25,96.39,82.86,908,4.7
TXN-14388,2025-01-22,CUST-0003,56,Male,Silver,Home & Garden,Frying Pan,11.59,15.48,1,15.48,11.59,3.89,1509,5.7
TXN-10256,2025-01-22,CUST-0868,45,Female,Gold,Clothing,Socks,46.78,72.77,2,145.54,93.56,51.98,1284,7.7
TXN-14464,2025-01-22,CUST-0666,56,Female,Regular,Clothing,Jacket,3.47,6.87,3,20.61,10.41,10.2,1163,6.2
TXN-11477,2025-01-22,CUST-0402,34,Female,Regular,Clothing,Socks,46.78,72.77,1,72.77,46.78,25.99,1196,7.5
TXN-10441,2025-01-22,CUST-0083,26,Male,Regular,Groceries,Rice,16.47,23.64,5,118.2,82.35,35.85,473,8.1
TXN-13944,2025-01-22,CUST-0690,20,Female,Gold,Groceries,Apples,18.31,24.59,1,24.59,18.31,6.28,1440,7.9
TXN-12164,2025-01-22,CUST-0045,22,Male,Regular,Groceries,Milk,32.13,59.75,1,59.75,32.13,27.62,1061,6.5
TXN-10448,2025-01-23,CUST-0476,18,Female,Regular,Groceries,Rice,16.47,23.64,10,236.4,164.7,71.7,463,5.4
TXN-11323,2025-01-23,CUST-0645,18,Male,Regular,Electronics,Keyboard,107.66,156.53,1,156.53,107.66,48.87,785,6.7
TXN-10506,2025-01-23,CUST-0305,43,Female,Regular,Electronics,USB Drive,123.53,158.32,1,158.32,123.53,34.79,1718,6.3
TXN-11938,2025-01-23,CUST-0908,26,Female,Regular,Groceries,Rice,16.47,23.64,10,236.4,164.7,71.7,337,5.3
TXN-14070,2025-01-23,CUST-0122,50,Male,Regular,Groceries,Milk,32.13,59.75,2,119.5,64.26,55.24,948,5.9
TXN-13380,2025-01-23,CUST-0951,43,Male,Regular,Groceries,Apples,18.31,24.59,1,24.59,18.31,6.28,1494,6.1
TXN-11174,2025-01-23,CUST-0862,18,Male,Silver,Clothing,T-Shirt,49.29,89.1,2,178.2,98.58,79.62,614,6.4
TXN-10929,2025-01-23,CUST-0830,22,Female,Gold,Electronics,Smartwatch,34.96,50.62,2,101.24,69.92,31.32,946,8.0
TXN-11061,2025-01-23,CUST-0113,21,Male,Regular,Groceries,Eggs,28.33,56.24,2,112.48,56.66,55.82,1622,7.9
TXN-13397,2025-01-23,CUST-0229,20,Male,Regular,Clothing,Jeans,45.05,74.05,4,296.2,180.2,116.0,1461,7.4
TXN-13405,2025-01-23,CUST-0957,18,Female,Silver,Clothing,T-Shirt,49.29,89.1,1,89.1,49.29,39.81,455,5.1
TXN-13923,2025-01-23,CUST-0755,40,Female,Regular,Home & Garden,Towel,36.45,51.3,2,102.6,72.9,29.7,698,5.0
TXN-13317,2025-01-23,CUST-0907,31,Female,Silver,Beauty & Health,Vitamins,4.16,7.52,1,7.52,4.16,3.36,1085,7.5
TXN-13293,2025-01-23,CUST-0555,26,Male,Regular,Home & Garden,Frying Pan,11.59,15.48,1,15.48,11.59,3.89,1633,5.2
TXN-14308,2025-01-23,CUST-0257,18,Female,Regular,Home & Garden,Lamp,30.34,59.03,3,177.09,91.02,86.07,617,5.1
TXN-14170,2025-01-23,CUST-0388,44,Female,Regular,Electronics,Keyboard,107.66,156.53,1,156.53,107.66,48.87,574,7.7
TXN-11106,2025-01-24,CUST-0846,42,Male,Silver,Home & Garden,Mug,5.57,9.8,4,39.2,22.28,16.92,827,6.8
TXN-14485,2025-01-24,CUST-0703,18,Male,Silver,Groceries,Chicken,14.09,25.57,5,127.85,70.45,57.4,1649,6.7
TXN-12188,2025-01-24,CUST-0379,27,Male,Silver,Beauty & Health,Vitamins,4.16,7.52,2,15.04,8.32,6.72,1161,5.8
TXN-14103,2025-01-24,CUST-0854,30,Male,Silver,Clothing,Jeans,45.05,74.05,1,74.05,45.05,29.0,1395,5.3
TXN-11448,2025-01-24,CUST-0838,28,Female,Regular,Home & Garden,Frying Pan,11.59,15.48,1,15.48,11.59,3.89,1740,4.3
TXN-12103,2025-01-24,CUST-0907,18,Male,Regular,Home & Garden,Frying Pan,11.59,15.48,1,15.48,11.59,3.89,1696,7.6
TXN-14574,2025-01-24,CUST-0859,28,Male,Regular,Electronics,Smartwatch,34.96,50.62,1,50.62,34.96,15.66,650,7.6
TXN-11529,2025-01-24,CUST-0103,29,Female,Regular,Groceries,Cereal,40.44,66.69,2,133.38,80.88,52.5,647,4.5
TXN-10960,2025-01-24,CUST-0240,39,Female,Silver,Clothing,Socks,46.78,72.77,1,72.77,46.78,25.99,1243,6.9
TXN-13616,2025-01-24,CUST-0171,39,Male,Regular,Groceries,Bread,45.02,60.28,10,602.8,450.2,152.6,679,8.5
TXN-14089,2025-01-24,CUST-0147,41,Female,Regular,Home & Garden,Towel,36.45,51.3,1,51.3,36.45,14.85,692,8.2
TXN-13203,2025-01-24,CUST-0634,40,Male,Regular,Groceries,Bread,45.02,60.28,1,60.28,45.02,15.26,750,4.5
TXN-10120,2025-01-24,CUST-0398,42,Female,Regular,Groceries,Apples,18.31,24.59,1,24.59,18.31,6.28,1760,7.0
TXN-12784,2025-01-24,CUST-0788,47,Male,Regular,Electronics,Headphones,49.93,84.43,1,84.43,49.93,34.5,1148,6.6
TXN-12996,2025-01-24,CUST-0469,44,Male,Silver,Groceries,Milk,32.13,59.75,3,179.25,96.39,82.86,1002,4.4
TXN-13880,2025-01-24,CUST-0207,27,Female,Regular,Electronics,Smartwatch,34.96,50.62,2,101.24,69.92,31.32,724,5.0
TXN-14824,2025-01-25,CUST-0943,37,Female,Silver,Home & Garden,Mug,5.57,9.8,1,9.8,5.57,4.23,527,4.6
TXN-13298,2025-01-25,CUST-0181,30,Female,Silver,Groceries,Cereal,40.44,66.69,2,133.38,80.88,52.5,509,7.3
TXN-14290,2025-01-25,CUST-0551,31,Female,Regular,Electronics,USB Drive,123.53,158.32,4,633.28,494.12,139.16,1432,8.1
TXN-12232,2025-01-25,CUST-0783,54,Female,Silver,Electronics,Headphones,49.93,84.43,1,84.43,49.93,34.5,1190,6.9
TXN-12523,2025-01-25,CUST-0778,43,Female,Silver,Beauty & Health,Lotion,8.66,15.35,1,15.35,8.66,6.69,988,6.3
TXN-13825,2025-01-25,CUST-0282,44,Male,Regular,Beauty & Health,Vitamins,4.16,7.52,1,7.52,4.16,3.36,1053,6.6
TXN-13284,2025-01-25,CUST-0217,48,Male,Silver,Electronics,Headphones,49.93,84.43,4,337.72,199.72,138.0,1103,8.6
TXN-12998,2025-01-25,CUST-0732,43,Male,Regular,Groceries,Rice,16.47,23.64,2,47.28,32.94,14.34,265,4.6
TXN-13814,2025-01-25,CUST-0526,31,Female,Silver,Clothing,Jeans,45.05,74.05,3,222.15,135.15,87.0,1413,3.8
TXN-10822,2025-01-25,CUST-0308,21,Female,Regular,Home & Garden,Bed Sheets,41.27,74.29,1,74.29,41.27,33.02,1785,8.3
TXN-13566,2025-01-25,CUST-0568,46,Male,Regular,Home & Garden,Bed Sheets,41.27,74.29,1,74.29,41.27,33.02,1566,4.9
TXN-12634,2025-01-25,CUST-0493,45,Male,Regular,Clothing,Sneakers,20.09,39.7,3,119.1,60.27,58.83,599,6.8
TXN-13630,2025-01-25,CUST-0037,37,Male,Regular,Electronics,Smartwatch,34.96,50.62,4,202.48,139.84,62.64,746,5.6
TXN-12317,2025-01-25,CUST-0908,37,Male,Gold,Electronics,Headphones,49.93,84.43,1,84.43,49.93,34.5,1183,5.8
TXN-13609,2025-01-25,CUST-0369,46,Male,Regular,Clothing,Sneakers,20.09,39.7,1,39.7,20.09,19.61,540,5.3
TXN-10724,2025-01-25,CUST-0343,18,Male,Regular,Groceries,Cereal,40.44,66.69,5,333.45,202.2,131.25,723,7.6
TXN-11688,2025-01-25,CUST-0247,43,Female,Regular,Electronics,Headphones,49.93,84.43,4,337.72,199.72,138.0,1219,4.6
TXN-12362,2025-01-25,CUST-0828,46,Male,Regular,Groceries,Eggs,28.33,56.24,10,562.4,283.3,279.1,1522,8.5
TXN-12022,2025-01-25,CUST-0774,49,Male,Regular,Electronics,Smartwatch,34.96,50.62,1,50.62,34.96,15.66,861,3.9
TXN-12093,2025-01-25,CUST-0625,44,Male,Regular,Groceries,Cereal,40.44,66.69,1,66.69,40.44,26.25,616,6.3
TXN-11293,2025-01-25,CUST-0901,18,Male,Silver,Home & Garden,Mug,5.57,9.8,2,19.6,11.14,8.46,799,7.7
TXN-11007,2025-01-26,CUST-0225,29,Female,Regular,Home & Garden,Towel,36.45,51.3,2,102.6,72.9,29.7,912,5.7
TXN-12154,2025-01-26,CUST-0226,22,Male,Silver,Clothing,Sneakers,20.09,39.7,1,39.7,20.09,19.61,632,5.5
TXN-10957,2025-01-26,CUST-0603,36,Male,Silver,Electronics,Mouse,41.17,78.14,1,78.14,41.17,36.97,1239,8.4
TXN-11217,2025-01-26,CUST-0084,20,Other,Silver,Home & Garden,Towel,36.45,51.3,1,51.3,36.45,14.85,900,4.6
TXN-14741,2025-01-26,CUST-0824,31,Male,Silver,Electronics,Mouse,41.17,78.14,4,312.56,164.68,147.88,979,6.8
TXN-13688,2025-01-26,CUST-0985,18,Male,Silver,Beauty & Health,Face Wash,9.13,14.22,1,14.22,9.13,5.09,1139,4.6
TXN-10226,2025-01-26,CUST-0992,18,Male,Silver,Clothing,Socks,46.78,72.77,3,218.31,140.34,77.97,1287,6.1
TXN-10262,2025-01-26,CUST-0583,29,Male,Gold,Groceries,Chicken,14.09,25.57,1,25.57,14.09,11.48,1912,7.7
TXN-14605,2025-01-26,CUST-0954,40,Female,Regular,Beauty & Health,Shampoo,25.11,45.77,1,45.77,25.11,20.66,722,3.1
TXN-10844,2025-01-26,CUST-0683,18,Female,Regular,Groceries,Cereal,40.44,66.69,2,133.38,80.88,52.5,700,5.9
TXN-13398,2025-01-26,CUST-0829,38,Female,Regular,Beauty & Health,Soap,11.95,23.02,2,46.04,23.9,22.14,905,5.5
TXN-13025,2025-01-26,CUST-0981,41,Male,Silver,Groceries,Rice,16.47,23.64,10,236.4,164.7,71.7,254,4.2
TXN-13135,2025-01-26,CUST-0706,44,Female,Regular,Groceries,Eggs,28.33,56.24,2,112.48,56.66,55.82,1475,4.1
TXN-14418,2025-01-26,CUST-0071,29,Female,Silver,Beauty & Health,Toothpaste,36.38,71.18,1,71.18,36.38,34.8,527,8.4
TXN-13056,2025-01-26,CUST-0616,37,Female,Regular,Electronics,Keyboard,107.66,156.53,1,156.53,107.66,48.87,672,5.2
TXN-14088,2025-01-26,CUST-0336,44,Male,Regular,Clothing,Jacket,3.47,6.87,1,6.87,3.47,3.4,1191,5.5
TXN-10289,2025-01-27,CUST-0269,47,Male,Regular,Clothing,Sneakers,20.09,39.7,1,39.7,20.09,19.61,760,7.3
TXN-12489,2025-01-27,CUST-0919,23,Female,Regular,Groceries,Cereal,40.44,66.69,3,200.07,121.32,78.75,593,5.9
TXN-11032,2025-01-27,CUST-0684,26,Male,Gold,Clothing,Socks,46.78,72.77,10,727.7,467.8,259.9,1228,8.7
TXN-14123,2025-01-27,CUST-0074,36,Male,Regular,Beauty & Health,Toothpaste,36.38,71.18,4,284.72,145.52,139.2,539,7.1
TXN-11842,2025-01-27,CUST-0638,33,Male,Regular,Electronics,Smartwatch,34.96,50.62,1,50.62,34.96,15.66,870,3.8
TXN-11487,2025-01-27,CUST-0947,44,Male,Regular,Electronics,Mouse,41.17,78.14,1,78.14,41.17,36.97,1192,5.6
TXN-10093,2025-01-27,CUST-0501,55,Female,Regular,Groceries,Chicken,14.09,25.57,2,51.14,28.18,22.96,1919,5.3
TXN-12058,2025-01-27,CUST-0868,28,Female,Gold,Groceries,Rice,16.47,23.64,5,118.2,82.35,35.85,328,7.1
TXN-10071,2025-01-27,CUST-0797,37,Female,Regular,Beauty & Health,Vitamins,4.16,7.52,1,7.52,4.16,3.36,1349,7.0
TXN-10351,2025-01-27,CUST-0570,30,Female,Regular,Home & Garden,Plant Pot,34.48,43.76,3,131.28,103.44,27.84,1808,5.0
TXN-13848,2025-01-27,CUST-0371,44,Male,Gold,Beauty & Health,Soap,11.95,23.02,4,92.08,47.8,44.28,881,10.0
TXN-13565,2025-01-27,CUST-0424,33,Female,Gold,Home & Garden,Bed Sheets,41.27,74.29,1,74.29,41.27,33.02,1567,8.6
TXN-12061,2025-01-28,CUST-0483,56,Male,Regular,Home & Garden,Lamp,30.34,59.03,1,59.03,30.34,28.69,825,7.0
TXN-13221,2025-01-28,CUST-0499,25,Male,Regular,Groceries,Pasta,47.29,56.99,2,113.98,94.58,19.4,1098,6.5
TXN-10797,2025-01-28,CUST-0680,39,Male,Silver,Beauty & Health,Toothpaste,36.38,71.18,1,71.18,36.38,34.8,800,6.0
TXN-11472,2025-01-28,CUST-0021,39,Female,Silver,Beauty & Health,Soap,11.95,23.02,1,23.02,11.95,11.07,1021,7.5
TXN-10032,2025-01-28,CUST-0435,34,Male,Regular,Home & Garden,Bed Sheets,41.27,74.29,2,148.58,82.54,66.04,1853,5.9
TXN-14812,2025-01-28,CUST-0577,19,Female,Regular,Groceries,Eggs,28.33,56.24,2,112.48,56.66,55.82,1356,6.2
TXN-10578,2025-01-28,CUST-0469,18,Female,Silver,Groceries,Cereal,40.44,66.69,4,266.76,161.76,105.0,735,4.9
TXN-13038,2025-01-28,CUST-0875,36,Female,Regular,Groceries,Chicken,14.09,25.57,5,127.85,70.45,57.4,1751,4.8
TXN-11571,2025-01-28,CUST-0963,29,Male,Regular,Clothing,Jacket,3.47,6.87,1,6.87,3.47,3.4,1435,5.8
TXN-10158,2025-01-28,CUST-0841,28,Male,Silver,Clothing,Socks,46.78,72.77,1,72.77,46.78,25.99,1293,7.4
TXN-14228,2025-01-28,CUST-0525,46,Male,Silver,Home & Garden,Frying Pan,11.59,15.48,1,15.48,11.59,3.89,1525,7.9
TXN-11595,2025-01-28,CUST-0287,23,Male,Regular,Clothing,T-Shirt,49.29,89.1,1,89.1,49.29,39.81,585,4.1
TXN-11281,2025-01-28,CUST-0626,31,Male,Silver,Groceries,Milk,32.13,59.75,1,59.75,32.13,27.62,1128,3.7
TXN-14745,2025-01-28,CUST-0569,57,Female,Silver,Beauty & Health,Lotion,8.66,15.35,1,15.35,8.66,6.69,891,5.2
TXN-14039,2025-01-28,CUST-0381,24,Male,Silver,Electronics,Charger,85.78,132.44,2,264.88,171.56,93.32,468,7.5
TXN-12436,2025-01-28,CUST-0819,32,Male,Regular,Home & Garden,Plant Pot,34.48,43.76,2,87.52,68.96,18.56,1638,5.0
TXN-12129,2025-01-28,CUST-0902,43,Female,Regular,Beauty & Health,Face Wash,9.13,14.22,10,142.2,91.3,50.9,1281,9.3
TXN-14232,2025-01-28,CUST-0076,52,Female,Regular,Electronics,Smartwatch,34.96,50.62,2,101.24,69.92,31.32,697,4.3
TXN-13334,2025-01-29,CUST-0745,43,Female,Regular,Home & Garden,Mug,5.57,9.8,2,19.6,11.14,8.46,662,5.5
TXN-12625,2025-01-29,CUST-0134,50,Male,Silver,Clothing,Sneakers,20.09,39.7,3,119.1,60.27,58.83,602,7.6
TXN-14518,2025-01-29,CUST-0783,30,Female,Regular,Home & Garden,Lamp,30.34,59.03,2,118.06,60.68,57.38,599,3.6
TXN-14927,2025-01-29,CUST-0328,26,Male,Silver,Beauty & Health,Toothpaste,36.38,71.18,10,711.8,363.8,348.0,456,8.9
TXN-11147,2025-01-29,CUST-0832,22,Male,Gold,Groceries,Cereal,40.44,66.69,4,266.76,161.76,105.0,679,7.2
TXN-11759,2025-01-29,CUST-0832,41,Female,Regular,Clothing,T-Shirt,49.29,89.1,2,178.2,98.58,79.62,572,6.2
TXN-13694,2025-01-29,CUST-0102,30,Female,Gold,Clothing,Socks,46.78,72.77,1,72.77,46.78,25.99,1020,6.5
TXN-10209,2025-01-29,CUST-0051,34,Female,Regular,Groceries,Bread,45.02,60.28,2,120.56,90.04,30.52,995,5.0
TXN-14167,2025-01-29,CUST-0486,18,Male,Silver,Electronics,Keyboard,107.66,156.53,1,156.53,107.66,48.87,575,5.9
TXN-11720,2025-01-29,CUST-0896,42,Female,Gold,Groceries,Milk,32.13,59.75,2,119.5,64.26,55.24,1097,7.1
TXN-12065,2025-01-29,CUST-0643,35,Female,Regular,Groceries,Cereal,40.44,66.69,1,66.69,40.44,26.25,617,6.5
TXN-11149,2025-01-29,CUST-0243,39,Female,Regular,Clothing,T-Shirt,49.29,89.1,1,89.1,49.29,39.81,630,4.4
TXN-12510,2025-01-29,CUST-0185,26,Other,Regular,Home & Garden,Mug,5.57,9.8,1,9.8,5.57,4.23,723,6.8
TXN-14229,2025-01-30,CUST-0678,18,Female,Regular,Home & Garden,Mug,5.57,9.8,1,9.8,5.57,4.23,596,5.3
TXN-11015,2025-01-30,CUST-0612,37,Female,Regular,Beauty & Health,Toothpaste,36.38,71.18,10,711.8,363.8,348.0,779,9.7
TXN-14597,2025-01-30,CUST-0356,31,Other,Regular,Electronics,Keyboard,107.66,156.53,3,469.59,322.98,146.61,535,5.1
TXN-11358,2025-01-30,CUST-0566,43,Female,Silver,Electronics,USB Drive,123.53,158.32,1,158.32,123.53,34.79,1659,8.9
TXN-10112,2025-01-30,CUST-0406,23,Female,Silver,Home & Garden,Lamp,30.34,59.03,1,59.03,30.34,28.69,986,5.3
TXN-11787,2025-01-30,CUST-0115,34,Male,Silver,Beauty & Health,Vitamins,4.16,7.52,4,30.08,16.64,13.44,1215,5.6
TXN-12513,2025-01-30,CUST-0042,49,Male,Silver,Beauty & Health,Toothpaste,36.38,71.18,1,71.18,36.38,34.8,658,6.7
TXN-13559,2025-01-30,CUST-0146,37,Female,Regular,Groceries,Apples,18.31,24.59,1,24.59,18.31,6.28,1474,8.1
TXN-12441,2025-01-30,CUST-0300,25,Male,Silver,Groceries,Milk,32.13,59.75,1,59.75,32.13,27.62,1038,6.8
TXN-12764,2025-01-31,CUST-0736,45,Female,Silver,Electronics,Charger,85.78,132.44,1,132.44,85.78,46.66,573,5.0
TXN-14027,2025-01-31,CUST-0361,50,Male,Silver,Beauty & Health,Toothpaste,36.38,71.18,4,284.72,145.52,139.2,543,7.7
TXN-12222,2025-01-31,CUST-0890,24,Male,Regular,Clothing,Jacket,3.47,6.87,1,6.87,3.47,3.4,1358,4.3
TXN-14872,2025-01-31,CUST-0098,38,Female,Silver,Clothing,Hat,3.72,6.93,1,6.93,3.72,3.21,500,8.1
TXN-13629,2025-01-31,CUST-0006,50,Female,Gold,Clothing,Sneakers,20.09,39.7,2,79.4,40.18,39.22,538,9.3
TXN-12004,2025-01-31,CUST-0748,36,Female,Silver,Groceries,Apples,18.31,24.59,4,98.36,73.24,25.12,1588,6.1
TXN-10214,2025-01-31,CUST-0002,25,Female,Silver,Clothing,Hat,3.72,6.93,2,13.86,7.44,6.42,821,4.9
TXN-10237,2025-02-01,CUST-0231,47,Male,Regular,Home & Garden,Towel,36.45,51.3,10,513.0,364.5,148.5,989,8.2
TXN-11873,2025-02-01,CUST-0942,20,Female,Gold,Home & Garden,Towel,36.45,51.3,1,51.3,36.45,14.85,853,8.1
TXN-14813,2025-02-01,CUST-0432,40,Male,Silver,Home & Garden,Mug,5.57,9.8,4,39.2,22.28,16.92,528,6.2
TXN-14735,2025-02-01,CUST-0215,18,Male,Regular,Home & Garden,Lamp,30.34,59.03,4,236.12,121.36,114.76,583,8.6
TXN-13527,2025-02-01,CUST-0048,43,Male,Gold,Home & Garden,Frying Pan,11.59,15.48,5,77.4,57.95,19.45,1612,8.5
TXN-10049,2025-02-01,CUST-0529,39,Male,Regular,Electronics,Charger,85.78,132.44,1,132.44,85.78,46.66,761,3.3
TXN-10276,2025-02-01,CUST-0579,42,Male,Regular,Home & Garden,Frying Pan,11.59,15.48,2,30.96,23.18,7.78,1833,4.3
TXN-11321,2025-02-01,CUST-0788,41,Female,Regular,Clothing,Sneakers,20.09,39.7,2,79.4,40.18,39.22,669,5.9
TXN-13508,2025-02-01,CUST-0943,29,Male,Silver,Home & Garden,Bed Sheets,41.27,74.29,2,148.58,82.54,66.04,1569,6.1
TXN-11364,2025-02-01,CUST-0056,19,Female,Regular,Electronics,Smartwatch,34.96,50.62,10,506.2,349.6,156.6,897,8.7
TXN-11403,2025-02-01,CUST-0336,41,Female,Gold,Groceries,Milk,32.13,59.75,1,59.75,32.13,27.62,1121,6.3
TXN-14937,2025-02-01,CUST-0051,36,Male,Silver,Groceries,Chicken,14.09,25.57,4,102.28,56.36,45.92,1597,7.1
TXN-10891,2025-02-02,CUST-0686,57,Male,Regular,Clothing,Jacket,3.47,6.87,4,27.48,13.88,13.6,1476,7.0
TXN-14243,2025-02-02,CUST-0962,26,Male,Silver,Home & Garden,Bed Sheets,41.27,74.29,3,222.87,123.81,99.06,1499,6.8
TXN-13832,2025-02-02,CUST-0638,24,Female,Regular,Clothing,Socks,46.78,72.77,3,218.31,140.34,77.97,1008,4.2
TXN-13617,2025-02-02,CUST-0193,18,Other,Regular,Beauty & Health,Vitamins,4.16,7.52,4,30.08,16.64,13.44,1057,6.6
TXN-13299,2025-02-02,CUST-0130,50,Male,Regular,Home & Garden,Lamp,30.34,59.03,3,177.09,91.02,86.07,707,8.2
TXN-14395,2025-02-02,CUST-0448,28,Male,Silver,Groceries,Bread,45.02,60.28,5,301.4,225.1,76.3,625,6.6
TXN-12913,2025-02-02,CUST-0251,46,Female,Regular,Clothing,Jeans,45.05,74.05,1,74.05,45.05,29.0,1506,7.8
TXN-14730,2025-02-02,CUST-0248,31,Male,Silver,Home & Garden,Mug,5.57,9.8,4,39.2,22.28,16.92,537,5.3
TXN-12284,2025-02-02,CUST-0501,26,Female,Regular,Home & Garden,Towel,36.45,51.3,1,51.3,36.45,14.85,824,4.6
TXN-14028,2025-02-02,CUST-0666,49,Other,Silver,Groceries,Pasta,47.29,56.99,2,113.98,94.58,19.4,1054,4.0
TXN-10468,2025-02-03,CUST-0917,28,Female,Silver,Beauty & Health,Vitamins,4.16,7.52,1,7.52,4.16,3.36,1326,8.3
TXN-10722,2025-02-03,CUST-0242,59,Female,Silver,Home & Garden,Mug,5.57,9.8,1,9.8,5.57,4.23,843,4.7
TXN-12457,2025-02-03,CUST-0515,45,Other,Silver,Home & Garden,Lamp,30.34,59.03,10,590.3,303.4,286.9,783,6.5
TXN-12700,2025-02-03,CUST-0133,47,Female,Silver,Clothing,Jacket,3.47,6.87,1,6.87,3.47,3.4,1312,7.1
TXN-10864,2025-02-03,CUST-0998,31,Male,Regular,Home & Garden,Lamp,30.34,59.03,2,118.06,60.68,57.38,927,3.9
TXN-14010,2025-02-03,CUST-0711,28,Male,Regular,Clothing,Jeans,45.05,74.05,1,74.05,45.05,29.0,1403,4.6
TXN-10697,2025-02-03,CUST-0638,45,Male,Regular,Electronics,USB Drive,123.53,158.32,3,474.96,370.59,104.37,1685,4.6
TXN-10912,2025-02-03,CUST-0409,38,Male,Silver,Beauty & Health,Toothpaste,36.38,71.18,1,71.18,36.38,34.8,794,8.3
TXN-11644,2025-02-03,CUST-0022,37,Female,Regular,Clothing,Sneakers,20.09,39.7,2,79.4,40.18,39.22,659,8.0
TXN-13957,2025-02-03,CUST-0610,46,Female,Silver,Home & Garden,Lamp,30.34,59.03,1,59.03,30.34,28.69,654,7.2
TXN-13762,2025-02-03,CUST-0784,21,Female,Regular,Groceries,Pasta,47.29,56.99,1,56.99,47.29,9.7,1072,6.7
TXN-10567,2025-02-04,CUST-0943,32,Female,Regular,Beauty & Health,Lotion,8.66,15.35,10,153.5,86.6,66.9,1099,5.9
TXN-13229,2025-02-04,CUST-0598,31,Male,Regular,Beauty & Health,Shampoo,25.11,45.77,1,45.77,25.11,20.66,822,7.6
TXN-14387,2025-02-04,CUST-0512,24,Female,Silver,Home & Garden,Frying Pan,11.59,15.48,3,46.44,34.77,11.67,1510,6.8
TXN-10782,2025-02-04,CUST-0801,25,Male,Silver,Groceries,Cereal,40.44,66.69,4,266.76,161.76,105.0,716,5.5
TXN-14838,2025-02-04,CUST-0190,54,Female,Silver,Beauty & Health,Lotion,8.66,15.35,1,15.35,8.66,6.69,885,4.0
TXN-11155,2025-02-04,CUST-0908,48,Male,Silver,Home & Garden,Frying Pan,11.59,15.48,10,154.8,115.9,38.9,1759,5.4
TXN-10903,2025-02-04,CUST-0356,49,Female,Silver,Clothing,Jacket,3.47,6.87,2,13.74,6.94,6.8,1474,7.5
TXN-12731,2025-02-04,CUST-0934,37,Female,Silver,Electronics,Charger,85.78,132.44,5,662.2,428.9,233.3,574,6.4
TXN-12021,2025-02-04,CUST-0157,66,Other,Silver,Clothing,Jeans,45.05,74.05,4,296.2,180.2,116.0,1576,6.3
TXN-12703,2025-02-04,CUST-0552,24,Male,Regular,Groceries,Pasta,47.29,56.99,2,113.98,94.58,19.4,1135,6.0
TXN-11054,2025-02-05,CUST-0050,30,Male,Silver,Electronics,Headphones,49.93,84.43,3,253.29,149.79,103.5,1247,3.6
TXN-14430,2025-02-05,CUST-0825,33,Female,Gold,Clothing,Hat,3.72,6.93,1,6.93,3.72,3.21,525,7.9
TXN-13101,2025-02-05,CUST-0646,42,Male,Regular,Groceries,Bread,45.02,60.28,3,180.84,135.06,45.78,775,5.2
TXN-12835,2025-02-05,CUST-0207,28,Female,Gold,Beauty & Health,Toothpaste,36.38,71.18,5,355.9,181.9,174.0,634,7.9
TXN-10863,2025-02-05,CUST-0917,19,Male,Regular,Clothing,Socks,46.78,72.77,4,291.08,187.12,103.96,1248,6.7
TXN-14837,2025-02-05,CUST-0490,31,Female,Regular,Electronics,Mouse,41.17,78.14,1,78.14,41.17,36.97,959,6.5
TXN-12569,2025-02-05,CUST-0212,73,Male,Gold,Clothing,Jacket,3.47,6.87,3,20.61,10.41,10.2,1320,9.0
TXN-11715,2025-02-05,CUST-0525,44,Female,Silver,Electronics,Smartwatch,34.96,50.62,3,151.86,104.88,46.98,874,6.9
TXN-11628,2025-02-05,CUST-0306,38,Male,Silver,Groceries,Eggs,28.33,56.24,1,56.24,28.33,27.91,1583,5.1
TXN-10013,2025-02-05,CUST-0681,56,Male,Regular,Clothing,Socks,46.78,72.77,1,72.77,46.78,25.99,1305,3.9
TXN-13161,2025-02-05,CUST-0680,54,Male,Regular,Groceries,Apples,18.31,24.59,1,24.59,18.31,6.28,1500,3.9
TXN-10841,2025-02-05,CUST-0289,26,Male,Silver,Electronics,Charger,85.78,132.44,1,132.44,85.78,46.66,710,5.5
TXN-11823,2025-02-05,CUST-0060,18,Male,Regular,Beauty & Health,Shampoo,25.11,45.77,1,45.77,25.11,20.66,942,5.8
TXN-11511,2025-02-05,CUST-0570,28,Female,Silver,Electronics,Keyboard,107.66,156.53,4,626.12,430.64,195.48,765,6.8
TXN-11699,2025-02-06,CUST-0030,18,Female,Regular,Home & Garden,Lamp,30.34,59.03,2,118.06,60.68,57.38,856,5.2
TXN-11977,2025-02-06,CUST-0791,53,Female,Regular,Beauty & Health,Shampoo,25.11,45.77,1,45.77,25.11,20.66,923,8.5
TXN-11320,2025-02-06,CUST-0235,24,Male,Regular,Clothing,Socks,46.78,72.77,1,72.77,46.78,25.99,1212,7.7
TXN-13154,2025-02-06,CUST-0326,53,Male,Silver,Home & Garden,Bed Sheets,41.27,74.29,10,742.9,412.7,330.2,1589,7.4
TXN-10047,2025-02-06,CUST-0407,56,Male,Regular,Groceries,Apples,18.31,24.59,1,24.59,18.31,6.28,1762,8.8
TXN-10288,2025-02-06,CUST-0974,42,Male,Regular,Electronics,Smartwatch,34.96,50.62,2,101.24,69.92,31.32,991,3.4
TXN-11522,2025-02-06,CUST-0643,36,Male,Silver,Home & Garden,Lamp,30.34,59.03,1,59.03,30.34,28.69,862,7.2
TXN-12245,2025-02-06,CUST-0597,30,Female,Silver,Electronics,Mouse,41.17,78.14,2,156.28,82.34,73.94,1150,5.9
TXN-13167,2025-02-06,CUST-0098,44,Female,Silver,Beauty & Health,Lotion,8.66,15.35,1,15.35,8.66,6.69,952,5.6
TXN-11843,2025-02-06,CUST-0464,18,Male,Regular,Beauty & Health,Vitamins,4.16,7.52,1,7.52,4.16,3.36,1202,3.5
TXN-14052,2025-02-06,CUST-0530,32,Male,Regular,Clothing,T-Shirt,49.29,89.1,2,178.2,98.58,79.62,425,4.5
TXN-14155,2025-02-07,CUST-0765,29,Male,Silver,Electronics,Smartwatch,34.96,50.62,3,151.86,104.88,46.98,701,6.8
TXN-13170,2025-02-07,CUST-0724,20,Other,Gold,Beauty & Health,Vitamins,4.16,7.52,1,7.52,4.16,3.36,1087,6.5
TXN-11421,2025-02-07,CUST-0440,49,Female,Silver,Beauty & Health,Lotion,8.66,15.35,2,30.7,17.32,13.38,1064,6.4
TXN-11463,2025-02-07,CUST-0996,29,Female,Regular,Beauty & Health,Vitamins,4.16,7.52,3,22.56,12.48,10.08,1247,8.0
TXN-14818,2025-02-07,CUST-0594,55,Female,Silver,Groceries,Rice,16.47,23.64,1,23.64,16.47,7.17,110,6.0
TXN-13153,2025-02-07,CUST-0894,34,Male,Regular,Electronics,Charger,85.78,132.44,1,132.44,85.78,46.66,548,6.6
TXN-12144,2025-02-08,CUST-0641,39,Female,Regular,Clothing,Jeans,45.05,74.05,4,296.2,180.2,116.0,1562,8.0
TXN-14749,2025-02-08,CUST-0180,29,Female,Regular,Groceries,Pasta,47.29,56.99,1,56.99,47.29,9.7,1014,5.9
TXN-11607,2025-02-08,CUST-0264,46,Male,Silver,Groceries,Apples,18.31,24.59,2,49.18,36.62,12.56,1618,4.5
TXN-14292,2025-02-08,CUST-0084,33,Male,Silver,Electronics,Charger,85.78,132.44,2,264.88,171.56,93.32,452,5.6
TXN-14752,2025-02-08,CUST-0034,26,Female,Regular,Groceries,Cereal,40.44,66.69,1,66.69,40.44,26.25,405,6.2
TXN-11107,2025-02-08,CUST-0529,31,Male,Regular,Groceries,Milk,32.13,59.75,10,597.5,321.3,276.2,1131,5.3
TXN-13596,2025-02-08,CUST-0859,18,Female,Silver,Beauty & Health,Vitamins,4.16,7.52,2,15.04,8.32,6.72,1062,5.1
TXN-12184,2025-02-08,CUST-0494,36,Female,Regular,Home & Garden,Bed Sheets,41.27,74.29,1,74.29,41.27,33.02,1679,7.1
TXN-13192,2025-02-08,CUST-0043,21,Male,Regular,Home & Garden,Plant Pot,34.48,43.76,1,43.76,34.48,9.28,1577,7.5
TXN-13635,2025-02-08,CUST-0445,35,Female,Silver,Groceries,Chicken,14.09,25.57,1,25.57,14.09,11.48,1720,6.4
TXN-12497,2025-02-08,CUST-0059,29,Female,Regular,Clothing,Sneakers,20.09,39.7,2,79.4,40.18,39.22,608,5.1
TXN-10592,2025-02-08,CUST-0865,41,Female,Regular,Clothing,T-Shirt,49.29,89.1,1,89.1,49.29,39.81,657,4.9
TXN-13311,2025-02-08,CUST-0361,42,Female,Gold,Groceries,Bread,45.02,60.28,5,301.4,225.1,76.3,722,7.8
TXN-13992,2025-02-09,CUST-0177,18,Female,Regular,Groceries,Rice,16.47,23.64,1,23.64,16.47,7.17,193,5.8
TXN-10425,2025-02-09,CUST-0919,48,Female,Regular,Electronics,Charger,85.78,132.44,5,662.2,428.9,233.3,737,8.7
TXN-11033,2025-02-09,CUST-0341,52,Female,Regular,Groceries,Milk,32.13,59.75,2,119.5,64.26,55.24,1143,6.0
TXN-12545,2025-02-09,CUST-0998,58,Female,Regular,Groceries,Chicken,14.09,25.57,1,25.57,14.09,11.48,1785,7.2
TXN-13239,2025-02-09,CUST-0586,18,Female,Regular,Home & Garden,Towel,36.45,51.3,1,51.3,36.45,14.85,768,6.3
TXN-10634,2025-02-09,CUST-0764,33,Female,Silver,Clothing,Jacket,3.47,6.87,2,13.74,6.94,6.8,1497,4.9
TXN-12473,2025-02-09,CUST-0541,34,Male,Regular,Beauty & Health,Vitamins,4.16,7.52,3,22.56,12.48,10.08,1138,4.9
TXN-13876,2025-02-09,CUST-0035,29,Female,Regular,Electronics,USB Drive,123.53,158.32,3,474.96,370.59,104.37,1464,7.2
TXN-12830,2025-02-09,CUST-0127,22,Male,Silver,Groceries,Apples,18.31,24.59,1,24.59,18.31,6.28,1536,8.1
TXN-10706,2025-02-10,CUST-0930,51,Male,Regular,Electronics,USB Drive,123.53,158.32,1,158.32,123.53,34.79,1684,6.4
TXN-14417,2025-02-10,CUST-0573,22,Male,Silver,Clothing,Sneakers,20.09,39.7,1,39.7,20.09,19.61,499,5.1
TXN-14466,2025-02-10,CUST-0447,49,Male,Regular,Clothing,Jacket,3.47,6.87,1,6.87,3.47,3.4,1162,4.7
TXN-10190,2025-02-10,CUST-0591,20,Female,Silver,Beauty & Health,Face Wash,9.13,14.22,1,14.22,9.13,5.09,1421,7.5
TXN-12589,2025-02-10,CUST-0401,18,Male,Regular,Clothing,Jacket,3.47,6.87,4,27.48,13.88,13.6,1315,4.7
TXN-13763,2025-02-10,CUST-0462,30,Male,Regular,Groceries,Apples,18.31,24.59,4,98.36,73.24,25.12,1456,6.7
TXN-11849,2025-02-10,CUST-0046,18,Female,Regular,Clothing,Jacket,3.47,6.87,1,6.87,3.47,3.4,1384,4.9
TXN-13774,2025-02-10,CUST-0711,44,Female,Regular,Groceries,Eggs,28.33,56.24,3,168.72,84.99,83.73,1427,6.8
TXN-11415,2025-02-11,CUST-0169,34,Male,Regular,Groceries,Rice,16.47,23.64,1,23.64,16.47,7.17,384,6.5
TXN-14690,2025-02-11,CUST-0887,53,Female,Silver,Groceries,Pasta,47.29,56.99,2,113.98,94.58,19.4,1017,5.5
TXN-14789,2025-02-11,CUST-0856,34,Female,Regular,Electronics,Charger,85.78,132.44,1,132.44,85.78,46.66,430,7.1
TXN-13911,2025-02-11,CUST-0695,23,Male,Regular,Groceries,Apples,18.31,24.59,4,98.36,73.24,25.12,1449,6.6
TXN-10155,2025-02-11,CUST-0730,37,Other,Regular,Electronics,Keyboard,107.66,156.53,4,626.12,430.64,195.48,873,8.8
TXN-11583,2025-02-11,CUST-0850,46,Female,Silver,Groceries,Cereal,40.44,66.69,4,266.76,161.76,105.0,638,4.7
TXN-10895,2025-02-11,CUST-0460,40,Male,Regular,Clothing,Sneakers,20.09,39.7,2,79.4,40.18,39.22,719,4.8
TXN-10166,2025-02-11,CUST-0719,20,Male,Regular,Clothing,T-Shirt,49.29,89.1,5,445.5,246.45,199.05,695,7.4
TXN-12540,2025-02-11,CUST-0301,20,Female,Regular,Groceries,Bread,45.02,60.28,1,60.28,45.02,15.26,834,5.7
TXN-14636,2025-02-11,CUST-0334,23,Female,Regular,Groceries,Apples,18.31,24.59,1,24.59,18.31,6.28,1401,7.7
TXN-11328,2025-02-11,CUST-0374,41,Male,Silver,Electronics,USB Drive,123.53,158.32,1,158.32,123.53,34.79,1660,7.5
TXN-14091,2025-02-11,CUST-0622,30,Female,Silver,Groceries,Cereal,40.44,66.69,2,133.38,80.88,52.5,448,7.1
TXN-10191,2025-02-11,CUST-0453,38,Female,Regular,Clothing,Hat,3.72,6.93,2,13.86,7.44,6.42,824,7.1
TXN-14977,2025-02-11,CUST-0269,35,Male,Regular,Clothing,Socks,46.78,72.77,3,218.31,140.34,77.97,932,4.6
TXN-11724,2025-02-11,CUST-0937,28,Female,Silver,Clothing,Socks,46.78,72.77,1,72.77,46.78,25.99,1185,8.8
TXN-14561,2025-02-11,CUST-0387,47,Female,Regular,Clothing,Hat,3.72,6.93,4,27.72,14.88,12.84,517,5.3
TXN-11735,2025-02-11,CUST-0014,40,Male,Regular,Clothing,Socks,46.78,72.77,1,72.77,46.78,25.99,1184,4.7
TXN-14969,2025-02-12,CUST-0987,40,Male,Silver,Beauty & Health,Toothpaste,36.38,71.18,2,142.36,72.76,69.6,454,4.2
TXN-11311,2025-02-12,CUST-0865,45,Female,Silver,Home & Garden,Lamp,30.34,59.03,2,118.06,60.68,57.38,893,7.6
TXN-13659,2025-02-12,CUST-0026,34,Male,Regular,Home & Garden,Mug,5.57,9.8,1,9.8,5.57,4.23,636,5.5
TXN-11275,2025-02-12,CUST-0501,40,Male,Gold,Home & Garden,Towel,36.45,51.3,1,51.3,36.45,14.85,889,6.4
TXN-10923,2025-02-12,CUST-0414,26,Male,Regular,Home & Garden,Plant Pot,34.48,43.76,1,43.76,34.48,9.28,1747,3.9
TXN-10325,2025-02-12,CUST-0612,42,Female,Silver,Home & Garden,Lamp,30.34,59.03,1,59.03,30.34,28.69,974,5.6
TXN-12181,2025-02-12,CUST-0761,30,Male,Regular,Beauty & Health,Face Wash,9.13,14.22,3,42.66,27.39,15.27,1277,8.2
TXN-14078,2025-02-12,CUST-0148,32,Female,Silver,Beauty & Health,Lotion,8.66,15.35,4,61.4,34.64,26.76,913,7.2
TXN-12386,2025-02-12,CUST-0589,37,Male,Gold,Groceries,Bread,45.02,60.28,5,301.4,225.1,76.3,853,6.7
TXN-10414,2025-02-12,CUST-0844,28,Female,Regular,Electronics,Charger,85.78,132.44,4,529.76,343.12,186.64,742,7.1
TXN-13015,2025-02-12,CUST-0458,50,Male,Silver,Electronics,Headphones,49.93,84.43,2,168.86,99.86,69.0,1130,4.9
TXN-12975,2025-02-12,CUST-0832,57,Male,Regular,Groceries,Pasta,47.29,56.99,1,56.99,47.29,9.7,1115,7.6
TXN-12547,2025-02-12,CUST-0537,40,Female,Silver,Home & Garden,Plant Pot,34.48,43.76,4,175.04,137.92,37.12,1627,5.0
TXN-13122,2025-02-13,CUST-0132,43,Male,Regular,Home & Garden,Plant Pot,34.48,43.76,1,43.76,34.48,9.28,1582,6.3
TXN-12155,2025-02-13,CUST-0644,41,Female,Gold,Clothing,Sneakers,20.09,39.7,1,39.7,20.09,19.61,631,7.5
TXN-13371,2025-02-13,CUST-0206,20,Female,Regular,Beauty & Health,Shampoo,25.11,45.77,4,183.08,100.44,82.64,808,4.5
TXN-14768,2025-02-13,CUST-0610,40,Female,Gold,Home & Garden,Lamp,30.34,59.03,1,59.03,30.34,28.69,576,6.9
TXN-10017,2025-02-13,CUST-0095,44,Male,Gold,Beauty & Health,Shampoo,25.11,45.77,2,91.54,50.22,41.32,1041,7.0
TXN-12252,2025-02-13,CUST-0440,42,Male,Regular,Beauty & Health,Shampoo,25.11,45.77,1,45.77,25.11,20.66,895,5.1
TXN-10486,2025-02-13,CUST-0793,21,Female,Regular,Groceries,Rice,16.47,23.64,5,118.2,82.35,35.85,458,5.5
TXN-14672,2025-02-13,CUST-0954,38,Other,Regular,Clothing,T-Shirt,49.29,89.1,2,178.2,98.58,79.62,373,6.4
TXN-13765,2025-02-13,CUST-0280,37,Male,Regular,Clothing,Sneakers,20.09,39.7,1,39.7,20.09,19.61,536,6.4
TXN-12229,2025-02-13,CUST-0706,48,Female,Gold,Beauty & Health,Soap,11.95,23.02,2,46.04,23.9,22.14,974,7.6
TXN-11615,2025-02-13,CUST-0700,18,Male,Regular,Home & Garden,Towel,36.45,51.3,4,205.2,145.8,59.4,871,7.3
TXN-13727,2025-02-13,CUST-0632,18,Female,Regular,Groceries,Cereal,40.44,66.69,3,200.07,121.32,78.75,472,6.7
TXN-14102,2025-02-13,CUST-0319,21,Other,Regular,Electronics,Headphones,49.93,84.43,10,844.3,499.3,345.0,1057,7.3
TXN-12371,2025-02-13,CUST-0231,20,Male,Regular,Clothing,Jeans,45.05,74.05,10,740.5,450.5,290.0,1538,6.0
TXN-12619,2025-02-13,CUST-0718,18,Female,Regular,Clothing,Hat,3.72,6.93,4,27.72,14.88,12.84,618,6.5
TXN-11512,2025-02-13,CUST-0279,42,Female,Regular,Groceries,Cereal,40.44,66.69,3,200.07,121.32,78.75,650,6.4
TXN-10735,2025-02-13,CUST-0640,36,Female,Silver,Home & Garden,Lamp,30.34,59.03,2,118.06,60.68,57.38,946,7.9
TXN-14295,2025-02-13,CUST-0342,18,Female,Silver,Electronics,Keyboard,107.66,156.53,1,156.53,107.66,48.87,559,4.4
TXN-10422,2025-02-14,CUST-0893,18,Male,Silver,Beauty & Health,Vitamins,4.16,7.52,1,7.52,4.16,3.36,1327,6.1
TXN-13210,2025-02-14,CUST-0196,38,Other,Regular,Electronics,Charger,85.78,132.44,4,529.76,343.12,186.64,538,5.9
TXN-14868,2025-02-14,CUST-0630,51,Female,Regular,Groceries,Cereal,40.44,66.69,5,333.45,202.2,131.25,393,8.6
TXN-13664,2025-02-14,CUST-0023,46,Male,Regular,Home & Garden,Mug,5.57,9.8,1,9.8,5.57,4.23,635,6.7
TXN-13675,2025-02-14,CUST-0403,18,Male,Regular,Groceries,Bread,45.02,60.28,1,60.28,45.02,15.26,678,5.9
TXN-14684,2025-02-14,CUST-0687,38,Male,Regular,Home & Garden,Towel,36.45,51.3,1,51.3,36.45,14.85,629,7.2
TXN-10532,2025-02-14,CUST-0384,45,Male,Regular,Clothing,T-Shirt,49.29,89.1,2,178.2,98.58,79.62,661,5.3
TXN-10760,2025-02-14,CUST-0705,20,Male,Regular,Clothing,Jeans,45.05,74.05,2,148.1,90.1,58.0,1653,4.7
TXN-10765,2025-02-14,CUST-0325,34,Male,Regular,Clothing,T-Shirt,49.29,89.1,1,89.1,49.29,39.81,654,7.3
TXN-10852,2025-02-14,CUST-0535,47,Female,Silver,Home & Garden,Towel,36.45,51.3,2,102.6,72.9,29.7,928,7.1
TXN-11124,2025-02-15,CUST-0875,50,Other,Silver,Groceries,Eggs,28.33,56.24,2,112.48,56.66,55.82,1619,7.6
TXN-14489,2025-02-15,CUST-0053,33,Female,Regular,Electronics,Mouse,41.17,78.14,2,156.28,82.34,73.94,1002,6.1
TXN-10630,2025-02-15,CUST-0945,25,Male,Gold,Groceries,Chicken,14.09,25.57,3,76.71,42.27,34.44,1888,6.9
TXN-13238,2025-02-15,CUST-0470,37,Female,Regular,Clothing,Hat,3.72,6.93,1,6.93,3.72,3.21,600,7.6
TXN-14258,2025-02-15,CUST-0788,31,Female,Silver,Beauty & Health,Shampoo,25.11,45.77,3,137.31,75.33,61.98,746,6.4
TXN-12843,2025-02-15,CUST-0480,29,Female,Gold,Beauty & Health,Toothpaste,36.38,71.18,4,284.72,145.52,139.2,628,7.6
TXN-14474,2025-02-15,CUST-0921,31,Female,Silver,Beauty & Health,Soap,11.95,23.02,1,23.02,11.95,11.07,835,7.1
TXN-11150,2025-02-15,CUST-0689,31,Male,Regular,Home & Garden,Plant Pot,34.48,43.76,4,175.04,137.92,37.12,1729,4.9
TXN-12054,2025-02-15,CUST-0621,29,Female,Regular,Groceries,Bread,45.02,60.28,1,60.28,45.02,15.26,870,5.5
TXN-12671,2025-02-15,CUST-0098,23,Female,Gold,Groceries,Bread,45.02,60.28,2,120.56,90.04,30.52,826,6.7
TXN-14113,2025-02-15,CUST-0348,54,Male,Silver,Electronics,Smartwatch,34.96,50.62,3,151.86,104.88,46.98,706,5.1
TXN-12658,2025-02-15,CUST-0230,36,Female,Regular,Clothing,Jacket,3.47,6.87,1,6.87,3.47,3.4,1314,7.7
TXN-12287,2025-02-15,CUST-0914,18,Female,Regular,Clothing,Jacket,3.47,6.87,10,68.7,34.7,34.0,1337,6.1
TXN-11993,2025-02-15,CUST-0024,42,Other,Regular,Beauty & Health,Toothpaste,36.38,71.18,2,142.36,72.76,69.6,705,7.1
TXN-14379,2025-02-15,CUST-0526,18,Male,Regular,Home & Garden,Frying Pan,11.59,15.48,4,61.92,46.36,15.56,1513,8.5
TXN-14188,2025-02-16,CUST-0731,36,Female,Gold,Beauty & Health,Vitamins,4.16,7.52,3,22.56,12.48,10.08,1029,9.8
TXN-12767,2025-02-16,CUST-0109,29,Female,Silver,Clothing,Jeans,45.05,74.05,1,74.05,45.05,29.0,1518,5.7
TXN-13113,2025-02-16,CUST-0839,51,Female,Silver,Clothing,Sneakers,20.09,39.7,2,79.4,40.18,39.22,574,6.6
TXN-10144,2025-02-16,CUST-0620,42,Male,Gold,Home & Garden,Lamp,30.34,59.03,2,118.06,60.68,57.38,983,9.0
TXN-13452,2025-02-16,CUST-0896,27,Female,Regular,Electronics,Mouse,41.17,78.14,2,156.28,82.34,73.94,1061,6.8
TXN-11026,2025-02-16,CUST-0747,45,Female,Silver,Beauty & Health,Lotion,8.66,15.35,1,15.35,8.66,6.69,1084,5.0
TXN-13166,2025-02-16,CUST-0081,46,Male,Regular,Beauty & Health,Lotion,8.66,15.35,3,46.05,25.98,20.07,953,7.7
TXN-14781,2025-02-16,CUST-0481,19,Male,Gold,Clothing,Hat,3.72,6.93,2,13.86,7.44,6.42,503,6.9
TXN-10375,2025-02-16,CUST-0925,33,Male,Silver,Electronics,Keyboard,107.66,156.53,1,156.53,107.66,48.87,848,5.6
TXN-12504,2025-02-16,CUST-0818,42,Female,Silver,Home & Garden,Mug,5.57,9.8,2,19.6,11.14,8.46,734,7.7
TXN-12946,2025-02-16,CUST-0016,41,Female,Silver,Home & Garden,Towel,36.45,51.3,1,51.3,36.45,14.85,784,5.1
TXN-11260,2025-02-16,CUST-0664,30,Female,Regular,Home & Garden,Towel,36.45,51.3,2,102.6,72.9,29.7,890,4.7
TXN-10814,2025-02-16,CUST-0323,40,Female,Silver,Home & Garden,Plant Pot,34.48,43.76,10,437.6,344.8,92.8,1755,8.7
TXN-14840,2025-02-16,CUST-0503,18,Female,Regular,Beauty & Health,Toothpaste,36.38,71.18,3,213.54,109.14,104.4,466,5.5
TXN-11886,2025-02-17,CUST-0509,29,Female,Regular,Home & Garden,Mug,5.57,9.8,1,9.8,5.57,4.23,773,6.7
TXN-13925,2025-02-17,CUST-0541,26,Male,Regular,Beauty & Health,Face Wash,9.13,14.22,4,56.88,36.52,20.36,1114,6.4
TXN-12009,2025-02-17,CUST-0655,33,Other,Gold,Clothing,Socks,46.78,72.77,3,218.31,140.34,77.97,1173,8.0
TXN-12631,2025-02-17,CUST-0766,48,Female,Gold,Home & Garden,Frying Pan,11.59,15.48,4,61.92,46.36,15.56,1672,6.4
TXN-13413,2025-02-17,CUST-0920,27,Female,Regular,Beauty & Health,Vitamins,4.16,7.52,1,7.52,4.16,3.36,1079,4.0
TXN-13934,2025-02-17,CUST-0567,22,Female,Regular,Beauty & Health,Toothpaste,36.38,71.18,2,142.36,72.76,69.6,558,7.3
TXN-10401,2025-02-17,CUST-0140,43,Male,Regular,Beauty & Health,Toothpaste,36.38,71.18,1,71.18,36.38,34.8,823,6.1
TXN-11041,2025-02-17,CUST-0213,28,Female,Regular,Groceries,Cereal,40.44,66.69,2,133.38,80.88,52.5,691,6.4
TXN-13737,2025-02-17,CUST-0055,26,Male,Silver,Home & Garden,Bed Sheets,41.27,74.29,1,74.29,41.27,33.02,1546,6.6
TXN-10759,2025-02-17,CUST-0490,35,Female,Silver,Clothing,Hat,3.72,6.93,2,13.86,7.44,6.42,773,4.2
TXN-10130,2025-02-17,CUST-0682,18,Male,Regular,Electronics,Mouse,41.17,78.14,1,78.14,41.17,36.97,1279,6.0
TXN-14853,2025-02-17,CUST-0476,36,Male,Silver,Home & Garden,Plant Pot,34.48,43.76,3,131.28,103.44,27.84,1411,6.9
TXN-13828,2025-02-17,CUST-0898,38,Female,Regular,Clothing,Hat,3.72,6.93,1,6.93,3.72,3.21,574,6.4
TXN-13546,2025-02-17,CUST-0906,49,Male,Regular,Clothing,Jeans,45.05,74.05,3,222.15,135.15,87.0,1449,7.1
TXN-14457,2025-02-17,CUST-0629,24,Female,Regular,Home & Garden,Frying Pan,11.59,15.48,10,154.8,115.9,38.9,1491,6.0
TXN-10511,2025-02-17,CUST-0679,34,Female,Regular,Home & Garden,Bed Sheets,41.27,74.29,1,74.29,41.27,33.02,1814,4.6
TXN-11848,2025-02-17,CUST-0158,35,Female,Regular,Home & Garden,Mug,5.57,9.8,1,9.8,5.57,4.23,774,5.7
TXN-10920,2025-02-18,CUST-0879,37,Male,Gold,Beauty & Health,Soap,11.95,23.02,1,23.02,11.95,11.07,1060,9.5
TXN-13032,2025-02-18,CUST-0160,36,Male,Regular,Home & Garden,Frying Pan,11.59,15.48,2,30.96,23.18,7.78,1656,6.6
TXN-11395,2025-02-18,CUST-0816,32,Male,Regular,Electronics,Charger,85.78,132.44,3,397.32,257.34,139.98,674,5.8
TXN-10811,2025-02-18,CUST-0316,32,Female,Regular,Electronics,Headphones,49.93,84.43,1,84.43,49.93,34.5,1274,6.4
TXN-11099,2025-02-18,CUST-0625,32,Other,Silver,Groceries,Apples,18.31,24.59,1,24.59,18.31,6.28,1679,5.6
TXN-13696,2025-02-18,CUST-0466,27,Male,Regular,Electronics,Charger,85.78,132.44,4,529.76,343.12,186.64,497,7.1
TXN-12884,2025-02-18,CUST-0067,45,Female,Gold,Groceries,Milk,32.13,59.75,3,179.25,96.39,82.86,1006,7.2
TXN-10500,2025-02-18,CUST-0020,28,Female,Regular,Electronics,Keyboard,107.66,156.53,1,156.53,107.66,48.87,843,6.5
TXN-11265,2025-02-18,CUST-0873,52,Female,Silver,Electronics,Keyboard,107.66,156.53,1,156.53,107.66,48.87,787,6.4
TXN-10203,2025-02-18,CUST-0108,30,Female,Regular,Home & Garden,Plant Pot,34.48,43.76,4,175.04,137.92,37.12,1817,4.4
TXN-13481,2025-02-18,CUST-0693,26,Female,Regular,Clothing,Jeans,45.05,74.05,1,74.05,45.05,29.0,1458,5.0
TXN-11800,2025-02-18,CUST-0857,35,Male,Silver,Electronics,Headphones,49.93,84.43,1,84.43,49.93,34.5,1209,5.7
TXN-14614,2025-02-18,CUST-0408,38,Male,Regular,Clothing,Jeans,45.05,74.05,1,74.05,45.05,29.0,1362,6.1
TXN-13213,2025-02-18,CUST-0999,43,Female,Regular,Beauty & Health,Shampoo,25.11,45.77,5,228.85,125.55,103.3,823,7.0
TXN-10674,2025-02-19,CUST-0064,28,Male,Gold,Home & Garden,Towel,36.45,51.3,1,51.3,36.45,14.85,948,5.8
TXN-10015,2025-02-19,CUST-0750,29,Female,Regular,Electronics,Mouse,41.17,78.14,1,78.14,41.17,36.97,1283,6.7
TXN-14703,2025-02-19,CUST-0039,29,Female,Gold,Groceries,Rice,16.47,23.64,5,118.2,82.35,35.85,114,7.5
TXN-14008,2025-02-19,CUST-0885,47,Male,Silver,Home & Garden,Plant Pot,34.48,43.76,1,43.76,34.48,9.28,1514,6.3
TXN-13656,2025-02-19,CUST-0162,20,Other,Gold,Clothing,Jacket,3.47,6.87,1,6.87,3.47,3.4,1217,7.5
TXN-10334,2025-02-19,CUST-0402,38,Male,Regular,Beauty & Health,Face Wash,9.13,14.22,2,28.44,18.26,10.18,1414,4.4
TXN-14707,2025-02-19,CUST-0750,32,Female,Regular,Groceries,Milk,32.13,59.75,3,179.25,96.39,82.86,898,4.0
TXN-12832,2025-02-19,CUST-0371,48,Male,Regular,Beauty & Health,Shampoo,25.11,45.77,1,45.77,25.11,20.66,854,4.5
TXN-11427,2025-02-19,CUST-0114,49,Female,Regular,Home & Garden,Bed Sheets,41.27,74.29,2,148.58,82.54,66.04,1737,6.0
TXN-11188,2025-02-19,CUST-0486,22,Female,Regular,Groceries,Eggs,28.33,56.24,3,168.72,84.99,83.73,1600,4.8
TXN-14492,2025-02-19,CUST-0925,45,Male,Silver,Clothing,Jacket,3.47,6.87,2,13.74,6.94,6.8,1160,5.1
TXN-13734,2025-02-19,CUST-0364,29,Other,Silver,Groceries,Apples,18.31,24.59,1,24.59,18.31,6.28,1464,6.3
TXN-10160,2025-02-19,CUST-0445,30,Male,Silver,Beauty & Health,Vitamins,4.16,7.52,1,7.52,4.16,3.36,1341,7.6
TXN-14448,2025-02-19,CUST-0385,37,Male,Silver,Groceries,Eggs,28.33,56.24,1,56.24,28.33,27.91,1384,6.3
TXN-11657,2025-02-19,CUST-0268,26,Male,Regular,Groceries,Bread,45.02,60.28,1,60.28,45.02,15.26,903,6.8
TXN-13178,2025-02-19,CUST-0286,30,Male,Regular,Electronics,Charger,85.78,132.44,4,529.76,343.12,186.64,544,8.7
TXN-12676,2025-02-19,CUST-0387,45,Male,Gold,Groceries,Eggs,28.33,56.24,2,112.48,56.66,55.82,1507,9.7
TXN-14564,2025-02-19,CUST-0118,18,Female,Regular,Electronics,Headphones,49.93,84.43,1,84.43,49.93,34.5,1041,7.8
TXN-14823,2025-02-20,CUST-0786,47,Female,Regular,Clothing,Socks,46.78,72.77,10,727.7,467.8,259.9,940,6.0
TXN-13222,2025-02-20,CUST-0291,31,Male,Silver,Clothing,Jacket,3.47,6.87,2,13.74,6.94,6.8,1261,6.6
TXN-10495,2025-02-20,CUST-0813,38,Male,Regular,Electronics,Smartwatch,34.96,50.62,2,101.24,69.92,31.32,976,6.9
TXN-12711,2025-02-20,CUST-0778,48,Female,Regular,Clothing,T-Shirt,49.29,89.1,1,89.1,49.29,39.81,507,7.0
TXN-12412,2025-02-20,CUST-0369,18,Male,Regular,Groceries,Pasta,47.29,56.99,1,56.99,47.29,9.7,1149,4.8
TXN-14117,2025-02-20,CUST-0601,26,Female,Regular,Beauty & Health,Soap,11.95,23.02,3,69.06,35.85,33.21,870,8.7
TXN-14247,2025-02-20,CUST-0410,49,Male,Regular,Clothing,Jacket,3.47,6.87,1,6.87,3.47,3.4,1179,5.3
TXN-12661,2025-02-20,CUST-0250,29,Male,Silver,Home & Garden,Bed Sheets,41.27,74.29,3,222.87,123.81,99.06,1636,7.7
TXN-10570,2025-02-20,CUST-0401,26,Female,Regular,Electronics,Mouse,41.17,78.14,2,156.28,82.34,73.94,1265,5.4
TXN-11003,2025-02-21,CUST-0875,36,Male,Regular,Beauty & Health,Vitamins,4.16,7.52,3,22.56,12.48,10.08,1281,4.6
TXN-13775,2025-02-21,CUST-0172,47,Male,Silver,Home & Garden,Mug,5.57,9.8,2,19.6,11.14,8.46,630,5.5
TXN-11407,2025-02-21,CUST-0677,29,Female,Silver,Groceries,Bread,45.02,60.28,2,120.56,90.04,30.52,919,7.4
TXN-13531,2025-02-21,CUST-0227,33,Female,Regular,Groceries,Apples,18.31,24.59,1,24.59,18.31,6.28,1481,7.3
TXN-11060,2025-02-21,CUST-0727,43,Male,Silver,Clothing,Jacket,3.47,6.87,1,6.87,3.47,3.4,1466,4.9
TXN-13887,2025-02-21,CUST-0232,24,Male,Regular,Clothing,T-Shirt,49.29,89.1,1,89.1,49.29,39.81,429,6.3
TXN-10056,2025-02-21,CUST-0224,53,Male,Regular,Home & Garden,Towel,36.45,51.3,1,51.3,36.45,14.85,1029,5.4
TXN-14801,2025-02-21,CUST-0955,45,Male,Regular,Home & Garden,Mug,5.57,9.8,1,9.8,5.57,4.23,532,6.9
TXN-11376,2025-02-21,CUST-0338,59,Male,Gold,Beauty & Health,Shampoo,25.11,45.77,1,45.77,25.11,20.66,981,6.6
TXN-11856,2025-02-21,CUST-0775,65,Female,Regular,Electronics,Mouse,41.17,78.14,2,156.28,82.34,73.94,1159,3.6
TXN-11673,2025-02-21,CUST-0793,27,Male,Silver,Home & Garden,Plant Pot,34.48,43.76,1,43.76,34.48,9.28,1688,7.1
TXN-11126,2025-02-21,CUST-0829,33,Female,Silver,Electronics,Smartwatch,34.96,50.62,1,50.62,34.96,15.66,938,5.5
TXN-14050,2025-02-21,CUST-0145,35,Female,Regular,Beauty & Health,Face Wash,9.13,14.22,4,56.88,36.52,20.36,1107,6.3
TXN-11783,2025-02-21,CUST-0080,37,Female,Silver,Home & Garden,Mug,5.57,9.8,1,9.8,5.57,4.23,778,5.9
TXN-12598,2025-02-21,CUST-0819,26,Female,Regular,Electronics,Charger,85.78,132.44,1,132.44,85.78,46.66,587,7.5
TXN-12847,2025-02-22,CUST-0258,26,Male,Silver,Home & Garden,Plant Pot,34.48,43.76,1,43.76,34.48,9.28,1616,8.1
TXN-12512,2025-02-22,CUST-0165,32,Male,Regular,Groceries,Chicken,14.09,25.57,1,25.57,14.09,11.48,1789,6.9
TXN-11647,2025-02-22,CUST-0886,46,Male,Regular,Groceries,Cereal,40.44,66.69,1,66.69,40.44,26.25,636,7.2
TXN-10172,2025-02-22,CUST-0199,27,Male,Regular,Groceries,Pasta,47.29,56.99,1,56.99,47.29,9.7,1281,8.9
TXN-14859,2025-02-22,CUST-0746,32,Male,Gold,Clothing,Sneakers,20.09,39.7,2,79.4,40.18,39.22,479,7.9
TXN-12654,2025-02-22,CUST-0985,40,Female,Regular,Beauty & Health,Shampoo,25.11,45.77,1,45.77,25.11,20.66,865,5.7
TXN-13974,2025-02-22,CUST-0212,35,Female,Silver,Groceries,Eggs,28.33,56.24,4,224.96,113.32,111.64,1398,6.9
TXN-13273,2025-02-22,CUST-0773,47,Male,Gold,Groceries,Cereal,40.44,66.69,1,66.69,40.44,26.25,514,6.7
TXN-13469,2025-02-22,CUST-0382,45,Female,Silver,Home & Garden,Mug,5.57,9.8,2,19.6,11.14,8.46,657,5.7
TXN-12044,2025-02-22,CUST-0464,35,Female,Regular,Home & Garden,Mug,5.57,9.8,3,29.4,16.71,12.69,756,6.1
TXN-10050,2025-02-22,CUST-0174,34,Female,Regular,Electronics,Smartwatch,34.96,50.62,4,202.48,139.84,62.64,997,8.7
TXN-12133,2025-02-22,CUST-0250,45,Female,Gold,Clothing,Jeans,45.05,74.05,1,74.05,45.05,29.0,1566,8.0
TXN-12712,2025-02-22,CUST-0930,41,Female,Regular,Clothing,Socks,46.78,72.77,2,145.54,93.56,51.98,1115,3.4
TXN-12116,2025-02-22,CUST-0031,30,Female,Regular,Home & Garden,Mug,5.57,9.8,1,9.8,5.57,4.23,752,5.6
TXN-10419,2025-02-22,CUST-0359,18,Male,Regular,Beauty & Health,Face Wash,9.13,14.22,2,28.44,18.26,10.18,1406,5.6
TXN-13916,2025-02-23,CUST-0473,35,Male,Regular,Home & Garden,Mug,5.57,9.8,1,9.8,5.57,4.23,613,6.5
TXN-14751,2025-02-23,CUST-0169,26,Female,Regular,Home & Garden,Mug,5.57,9.8,2,19.6,11.14,8.46,535,6.6
TXN-14936,2025-02-23,CUST-0044,58,Female,Regular,Beauty & Health,Shampoo,25.11,45.77,2,91.54,50.22,41.32,700,8.1
TXN-13818,2025-02-23,CUST-0307,23,Male,Silver,Clothing,Hat,3.72,6.93,4,27.72,14.88,12.84,575,6.4
TXN-14914,2025-02-23,CUST-0870,18,Female,Gold,Groceries,Apples,18.31,24.59,3,73.77,54.93,18.84,1377,4.9
TXN-10059,2025-02-23,CUST-0431,43,Male,Regular,Beauty & Health,Lotion,8.66,15.35,1,15.35,8.66,6.69,1139,5.9
TXN-13385,2025-02-23,CUST-0954,26,Female,Regular,Groceries,Apples,18.31,24.59,2,49.18,36.62,12.56,1492,5.4
TXN-13357,2025-02-24,CUST-0808,32,Male,Silver,Groceries,Milk,32.13,59.75,2,119.5,64.26,55.24,983,6.6
TXN-11101,2025-02-24,CUST-0758,36,Female,Gold,Clothing,Hat,3.72,6.93,10,69.3,37.2,32.1,723,9.3
TXN-12938,2025-02-24,CUST-0560,42,Female,Regular,Clothing,Socks,46.78,72.77,1,72.77,46.78,25.99,1083,5.9
TXN-13706,2025-02-24,CUST-0407,47,Female,Regular,Groceries,Apples,18.31,24.59,1,24.59,18.31,6.28,1468,6.8
TXN-14677,2025-02-24,CUST-0937,31,Male,Regular,Electronics,Mouse,41.17,78.14,3,234.42,123.51,110.91,984,4.9
TXN-14012,2025-02-24,CUST-0279,23,Male,Regular,Groceries,Apples,18.31,24.59,2,49.18,36.62,12.56,1436,5.8
TXN-14632,2025-02-24,CUST-0289,18,Male,Regular,Home & Garden,Plant Pot,34.48,43.76,2,87.52,68.96,18.56,1441,7.1
TXN-12183,2025-02-24,CUST-0407,32,Male,Silver,Groceries,Bread,45.02,60.28,1,60.28,45.02,15.26,864,7.2
TXN-12542,2025-02-24,CUST-0003,35,Female,Gold,Home & Garden,Bed Sheets,41.27,74.29,1,74.29,41.27,33.02,1644,7.1
TXN-13564,2025-02-24,CUST-0821,42,Female,Regular,Electronics,Smartwatch,34.96,50.62,2,101.24,69.92,31.32,751,5.2
TXN-11708,2025-02-24,CUST-0241,47,Female,Gold,Home & Garden,Frying Pan,11.59,15.48,1,15.48,11.59,3.89,1728,7.6
TXN-11191,2025-02-24,CUST-0496,53,Male,Silver,Home & Garden,Mug,5.57,9.8,2,19.6,11.14,8.46,813,6.8
TXN-11252,2025-02-24,CUST-0517,30,Male,Regular,Home & Garden,Mug,5.57,9.8,1,9.8,5.57,4.23,809,7.3
TXN-11924,2025-02-25,CUST-0032,36,Male,Regular,Home & Garden,Mug,5.57,9.8,5,49.0,27.85,21.15,766,8.4
TXN-13060,2025-02-25,CUST-0212,34,Male,Regular,Home & Garden,Bed Sheets,41.27,74.29,1,74.29,41.27,33.02,1599,6.5
TXN-13215,2025-02-25,CUST-0767,39,Other,Regular,Groceries,Cereal,40.44,66.69,5,333.45,202.2,131.25,517,5.0
TXN-11821,2025-02-25,CUST-0398,56,Male,Silver,Electronics,Charger,85.78,132.44,2,264.88,171.56,93.32,645,4.4
TXN-10749,2025-02-25,CUST-0616,24,Female,Gold,Groceries,Milk,32.13,59.75,1,59.75,32.13,27.62,1155,6.7
TXN-13721,2025-02-25,CUST-0477,18,Female,Regular,Electronics,Keyboard,107.66,156.53,10,1565.3,1076.6,488.7,619,5.0
TXN-12051,2025-02-25,CUST-0378,20,Female,Regular,Home & Garden,Mug,5.57,9.8,3,29.4,16.71,12.69,753,7.6
TXN-12290,2025-02-25,CUST-0882,31,Female,Gold,Clothing,Hat,3.72,6.93,1,6.93,3.72,3.21,646,4.6
TXN-11755,2025-02-25,CUST-0560,54,Other,Gold,Electronics,Charger,85.78,132.44,1,132.44,85.78,46.66,649,8.8
TXN-11343,2025-02-25,CUST-0124,36,Female,Silver,Electronics,Headphones,49.93,84.43,4,337.72,199.72,138.0,1234,8.4
TXN-10809,2025-02-25,CUST-0050,50,Male,Silver,Home & Garden,Plant Pot,34.48,43.76,1,43.76,34.48,9.28,1766,5.1
TXN-13476,2025-02-25,CUST-0170,32,Female,Regular,Home & Garden,Mug,5.57,9.8,1,9.8,5.57,4.23,656,6.5
TXN-13391,2025-02-25,CUST-0903,36,Male,Regular,Beauty & Health,Vitamins,4.16,7.52,1,7.52,4.16,3.36,1080,4.9
TXN-13588,2025-02-25,CUST-0675,27,Male,Silver,Groceries,Pasta,47.29,56.99,1,56.99,47.29,9.7,1083,6.5
TXN-14286,2025-02-25,CUST-0512,40,Male,Regular,Home & Garden,Towel,36.45,51.3,3,153.9,109.35,44.55,671,4.7
TXN-14980,2025-02-25,CUST-0888,23,Male,Regular,Groceries,Rice,16.47,23.64,1,23.64,16.47,7.17,103,4.2
TXN-10082,2025-02-26,CUST-0332,18,Male,Regular,Clothing,T-Shirt,49.29,89.1,3,267.3,147.87,119.43,704,7.6
TXN-11073,2025-02-26,CUST-0201,42,Male,Gold,Electronics,Mouse,41.17,78.14,5,390.7,205.85,184.85,1229,7.1
TXN-14267,2025-02-26,CUST-0298,40,Female,Regular,Beauty & Health,Face Wash,9.13,14.22,1,14.22,9.13,5.09,1097,8.0
TXN-14665,2025-02-26,CUST-0086,63,Female,Regular,Home & Garden,Plant Pot,34.48,43.76,2,87.52,68.96,18.56,1437,4.0
TXN-14954,2025-02-26,CUST-0421,35,Male,Silver,Groceries,Chicken,14.09,25.57,4,102.28,56.36,45.92,1593,5.3
TXN-11080,2025-02-26,CUST-0593,26,Female,Silver,Electronics,Keyboard,107.66,156.53,1,156.53,107.66,48.87,803,7.5
TXN-11862,2025-02-26,CUST-0702,26,Female,Regular,Groceries,Apples,18.31,24.59,1,24.59,18.31,6.28,1597,5.5
TXN-12594,2025-02-26,CUST-0328,36,Female,Regular,Beauty & Health,Lotion,8.66,15.35,5,76.75,43.3,33.45,982,6.1
TXN-14068,2025-02-26,CUST-0930,44,Female,Silver,Beauty & Health,Face Wash,9.13,14.22,1,14.22,9.13,5.09,1105,8.2
TXN-13477,2025-02-26,CUST-0948,51,Female,Regular,Beauty & Health,Toothpaste,36.38,71.18,1,71.18,36.38,34.8,590,4.1
TXN-13849,2025-02-26,CUST-0616,40,Male,Regular,Home & Garden,Frying Pan,11.59,15.48,4,61.92,46.36,15.56,1584,9.0
TXN-12291,2025-02-26,CUST-0480,26,Female,Regular,Groceries,Apples,18.31,24.59,1,24.59,18.31,6.28,1568,5.6
TXN-13669,2025-02-26,CUST-0209,41,Other,Silver,Home & Garden,Frying Pan,11.59,15.48,2,30.96,23.18,7.78,1604,4.1
TXN-13602,2025-02-26,CUST-0956,46,Male,Regular,Electronics,Charger,85.78,132.44,3,397.32,257.34,139.98,505,5.3
TXN-12857,2025-02-26,CUST-0054,36,Male,Regular,Beauty & Health,Face Wash,9.13,14.22,1,14.22,9.13,5.09,1206,6.3
TXN-11725,2025-02-26,CUST-0262,40,Male,Regular,Home & Garden,Frying Pan,11.59,15.48,1,15.48,11.59,3.89,1717,4.1
TXN-14176,2025-02-26,CUST-0126,51,Female,Regular,Beauty & Health,Vitamins,4.16,7.52,1,7.52,4.16,3.36,1032,5.2
TXN-11530,2025-02-26,CUST-0009,18,Female,Silver,Home & Garden,Plant Pot,34.48,43.76,1,43.76,34.48,9.28,1708,7.1
TXN-13999,2025-02-26,CUST-0377,32,Female,Regular,Electronics,Keyboard,107.66,156.53,4,626.12,430.64,195.48,590,7.7
TXN-11700,2025-02-26,CUST-0391,38,Female,Regular,Electronics,Charger,85.78,132.44,5,662.2,428.9,233.3,650,7.7
TXN-11194,2025-02-27,CUST-0347,27,Male,Regular,Electronics,Keyboard,107.66,156.53,1,156.53,107.66,48.87,789,6.7
TXN-14820,2025-02-27,CUST-0053,57,Male,Regular,Clothing,Jeans,45.05,74.05,5,370.25,225.25,145.0,1350,8.6
TXN-11144,2025-02-27,CUST-0103,18,Male,Regular,Beauty & Health,Vitamins,4.16,7.52,1,7.52,4.16,3.36,1273,5.1
TXN-11758,2025-02-27,CUST-0959,46,Female,Gold,Beauty & Health,Face Wash,9.13,14.22,1,14.22,9.13,5.09,1308,7.4
TXN-10423,2025-02-27,CUST-0019,29,Male,Gold,Beauty & Health,Shampoo,25.11,45.77,2,91.54,50.22,41.32,1007,8.2
TXN-11503,2025-02-27,CUST-0373,35,Female,Silver,Home & Garden,Lamp,30.34,59.03,10,590.3,303.4,286.9,863,6.4
TXN-12604,2025-02-27,CUST-0064,38,Female,Regular,Groceries,Pasta,47.29,56.99,1,56.99,47.29,9.7,1146,7.5
TXN-11422,2025-02-27,CUST-0250,38,Male,Regular,Electronics,Keyboard,107.66,156.53,1,156.53,107.66,48.87,771,6.9
TXN-13055,2025-02-27,CUST-0175,41,Female,Silver,Clothing,Jacket,3.47,6.87,2,13.74,6.94,6.8,1278,5.3
TXN-10959,2025-02-27,CUST-0020,18,Male,Regular,Beauty & Health,Face Wash,9.13,14.22,4,56.88,36.52,20.36,1363,7.3
TXN-13988,2025-02-27,CUST-0181,26,Male,Regular,Home & Garden,Mug,5.57,9.8,1,9.8,5.57,4.23,610,4.5
TXN-13460,2025-02-27,CUST-0503,41,Female,Regular,Groceries,Bread,45.02,60.28,10,602.8,450.2,152.6,701,5.4
TXN-12230,2025-02-27,CUST-0501,47,Female,Silver,Beauty & Health,Lotion,8.66,15.35,10,153.5,86.6,66.9,1013,7.5
TXN-10223,2025-02-27,CUST-0018,53,Male,Silver,Electronics,Mouse,41.17,78.14,1,78.14,41.17,36.97,1278,6.8
TXN-12692,2025-02-27,CUST-0948,38,Male,Regular,Beauty & Health,Vitamins,4.16,7.52,3,22.56,12.48,10.08,1121,6.3
TXN-10601,2025-02-27,CUST-0980,35,Male,Regular,Electronics,Keyboard,107.66,156.53,1,156.53,107.66,48.87,842,7.4
TXN-12235,2025-02-28,CUST-0891,18,Female,Regular,Groceries,Bread,45.02,60.28,1,60.28,45.02,15.26,861,7.2
TXN-13641,2025-02-28,CUST-0327,47,Male,Regular,Home & Garden,Frying Pan,11.59,15.48,1,15.48,11.59,3.89,1606,8.2
TXN-14186,2025-02-28,CUST-0234,33,Female,Silver,Groceries,Cereal,40.44,66.69,1,66.69,40.44,26.25,445,6.6
TXN-12108,2025-02-28,CUST-0534,18,Male,Silver,Groceries,Cereal,40.44,66.69,1,66.69,40.44,26.25,615,7.8
TXN-10433,2025-02-28,CUST-0444,23,Female,Regular,Electronics,Charger,85.78,132.44,2,264.88,171.56,93.32,735,5.0
TXN-12846,2025-02-28,CUST-0162,30,Female,Regular,Clothing,Jeans,45.05,74.05,1,74.05,45.05,29.0,1508,5.8
TXN-12122,2025-02-28,CUST-0519,35,Female,Silver,Groceries,Apples,18.31,24.59,2,49.18,36.62,12.56,1573,4.4
TXN-12525,2025-02-28,CUST-0257,42,Female,Regular,Home & Garden,Frying Pan,11.59,15.48,3,46.44,34.77,11.67,1680,8.2
TXN-14045,2025-02-28,CUST-0956,34,Female,Gold,Electronics,Mouse,41.17,78.14,4,312.56,164.68,147.88,1036,7.2
TXN-10031,2025-02-28,CUST-0173,27,Male,Regular,Home & Garden,Mug,5.57,9.8,4,39.2,22.28,16.92,864,7.5
TXN-13910,2025-02-28,CUST-0374,32,Male,Regular,Beauty & Health,Face Wash,9.13,14.22,1,14.22,9.13,5.09,1118,3.9
TXN-12936,2025-02-28,CUST-0247,45,Female,Regular,Groceries,Bread,45.02,60.28,1,60.28,45.02,15.26,800,6.8
TXN-11629,2025-02-28,CUST-0017,45,Male,Gold,Electronics,Smartwatch,34.96,50.62,1,50.62,34.96,15.66,881,8.1
TXN-13794,2025-02-28,CUST-0374,29,Female,Silver,Home & Garden,Plant Pot,34.48,43.76,2,87.52,68.96,18.56,1533,6.3
TXN-14722,2025-03-01,CUST-0523,68,Female,Regular,Groceries,Pasta,47.29,56.99,1,56.99,47.29,9.7,1015,8.2
TXN-12637,2025-03-01,CUST-0167,40,Male,Regular,Clothing,Socks,46.78,72.77,10,727.7,467.8,259.9,1117,7.5
TXN-14984,2025-03-01,CUST-0309,35,Male,Regular,Beauty & Health,Lotion,8.66,15.35,3,46.05,25.98,20.07,872,4.9
TXN-10236,2025-03-01,CUST-0993,21,Male,Regular,Beauty & Health,Lotion,8.66,15.35,4,61.4,34.64,26.76,1125,7.8
TXN-13301,2025-03-01,CUST-0833,39,Female,Regular,Clothing,Hat,3.72,6.93,1,6.93,3.72,3.21,598,6.5
TXN-11717,2025-03-01,CUST-0780,32,Male,Silver,Home & Garden,Towel,36.45,51.3,4,205.2,145.8,59.4,861,5.8
TXN-13227,2025-03-01,CUST-0069,38,Male,Regular,Groceries,Eggs,28.33,56.24,3,168.72,84.99,83.73,1467,6.7
TXN-11158,2025-03-01,CUST-0194,36,Female,Gold,Clothing,Jeans,45.05,74.05,4,296.2,180.2,116.0,1630,9.7
TXN-14913,2025-03-01,CUST-0517,18,Female,Regular,Groceries,Cereal,40.44,66.69,3,200.07,121.32,78.75,389,5.7
TXN-11719,2025-03-01,CUST-0252,34,Male,Regular,Groceries,Rice,16.47,23.64,1,23.64,16.47,7.17,366,7.3
TXN-11334,2025-03-01,CUST-0995,61,Male,Silver,Home & Garden,Towel,36.45,51.3,1,51.3,36.45,14.85,888,8.8
TXN-11291,2025-03-01,CUST-0654,29,Female,Silver,Groceries,Chicken,14.09,25.57,2,51.14,28.18,22.96,1855,5.2
TXN-14187,2025-03-01,CUST-0655,40,Female,Regular,Groceries,Rice,16.47,23.64,1,23.64,16.47,7.17,182,6.2
TXN-13226,2025-03-01,CUST-0251,40,Male,Gold,Home & Garden,Towel,36.45,51.3,1,51.3,36.45,14.85,769,6.1
TXN-12057,2025-03-01,CUST-0775,42,Female,Regular,Clothing,Sneakers,20.09,39.7,4,158.8,80.36,78.44,636,7.9
TXN-10129,2025-03-01,CUST-0817,35,Male,Regular,Clothing,T-Shirt,49.29,89.1,1,89.1,49.29,39.81,703,7.8
TXN-11553,2025-03-02,CUST-0267,38,Female,Regular,Clothing,T-Shirt,49.29,89.1,5,445.5,246.45,199.05,588,5.4
TXN-10084,2025-03-02,CUST-0862,37,Female,Silver,Beauty & Health,Soap,11.95,23.02,1,23.02,11.95,11.07,1090,5.8
TXN-13329,2025-03-02,CUST-0370,46,Male,Regular,Groceries,Bread,45.02,60.28,1,60.28,45.02,15.26,721,6.5
TXN-14874,2025-03-02,CUST-0963,33,Male,Regular,Home & Garden,Bed Sheets,41.27,74.29,1,74.29,41.27,33.02,1459,4.6
TXN-12478,2025-03-02,CUST-0808,28,Female,Regular,Electronics,Smartwatch,34.96,50.62,4,202.48,139.84,62.64,841,6.3
TXN-12851,2025-03-02,CUST-0725,43,Male,Silver,Groceries,Apples,18.31,24.59,2,49.18,36.62,12.56,1532,6.2
TXN-11446,2025-03-02,CUST-0109,35,Male,Regular,Home & Garden,Plant Pot,34.48,43.76,2,87.52,68.96,18.56,1711,4.3
TXN-13418,2025-03-02,CUST-0909,56,Male,Silver,Beauty & Health,Lotion,8.66,15.35,4,61.4,34.64,26.76,946,4.3
TXN-12856,2025-03-02,CUST-0725,35,Male,Silver,Clothing,Socks,46.78,72.77,10,727.7,467.8,259.9,1089,6.4
TXN-14316,2025-03-02,CUST-0939,40,Male,Silver,Electronics,Headphones,49.93,84.43,1,84.43,49.93,34.5,1045,8.6
TXN-14399,2025-03-02,CUST-0955,37,Male,Regular,Beauty & Health,Lotion,8.66,15.35,1,15.35,8.66,6.69,904,4.8
TXN-12999,2025-03-02,CUST-0819,27,Male,Silver,Home & Garden,Plant Pot,34.48,43.76,1,43.76,34.48,9.28,1592,6.1
TXN-14136,2025-03-02,CUST-0180,46,Female,Silver,Electronics,Keyboard,107.66,156.53,1,156.53,107.66,48.87,578,5.1
TXN-11841,2025-03-02,CUST-0672,26,Female,Silver,Electronics,Headphones,49.93,84.43,2,168.86,99.86,69.0,1207,5.5
TXN-10763,2025-03-02,CUST-0428,35,Female,Gold,Home & Garden,Lamp,30.34,59.03,10,590.3,303.4,286.9,935,7.8
TXN-12769,2025-03-03,CUST-0399,35,Male,Silver,Electronics,Headphones,49.93,84.43,2,168.86,99.86,69.0,1150,6.9
TXN-11695,2025-03-03,CUST-0044,54,Female,Regular,Clothing,Jacket,3.47,6.87,5,34.35,17.35,17.0,1405,5.1
TXN-14156,2025-03-03,CUST-0565,41,Male,Regular,Electronics,USB Drive,123.53,158.32,1,158.32,123.53,34.79,1445,8.5
TXN-12810,2025-03-03,CUST-0898,46,Other,Gold,Groceries,Milk,32.13,59.75,2,119.5,64.26,55.24,1012,9.4
TXN-11048,2025-03-03,CUST-0506,43,Female,Silver,Electronics,Charger,85.78,132.44,4,529.76,343.12,186.64,691,7.3
TXN-11967,2025-03-03,CUST-0545,29,Female,Silver,Groceries,Pasta,47.29,56.99,1,56.99,47.29,9.7,1167,6.0
TXN-10928,2025-03-03,CUST-0903,34,Female,Regular,Clothing,Jeans,45.05,74.05,2,148.1,90.1,58.0,1645,3.4
TXN-10460,2025-03-03,CUST-0488,27,Male,Silver,Groceries,Chicken,14.09,25.57,4,102.28,56.36,45.92,1907,5.3
TXN-12429,2025-03-03,CUST-0876,22,Male,Regular,Groceries,Cereal,40.44,66.69,1,66.69,40.44,26.25,600,5.4
TXN-13940,2025-03-03,CUST-0199,45,Female,Regular,Home & Garden,Lamp,30.34,59.03,2,118.06,60.68,57.38,655,6.8
TXN-11738,2025-03-03,CUST-0854,20,Male,Regular,Groceries,Cereal,40.44,66.69,2,133.38,80.88,52.5,631,6.6
TXN-12311,2025-03-03,CUST-0999,36,Male,Regular,Electronics,USB Drive,123.53,158.32,10,1583.2,1235.3,347.9,1577,6.2
TXN-11115,2025-03-03,CUST-0150,37,Male,Silver,Electronics,Keyboard,107.66,156.53,4,626.12,430.64,195.48,796,8.0
TXN-13524,2025-03-04,CUST-0005,26,Male,Silver,Electronics,USB Drive,123.53,158.32,1,158.32,123.53,34.79,1489,3.3
TXN-12687,2025-03-04,CUST-0857,33,Female,Regular,Clothing,T-Shirt,49.29,89.1,2,178.2,98.58,79.62,510,5.3
TXN-11104,2025-03-04,CUST-0059,46,Female,Silver,Clothing,Hat,3.72,6.93,10,69.3,37.2,32.1,713,7.9
TXN-11439,2025-03-04,CUST-0868,37,Female,Regular,Electronics,Charger,85.78,132.44,5,662.2,428.9,233.3,664,7.9
TXN-11280,2025-03-04,CUST-0039,23,Male,Regular,Clothing,Jacket,3.47,6.87,1,6.87,3.47,3.4,1449,4.4
TXN-13899,2025-03-04,CUST-0180,41,Male,Regular,Groceries,Eggs,28.33,56.24,4,224.96,113.32,111.64,1402,7.2
TXN-13755,2025-03-04,CUST-0463,45,Male,Silver,Groceries,Apples,18.31,24.59,1,24.59,18.31,6.28,1460,3.5
TXN-14647,2025-03-04,CUST-0240,38,Female,Regular,Home & Garden,Frying Pan,11.59,15.48,2,30.96,23.18,7.78,1480,4.9
TXN-10798,2025-03-04,CUST-0475,37,Female,Regular,Groceries,Cereal,40.44,66.69,1,66.69,40.44,26.25,710,4.1
TXN-14681,2025-03-04,CUST-0706,32,Male,Regular,Home & Garden,Lamp,30.34,59.03,4,236.12,121.36,114.76,592,5.4
TXN-14146,2025-03-05,CUST-0490,29,Female,Regular,Home & Garden,Plant Pot,34.48,43.76,1,43.76,34.48,9.28,1504,3.4
TXN-11381,2025-03-05,CUST-0544,46,Female,Regular,Home & Garden,Lamp,30.34,59.03,1,59.03,30.34,28.69,881,5.6
TXN-13196,2025-03-05,CUST-0364,37,Female,Regular,Home & Garden,Lamp,30.34,59.03,1,59.03,30.34,28.69,722,4.5
TXN-10894,2025-03-05,CUST-0724,40,Male,Regular,Home & Garden,Frying Pan,11.59,15.48,3,46.44,34.77,11.67,1798,6.9
TXN-14709,2025-03-05,CUST-0628,48,Female,Regular,Home & Garden,Frying Pan,11.59,15.48,10,154.8,115.9,38.9,1470,7.5
TXN-13035,2025-03-05,CUST-0076,22,Male,Regular,Electronics,Mouse,41.17,78.14,1,78.14,41.17,36.97,1104,4.3
TXN-10039,2025-03-05,CUST-0721,29,Female,Gold,Groceries,Cereal,40.44,66.69,1,66.69,40.44,26.25,774,8.6
TXN-11832,2025-03-05,CUST-0846,29,Female,Silver,Beauty & Health,Shampoo,25.11,45.77,1,45.77,25.11,20.66,937,7.2
TXN-13883,2025-03-05,CUST-0425,27,Male,Regular,Home & Garden,Mug,5.57,9.8,4,39.2,22.28,16.92,623,5.9
TXN-10678,2025-03-05,CUST-0752,53,Other,Regular,Clothing,Sneakers,20.09,39.7,5,198.5,100.45,98.05,734,8.2
TXN-11498,2025-03-05,CUST-0127,18,Female,Silver,Groceries,Milk,32.13,59.75,3,179.25,96.39,82.86,1112,6.5
TXN-13384,2025-03-05,CUST-0334,36,Male,Silver,Electronics,Mouse,41.17,78.14,1,78.14,41.17,36.97,1067,6.3
TXN-13000,2025-03-05,CUST-0577,18,Female,Regular,Beauty & Health,Shampoo,25.11,45.77,2,91.54,50.22,41.32,836,6.8
TXN-14159,2025-03-05,CUST-0148,18,Male,Gold,Groceries,Pasta,47.29,56.99,4,227.96,189.16,38.8,1050,8.5
TXN-14400,2025-03-05,CUST-0493,56,Male,Silver,Clothing,Hat,3.72,6.93,1,6.93,3.72,3.21,536,6.5
TXN-11004,2025-03-05,CUST-0506,45,Male,Regular,Electronics,Charger,85.78,132.44,1,132.44,85.78,46.66,699,6.8
TXN-14701,2025-03-05,CUST-0367,41,Female,Regular,Electronics,Charger,85.78,132.44,2,264.88,171.56,93.32,432,7.8
TXN-10658,2025-03-05,CUST-0812,54,Male,Gold,Groceries,Chicken,14.09,25.57,1,25.57,14.09,11.48,1887,8.4
TXN-14563,2025-03-05,CUST-0765,20,Male,Regular,Clothing,Sneakers,20.09,39.7,2,79.4,40.18,39.22,494,4.2
TXN-12131,2025-03-05,CUST-0115,37,Male,Silver,Home & Garden,Mug,5.57,9.8,1,9.8,5.57,4.23,751,4.1
TXN-12729,2025-03-06,CUST-0434,32,Male,Gold,Beauty & Health,Lotion,8.66,15.35,1,15.35,8.66,6.69,979,9.5
TXN-12896,2025-03-06,CUST-0100,54,Male,Silver,Electronics,Keyboard,107.66,156.53,2,313.06,215.32,97.74,681,6.9
TXN-10737,2025-03-06,CUST-0807,45,Male,Regular,Home & Garden,Bed Sheets,41.27,74.29,10,742.9,412.7,330.2,1788,6.2
TXN-12098,2025-03-06,CUST-0717,53,Male,Regular,Groceries,Apples,18.31,24.59,1,24.59,18.31,6.28,1575,5.8
TXN-14285,2025-03-06,CUST-0029,43,Male,Regular,Clothing,T-Shirt,49.29,89.1,3,267.3,147.87,119.43,404,5.2
TXN-13686,2025-03-06,CUST-0568,34,Female,Regular,Clothing,Hat,3.72,6.93,1,6.93,3.72,3.21,579,5.9
TXN-10877,2025-03-06,CUST-0526,57,Female,Regular,Groceries,Apples,18.31,24.59,1,24.59,18.31,6.28,1695,7.9
TXN-13281,2025-03-06,CUST-0780,41,Male,Regular,Clothing,Sneakers,20.09,39.7,1,39.7,20.09,19.61,559,6.0
TXN-13893,2025-03-06,CUST-0482,44,Female,Silver,Beauty & Health,Lotion,8.66,15.35,4,61.4,34.64,26.76,934,8.2
TXN-11788,2025-03-06,CUST-0581,32,Female,Gold,Home & Garden,Towel,36.45,51.3,2,102.6,72.9,29.7,859,9.3
TXN-13838,2025-03-06,CUST-0462,23,Female,Regular,Beauty & Health,Shampoo,25.11,45.77,1,45.77,25.11,20.66,768,7.3
TXN-13572,2025-03-06,CUST-0146,18,Female,Silver,Beauty & Health,Vitamins,4.16,7.52,5,37.6,20.8,16.8,1071,4.6
TXN-10981,2025-03-06,CUST-0426,51,Female,Silver,Home & Garden,Towel,36.45,51.3,10,513.0,364.5,148.5,914,5.9
TXN-11590,2025-03-06,CUST-0782,28,Female,Regular,Clothing,Jeans,45.05,74.05,1,74.05,45.05,29.0,1598,6.5
TXN-10643,2025-03-06,CUST-0186,18,Male,Gold,Clothing,Hat,3.72,6.93,1,6.93,3.72,3.21,796,8.4
TXN-10916,2025-03-07,CUST-0206,25,Male,Regular,Groceries,Chicken,14.09,25.57,1,25.57,14.09,11.48,1873,8.2
TXN-10458,2025-03-07,CUST-0503,18,Female,Regular,Groceries,Pasta,47.29,56.99,2,113.98,94.58,19.4,1257,6.0
TXN-12053,2025-03-07,CUST-0623,27,Female,Regular,Groceries,Rice,16.47,23.64,1,23.64,16.47,7.17,333,6.7
TXN-12573,2025-03-07,CUST-0717,39,Male,Silver,Beauty & Health,Toothpaste,36.38,71.18,2,142.36,72.76,69.6,649,6.9
TXN-13375,2025-03-07,CUST-0986,36,Female,Silver,Home & Garden,Frying Pan,11.59,15.48,1,15.48,11.59,3.89,1624,6.7
TXN-11674,2025-03-07,CUST-0213,27,Male,Regular,Electronics,Smartwatch,34.96,50.62,1,50.62,34.96,15.66,878,4.1
TXN-14007,2025-03-07,CUST-0473,37,Female,Regular,Home & Garden,Bed Sheets,41.27,74.29,2,148.58,82.54,66.04,1517,3.9
TXN-13710,2025-03-07,CUST-0757,33,Female,Silver,Groceries,Milk,32.13,59.75,1,59.75,32.13,27.62,959,7.3
TXN-12079,2025-03-07,CUST-0963,59,Male,Regular,Electronics,Headphones,49.93,84.43,1,84.43,49.93,34.5,1195,4.4
TXN-13778,2025-03-07,CUST-0814,34,Female,Regular,Home & Garden,Bed Sheets,41.27,74.29,1,74.29,41.27,33.02,1545,7.0
TXN-11243,2025-03-07,CUST-0195,22,Male,Regular,Clothing,Sneakers,20.09,39.7,1,39.7,20.09,19.61,674,4.6
TXN-14897,2025-03-07,CUST-0469,24,Male,Regular,Home & Garden,Towel,36.45,51.3,4,205.2,145.8,59.4,620,6.6
TXN-13890,2025-03-08,CUST-0095,39,Female,Silver,Groceries,Cereal,40.44,66.69,3,200.07,121.32,78.75,457,4.1
TXN-10499,2025-03-08,CUST-0326,23,Female,Regular,Groceries,Eggs,28.33,56.24,1,56.24,28.33,27.91,1667,5.0
TXN-10576,2025-03-08,CUST-0933,22,Female,Silver,Clothing,Jacket,3.47,6.87,1,6.87,3.47,3.4,1500,5.3
TXN-14894,2025-03-08,CUST-0570,24,Female,Regular,Groceries,Apples,18.31,24.59,1,24.59,18.31,6.28,1380,6.6
TXN-14398,2025-03-08,CUST-0533,34,Male,Regular,Beauty & Health,Vitamins,4.16,7.52,1,7.52,4.16,3.36,1022,4.3
TXN-14985,2025-03-08,CUST-0242,46,Male,Silver,Beauty & Health,Shampoo,25.11,45.77,1,45.77,25.11,20.66,694,4.1
TXN-13248,2025-03-08,CUST-0524,36,Female,Regular,Home & Garden,Mug,5.57,9.8,1,9.8,5.57,4.23,664,5.7
TXN-13764,2025-03-08,CUST-0139,36,Male,Regular,Electronics,Smartwatch,34.96,50.62,1,50.62,34.96,15.66,729,6.4
TXN-14353,2025-03-08,CUST-0271,38,Female,Silver,Home & Garden,Frying Pan,11.59,15.48,1,15.48,11.59,3.89,1522,4.8
TXN-11300,2025-03-08,CUST-0822,29,Female,Regular,Groceries,Eggs,28.33,56.24,4,224.96,113.32,111.64,1589,5.7
TXN-10611,2025-03-08,CUST-0245,25,Male,Silver,Home & Garden,Towel,36.45,51.3,5,256.5,182.25,74.25,956,5.2
TXN-11330,2025-03-08,CUST-0638,34,Male,Regular,Groceries,Apples,18.31,24.59,1,24.59,18.31,6.28,1648,6.3
TXN-14001,2025-03-08,CUST-0461,28,Female,Regular,Clothing,Jeans,45.05,74.05,5,370.25,225.25,145.0,1404,6.9
TXN-11802,2025-03-08,CUST-0754,21,Female,Regular,Electronics,USB Drive,123.53,158.32,1,158.32,123.53,34.79,1634,6.6
TXN-12651,2025-03-08,CUST-0154,33,Male,Regular,Beauty & Health,Shampoo,25.11,45.77,5,228.85,125.55,103.3,866,8.1
TXN-10466,2025-03-08,CUST-0377,35,Male,Silver,Beauty & Health,Soap,11.95,23.02,1,23.02,11.95,11.07,1075,6.8
TXN-10298,2025-03-09,CUST-0244,30,Male,Regular,Beauty & Health,Shampoo,25.11,45.77,3,137.31,75.33,61.98,1017,7.5
TXN-11859,2025-03-09,CUST-0546,49,Male,Regular,Electronics,Mouse,41.17,78.14,3,234.42,123.51,110.91,1156,5.1
TXN-11286,2025-03-09,CUST-0558,19,Male,Silver,Groceries,Apples,18.31,24.59,1,24.59,18.31,6.28,1663,5.8
TXN-12257,2025-03-09,CUST-0414,33,Female,Regular,Beauty & Health,Shampoo,25.11,45.77,1,45.77,25.11,20.66,894,5.6
TXN-10091,2025-03-09,CUST-0463,23,Male,Regular,Clothing,Socks,46.78,72.77,5,363.85,233.9,129.95,1297,8.1
TXN-11230,2025-03-09,CUST-0718,49,Female,Silver,Home & Garden,Lamp,30.34,59.03,1,59.03,30.34,28.69,896,8.0
TXN-12670,2025-03-09,CUST-0468,40,Male,Silver,Clothing,Sneakers,20.09,39.7,5,198.5,100.45,98.05,592,8.1
TXN-10322,2025-03-09,CUST-0790,18,Male,Silver,Clothing,Socks,46.78,72.77,2,145.54,93.56,51.98,1280,5.5
TXN-10933,2025-03-09,CUST-0959,34,Female,Regular,Groceries,Eggs,28.33,56.24,1,56.24,28.33,27.91,1628,5.1
TXN-10771,2025-03-09,CUST-0363,41,Female,Gold,Beauty & Health,Shampoo,25.11,45.77,1,45.77,25.11,20.66,988,6.4
TXN-13647,2025-03-09,CUST-0008,21,Male,Regular,Home & Garden,Towel,36.45,51.3,10,513.0,364.5,148.5,708,6.8
TXN-12544,2025-03-09,CUST-0045,34,Male,Regular,Clothing,T-Shirt,49.29,89.1,4,356.4,197.16,159.24,521,6.3
TXN-12379,2025-03-09,CUST-0281,33,Female,Silver,Electronics,Charger,85.78,132.44,1,132.44,85.78,46.66,604,3.5
TXN-10745,2025-03-09,CUST-0860,51,Male,Silver,Groceries,Pasta,47.29,56.99,1,56.99,47.29,9.7,1233,6.8
TXN-13377,2025-03-09,CUST-0381,43,Female,Silver,Clothing,Socks,46.78,72.77,1,72.77,46.78,25.99,1059,6.8
TXN-13654,2025-03-09,CUST-0603,22,Male,Regular,Beauty & Health,Face Wash,9.13,14.22,1,14.22,9.13,5.09,1147,4.4
TXN-13095,2025-03-09,CUST-0713,33,Female,Gold,Home & Garden,Lamp,30.34,59.03,4,236.12,121.36,114.76,726,9.3
TXN-13276,2025-03-09,CUST-0758,35,Female,Regular,Clothing,Socks,46.78,72.77,2,145.54,93.56,51.98,1064,5.4
TXN-13181,2025-03-10,CUST-0326,46,Male,Gold,Clothing,T-Shirt,49.29,89.1,3,267.3,147.87,119.43,463,8.3
TXN-11858,2025-03-10,CUST-0317,39,Male,Regular,Beauty & Health,Shampoo,25.11,45.77,1,45.77,25.11,20.66,936,6.1
TXN-12393,2025-03-10,CUST-0985,30,Male,Silver,Home & Garden,Frying Pan,11.59,15.48,1,15.48,11.59,3.89,1690,5.5
TXN-11122,2025-03-10,CUST-0174,42,Male,Regular,Beauty & Health,Lotion,8.66,15.35,1,15.35,8.66,6.69,1083,3.6
TXN-12433,2025-03-10,CUST-0115,35,Male,Regular,Groceries,Bread,45.02,60.28,1,60.28,45.02,15.26,852,5.4
TXN-10207,2025-03-10,CUST-0284,54,Male,Silver,Groceries,Pasta,47.29,56.99,2,113.98,94.58,19.4,1273,8.0
TXN-14227,2025-03-10,CUST-0079,28,Other,Regular,Groceries,Cereal,40.44,66.69,1,66.69,40.44,26.25,440,4.7
TXN-11423,2025-03-10,CUST-0514,35,Female,Gold,Electronics,Headphones,49.93,84.43,1,84.43,49.93,34.5,1230,6.0
TXN-10048,2025-03-10,CUST-0385,61,Female,Regular,Clothing,Sneakers,20.09,39.7,1,39.7,20.09,19.61,772,6.8
TXN-11543,2025-03-10,CUST-0343,34,Female,Silver,Home & Garden,Mug,5.57,9.8,1,9.8,5.57,4.23,786,4.4
TXN-12440,2025-03-10,CUST-0836,47,Female,Silver,Home & Garden,Bed Sheets,41.27,74.29,1,74.29,41.27,33.02,1657,6.4
TXN-14458,2025-03-10,CUST-0577,30,Male,Regular,Home & Garden,Mug,5.57,9.8,1,9.8,5.57,4.23,583,6.8
TXN-14785,2025-03-10,CUST-0879,48,Other,Gold,Beauty & Health,Face Wash,9.13,14.22,1,14.22,9.13,5.09,1079,6.4
TXN-14638,2025-03-10,CUST-0655,46,Male,Regular,Beauty & Health,Shampoo,25.11,45.77,5,228.85,125.55,103.3,717,7.9
TXN-12717,2025-03-10,CUST-0812,40,Male,Regular,Clothing,T-Shirt,49.29,89.1,1,89.1,49.29,39.81,506,3.3
TXN-14037,2025-03-10,CUST-0282,52,Female,Silver,Home & Garden,Frying Pan,11.59,15.48,5,77.4,57.95,19.45,1555,7.7
TXN-13266,2025-03-11,CUST-0376,51,Male,Regular,Beauty & Health,Shampoo,25.11,45.77,1,45.77,25.11,20.66,817,6.1
TXN-12012,2025-03-11,CUST-0102,37,Female,Regular,Groceries,Chicken,14.09,25.57,3,76.71,42.27,34.44,1825,7.5
TXN-12120,2025-03-11,CUST-0268,41,Male,Regular,Home & Garden,Lamp,30.34,59.03,1,59.03,30.34,28.69,820,4.6
TXN-11691,2025-03-11,CUST-0729,59,Female,Regular,Home & Garden,Frying Pan,11.59,15.48,2,30.96,23.18,7.78,1729,7.7
TXN-11989,2025-03-11,CUST-0861,46,Female,Regular,Groceries,Rice,16.47,23.64,1,23.64,16.47,7.17,335,6.5
TXN-12770,2025-03-11,CUST-0027,23,Male,Regular,Electronics,USB Drive,123.53,158.32,10,1583.2,1235.3,347.9,1542,7.9
TXN-13235,2025-03-11,CUST-0704,32,Male,Silver,Clothing,Sneakers,20.09,39.7,4,158.8,80.36,78.44,565,7.6
TXN-10855,2025-03-11,CUST-0541,42,Male,Silver,Groceries,Cereal,40.44,66.69,2,133.38,80.88,52.5,698,4.3
TXN-12827,2025-03-11,CUST-0816,55,Male,Regular,Electronics,Headphones,49.93,84.43,1,84.43,49.93,34.5,1142,7.1
TXN-13538,2025-03-11,CUST-0396,43,Female,Regular,Clothing,Socks,46.78,72.77,3,218.31,140.34,77.97,1047,6.2
TXN-13098,2025-03-11,CUST-0135,18,Female,Gold,Electronics,Smartwatch,34.96,50.62,2,101.24,69.92,31.32,795,6.9
TXN-11352,2025-03-12,CUST-0851,30,Male,Silver,Home & Garden,Bed Sheets,41.27,74.29,1,74.29,41.27,33.02,1750,7.1
TXN-10075,2025-03-12,CUST-0822,30,Female,Regular,Home & Garden,Frying Pan,11.59,15.48,1,15.48,11.59,3.89,1848,5.4
TXN-13698,2025-03-12,CUST-0482,28,Male,Regular,Electronics,Keyboard,107.66,156.53,4,626.12,430.64,195.48,631,5.3
TXN-13770,2025-03-12,CUST-0966,39,Female,Regular,Home & Garden,Towel,36.45,51.3,1,51.3,36.45,14.85,700,6.0
TXN-13643,2025-03-12,CUST-0718,43,Female,Regular,Groceries,Pasta,47.29,56.99,1,56.99,47.29,9.7,1080,6.9
TXN-14164,2025-03-12,CUST-0926,29,Female,Silver,Beauty & Health,Face Wash,9.13,14.22,1,14.22,9.13,5.09,1098,7.1
TXN-10677,2025-03-12,CUST-0692,20,Female,Regular,Electronics,Charger,85.78,132.44,1,132.44,85.78,46.66,717,5.1
TXN-11192,2025-03-12,CUST-0219,56,Female,Silver,Groceries,Eggs,28.33,56.24,1,56.24,28.33,27.91,1599,4.4
TXN-13374,2025-03-12,CUST-0953,37,Male,Silver,Beauty & Health,Vitamins,4.16,7.52,1,7.52,4.16,3.36,1081,4.8
TXN-14535,2025-03-12,CUST-0531,24,Other,Regular,Home & Garden,Towel,36.45,51.3,2,102.6,72.9,29.7,641,6.5
TXN-14029,2025-03-12,CUST-0101,18,Female,Silver,Groceries,Eggs,28.33,56.24,3,168.72,84.99,83.73,1393,6.0
TXN-12055,2025-03-12,CUST-0048,18,Other,Regular,Groceries,Chicken,14.09,25.57,1,25.57,14.09,11.48,1816,5.2
TXN-14907,2025-03-12,CUST-0558,18,Female,Regular,Groceries,Cereal,40.44,66.69,1,66.69,40.44,26.25,392,6.0
TXN-13672,2025-03-12,CUST-0193,24,Female,Regular,Groceries,Pasta,47.29,56.99,1,56.99,47.29,9.7,1079,7.1
TXN-12686,2025-03-12,CUST-0380,18,Female,Silver,Clothing,Hat,3.72,6.93,2,13.86,7.44,6.42,616,4.8
TXN-11846,2025-03-13,CUST-0556,39,Female,Regular,Electronics,Charger,85.78,132.44,1,132.44,85.78,46.66,643,5.9
TXN-14371,2025-03-13,CUST-0843,31,Female,Silver,Home & Garden,Frying Pan,11.59,15.48,5,77.4,57.95,19.45,1517,6.6
TXN-11484,2025-03-13,CUST-0356,26,Female,Regular,Beauty & Health,Toothpaste,36.38,71.18,4,284.72,145.52,139.2,746,6.8
TXN-12727,2025-03-13,CUST-0004,37,Female,Regular,Groceries,Rice,16.47,23.64,3,70.92,49.41,21.51,285,4.0
TXN-10549,2025-03-13,CUST-0016,41,Male,Silver,Clothing,Jeans,45.05,74.05,10,740.5,450.5,290.0,1660,4.9
TXN-10111,2025-03-13,CUST-0925,44,Male,Silver,Groceries,Chicken,14.09,25.57,1,25.57,14.09,11.48,1918,6.8
TXN-10087,2025-03-13,CUST-0578,21,Female,Regular,Home & Garden,Towel,36.45,51.3,10,513.0,364.5,148.5,1016,8.6
TXN-11317,2025-03-14,CUST-0274,43,Female,Silver,Home & Garden,Mug,5.57,9.8,3,29.4,16.71,12.69,796,6.4
TXN-12278,2025-03-14,CUST-0737,45,Female,Regular,Beauty & Health,Face Wash,9.13,14.22,1,14.22,9.13,5.09,1267,7.5
TXN-14217,2025-03-14,CUST-0680,33,Female,Regular,Groceries,Rice,16.47,23.64,1,23.64,16.47,7.17,178,6.0
TXN-14083,2025-03-14,CUST-0240,43,Female,Silver,Clothing,Jacket,3.47,6.87,2,13.74,6.94,6.8,1192,7.6
TXN-12900,2025-03-14,CUST-0009,40,Female,Regular,Groceries,Pasta,47.29,56.99,4,227.96,189.16,38.8,1124,9.6
TXN-13640,2025-03-14,CUST-0150,40,Male,Regular,Home & Garden,Bed Sheets,41.27,74.29,4,297.16,165.08,132.08,1549,7.7
TXN-11711,2025-03-14,CUST-0472,18,Female,Silver,Home & Garden,Bed Sheets,41.27,74.29,2,148.58,82.54,66.04,1714,5.1
TXN-11523,2025-03-14,CUST-0544,19,Male,Regular,Clothing,Socks,46.78,72.77,1,72.77,46.78,25.99,1194,7.2
TXN-14119,2025-03-14,CUST-0514,45,Male,Regular,Electronics,Mouse,41.17,78.14,3,234.42,123.51,110.91,1032,6.3
TXN-12407,2025-03-14,CUST-0222,18,Male,Regular,Clothing,Sneakers,20.09,39.7,4,158.8,80.36,78.44,617,6.8
TXN-12490,2025-03-14,CUST-0453,18,Female,Regular,Electronics,Headphones,49.93,84.43,1,84.43,49.93,34.5,1175,7.6
TXN-12892,2025-03-14,CUST-0545,49,Male,Silver,Beauty & Health,Soap,11.95,23.02,5,115.1,59.75,55.35,926,9.5
TXN-12574,2025-03-14,CUST-0033,46,Male,Regular,Clothing,Jeans,45.05,74.05,1,74.05,45.05,29.0,1529,6.9
TXN-12359,2025-03-15,CUST-0092,18,Female,Silver,Beauty & Health,Face Wash,9.13,14.22,1,14.22,9.13,5.09,1251,7.4
TXN-12537,2025-03-15,CUST-0576,42,Male,Regular,Home & Garden,Bed Sheets,41.27,74.29,2,148.58,82.54,66.04,1645,6.6
TXN-11447,2025-03-15,CUST-0154,42,Female,Gold,Clothing,T-Shirt,49.29,89.1,1,89.1,49.29,39.81,595,7.2
TXN-14241,2025-03-15,CUST-0914,42,Male,Regular,Clothing,Hat,3.72,6.93,5,34.65,18.6,16.05,540,9.2
TXN-10138,2025-03-15,CUST-0272,23,Female,Regular,Groceries,Rice,16.47,23.64,1,23.64,16.47,7.17,498,5.1
TXN-12151,2025-03-15,CUST-0334,40,Male,Regular,Home & Garden,Lamp,30.34,59.03,4,236.12,121.36,114.76,816,7.6
TXN-11308,2025-03-15,CUST-0329,26,Male,Regular,Electronics,Mouse,41.17,78.14,4,312.56,164.68,147.88,1200,7.5
TXN-10131,2025-03-16,CUST-0794,36,Female,Regular,Beauty & Health,Toothpaste,36.38,71.18,1,71.18,36.38,34.8,837,8.3
TXN-12822,2025-03-16,CUST-0957,37,Female,Silver,Home & Garden,Bed Sheets,41.27,74.29,1,74.29,41.27,33.02,1612,7.4
TXN-13518,2025-03-16,CUST-0127,35,Female,Regular,Groceries,Rice,16.47,23.64,3,70.92,49.41,21.51,232,8.2
TXN-12339,2025-03-16,CUST-0251,54,Other,Gold,Groceries,Apples,18.31,24.59,1,24.59,18.31,6.28,1567,7.1
TXN-11066,2025-03-16,CUST-0471,31,Male,Regular,Clothing,Sneakers,20.09,39.7,2,79.4,40.18,39.22,690,7.6
TXN-12364,2025-03-16,CUST-0515,30,Male,Regular,Clothing,T-Shirt,49.29,89.1,1,89.1,49.29,39.81,528,4.9
TXN-14360,2025-03-16,CUST-0288,18,Female,Regular,Clothing,Jeans,45.05,74.05,1,74.05,45.05,29.0,1381,5.8
TXN-14053,2025-03-16,CUST-0050,34,Female,Regular,Beauty & Health,Face Wash,9.13,14.22,1,14.22,9.13,5.09,1106,4.3
TXN-10884,2025-03-16,CUST-0010,42,Male,Regular,Groceries,Apples,18.31,24.59,1,24.59,18.31,6.28,1694,5.0
TXN-14369,2025-03-17,CUST-0997,28,Female,Regular,Electronics,Smartwatch,34.96,50.62,3,151.86,104.88,46.98,678,6.6
TXN-11206,2025-03-17,CUST-0645,32,Male,Silver,Home & Garden,Lamp,30.34,59.03,5,295.15,151.7,143.45,897,6.4
TXN-13176,2025-03-17,CUST-0089,44,Male,Silver,Clothing,Socks,46.78,72.77,1,72.77,46.78,25.99,1074,6.8
TXN-14593,2025-03-17,CUST-0430,24,Male,Regular,Electronics,USB Drive,123.53,158.32,1,158.32,123.53,34.79,1412,6.2
TXN-13719,2025-03-17,CUST-0845,20,Male,Regular,Home & Garden,Bed Sheets,41.27,74.29,1,74.29,41.27,33.02,1547,6.4
TXN-12467,2025-03-17,CUST-0650,21,Male,Regular,Beauty & Health,Soap,11.95,23.02,3,69.06,35.85,33.21,957,5.5
TXN-13690,2025-03-17,CUST-0799,26,Female,Regular,Groceries,Rice,16.47,23.64,4,94.56,65.88,28.68,217,4.8
TXN-13275,2025-03-17,CUST-0631,41,Female,Regular,Clothing,Sneakers,20.09,39.7,2,79.4,40.18,39.22,560,6.3
TXN-11094,2025-03-17,CUST-0424,28,Female,Silver,Home & Garden,Lamp,30.34,59.03,3,177.09,91.02,86.07,913,6.8
TXN-13141,2025-03-17,CUST-0601,35,Female,Silver,Beauty & Health,Vitamins,4.16,7.52,1,7.52,4.16,3.36,1088,7.8
TXN-14130,2025-03-17,CUST-0751,18,Male,Regular,Beauty & Health,Face Wash,9.13,14.22,5,71.1,45.65,25.45,1099,8.3
TXN-11576,2025-03-17,CUST-0131,44,Female,Regular,Beauty & Health,Toothpaste,36.38,71.18,2,142.36,72.76,69.6,741,4.2
TXN-13700,2025-03-18,CUST-0055,24,Male,Regular,Home & Garden,Lamp,30.34,59.03,1,59.03,30.34,28.69,675,6.0
TXN-11651,2025-03-18,CUST-0899,18,Male,Regular,Beauty & Health,Shampoo,25.11,45.77,4,183.08,100.44,82.64,952,5.1
TXN-10802,2025-03-18,CUST-0953,56,Female,Regular,Beauty & Health,Vitamins,4.16,7.52,1,7.52,4.16,3.36,1309,3.8
TXN-10617,2025-03-18,CUST-0201,32,Male,Regular,Beauty & Health,Face Wash,9.13,14.22,3,42.66,27.39,15.27,1393,5.2
TXN-10338,2025-03-18,CUST-0050,36,Male,Regular,Beauty & Health,Face Wash,9.13,14.22,4,56.88,36.52,20.36,1410,8.9
TXN-10177,2025-03-18,CUST-0304,42,Female,Regular,Groceries,Pasta,47.29,56.99,4,227.96,189.16,38.8,1275,6.1
TXN-11984,2025-03-18,CUST-0892,35,Male,Regular,Electronics,Keyboard,107.66,156.53,1,156.53,107.66,48.87,744,5.0
TXN-12706,2025-03-18,CUST-0831,51,Male,Silver,Clothing,Sneakers,20.09,39.7,2,79.4,40.18,39.22,590,4.6
TXN-13315,2025-03-18,CUST-0251,26,Female,Regular,Groceries,Cereal,40.44,66.69,3,200.07,121.32,78.75,506,7.0
TXN-13932,2025-03-18,CUST-0613,31,Male,Regular,Electronics,Headphones,49.93,84.43,2,168.86,99.86,69.0,1070,4.0
TXN-11542,2025-03-18,CUST-0203,44,Male,Regular,Beauty & Health,Shampoo,25.11,45.77,1,45.77,25.11,20.66,966,6.7
TXN-11586,2025-03-18,CUST-0748,32,Male,Regular,Groceries,Pasta,47.29,56.99,3,170.97,141.87,29.1,1181,7.0
TXN-11635,2025-03-18,CUST-0343,42,Male,Regular,Beauty & Health,Toothpaste,36.38,71.18,2,142.36,72.76,69.6,736,3.8
TXN-13367,2025-03-19,CUST-0059,22,Female,Gold,Groceries,Bread,45.02,60.28,3,180.84,135.06,45.78,718,8.1
TXN-10019,2025-03-19,CUST-0051,55,Female,Regular,Home & Garden,Frying Pan,11.59,15.48,4,61.92,46.36,15.56,1853,8.9
TXN-14051,2025-03-19,CUST-0292,22,Female,Regular,Clothing,Jeans,45.05,74.05,1,74.05,45.05,29.0,1402,7.3
TXN-10309,2025-03-19,CUST-0450,28,Male,Regular,Electronics,Keyboard,107.66,156.53,1,156.53,107.66,48.87,852,5.1
TXN-14526,2025-03-19,CUST-0015,25,Male,Silver,Groceries,Eggs,28.33,56.24,2,112.48,56.66,55.82,1371,6.6
TXN-14678,2025-03-19,CUST-0249,32,Male,Regular,Beauty & Health,Vitamins,4.16,7.52,10,75.2,41.6,33.6,978,7.7
TXN-10156,2025-03-19,CUST-0154,23,Female,Silver,Electronics,Keyboard,107.66,156.53,2,313.06,215.32,97.74,871,4.8
TXN-13776,2025-03-19,CUST-0421,41,Male,Regular,Groceries,Pasta,47.29,56.99,5,284.95,236.45,48.5,1067,6.7
TXN-11301,2025-03-19,CUST-0222,37,Female,Silver,Electronics,Mouse,41.17,78.14,5,390.7,205.85,184.85,1204,7.7
TXN-13207,2025-03-19,CUST-0895,45,Female,Regular,Electronics,Mouse,41.17,78.14,4,312.56,164.68,147.88,1084,7.5
TXN-10079,2025-03-19,CUST-0978,40,Male,Regular,Home & Garden,Bed Sheets,41.27,74.29,3,222.87,123.81,99.06,1849,6.1
TXN-12840,2025-03-19,CUST-0713,33,Other,Regular,Home & Garden,Mug,5.57,9.8,3,29.4,16.71,12.69,698,7.2
TXN-10584,2025-03-19,CUST-0261,42,Male,Silver,Clothing,T-Shirt,49.29,89.1,1,89.1,49.29,39.81,658,3.8
TXN-10943,2025-03-19,CUST-0139,35,Female,Regular,Electronics,Mouse,41.17,78.14,1,78.14,41.17,36.97,1240,6.1
TXN-12208,2025-03-19,CUST-0195,58,Female,Regular,Clothing,T-Shirt,49.29,89.1,4,356.4,197.16,159.24,544,9.8
TXN-10181,2025-03-20,CUST-0210,43,Male,Gold,Electronics,Keyboard,107.66,156.53,1,156.53,107.66,48.87,870,9.5
TXN-11468,2025-03-20,CUST-0604,22,Female,Silver,Clothing,Jeans,45.05,74.05,5,370.25,225.25,145.0,1606,6.2
TXN-10251,2025-03-20,CUST-0339,18,Male,Regular,Home & Garden,Frying Pan,11.59,15.48,4,61.92,46.36,15.56,1835,4.3
TXN-14763,2025-03-20,CUST-0987,18,Female,Silver,Clothing,Socks,46.78,72.77,1,72.77,46.78,25.99,953,4.9
TXN-11570,2025-03-20,CUST-0799,29,Female,Gold,Electronics,Charger,85.78,132.44,1,132.44,85.78,46.66,658,6.7
TXN-12652,2025-03-20,CUST-0807,32,Female,Regular,Clothing,Sneakers,20.09,39.7,2,79.4,40.18,39.22,597,7.7
TXN-13091,2025-03-20,CUST-0742,42,Male,Silver,Home & Garden,Mug,5.57,9.8,1,9.8,5.57,4.23,670,6.9
TXN-12865,2025-03-20,CUST-0841,32,Male,Regular,Home & Garden,Towel,36.45,51.3,1,51.3,36.45,14.85,798,4.3
TXN-13946,2025-03-20,CUST-0573,38,Male,Regular,Clothing,Socks,46.78,72.77,3,218.31,140.34,77.97,1001,4.2
TXN-10813,2025-03-20,CUST-0392,18,Male,Silver,Beauty & Health,Vitamins,4.16,7.52,1,7.52,4.16,3.36,1308,5.0
TXN-11936,2025-03-20,CUST-0210,46,Male,Silver,Home & Garden,Bed Sheets,41.27,74.29,3,222.87,123.81,99.06,1687,4.4
TXN-14930,2025-03-20,CUST-0357,19,Female,Silver,Home & Garden,Lamp,30.34,59.03,5,295.15,151.7,143.45,540,6.2
TXN-13148,2025-03-20,CUST-0183,31,Female,Regular,Beauty & Health,Face Wash,9.13,14.22,2,28.44,18.26,10.18,1178,6.7
TXN-13464,2025-03-20,CUST-0885,41,Male,Regular,Electronics,Keyboard,107.66,156.53,2,313.06,215.32,97.74,649,6.0
TXN-13368,2025-03-20,CUST-0506,37,Male,Silver,Groceries,Cereal,40.44,66.69,2,133.38,80.88,52.5,500,5.0
TXN-14971,2025-03-20,CUST-0798,23,Male,Regular,Clothing,Jeans,45.05,74.05,1,74.05,45.05,29.0,1345,5.3
TXN-13556,2025-03-20,CUST-0084,33,Male,Regular,Clothing,Hat,3.72,6.93,5,34.65,18.6,16.05,584,6.9
TXN-10508,2025-03-20,CUST-0407,48,Other,Regular,Clothing,Jeans,45.05,74.05,1,74.05,45.05,29.0,1675,7.1
TXN-11248,2025-03-20,CUST-0559,37,Female,Silver,Electronics,USB Drive,123.53,158.32,5,791.6,617.65,173.95,1662,5.7
TXN-12931,2025-03-20,CUST-0370,58,Female,Regular,Home & Garden,Mug,5.57,9.8,1,9.8,5.57,4.23,697,4.6
TXN-12889,2025-03-20,CUST-0751,44,Female,Regular,Clothing,Jacket,3.47,6.87,1,6.87,3.47,3.4,1290,7.5
TXN-13583,2025-03-20,CUST-0334,32,Male,Regular,Home & Garden,Mug,5.57,9.8,1,9.8,5.57,4.23,647,6.3
TXN-10408,2025-03-20,CUST-0248,34,Male,Regular,Beauty & Health,Face Wash,9.13,14.22,1,14.22,9.13,5.09,1408,7.0
TXN-10799,2025-03-20,CUST-0717,24,Male,Regular,Clothing,Socks,46.78,72.77,2,145.54,93.56,51.98,1256,4.9
TXN-10212,2025-03-21,CUST-0051,44,Female,Regular,Home & Garden,Mug,5.57,9.8,2,19.6,11.14,8.46,859,6.1
TXN-12260,2025-03-21,CUST-0449,27,Female,Regular,Electronics,USB Drive,123.53,158.32,1,158.32,123.53,34.79,1587,7.1
TXN-14230,2025-03-21,CUST-0674,44,Male,Silver,Groceries,Milk,32.13,59.75,1,59.75,32.13,27.62,934,4.4
TXN-12242,2025-03-21,CUST-0957,33,Female,Regular,Home & Garden,Bed Sheets,41.27,74.29,1,74.29,41.27,33.02,1678,6.8
TXN-11847,2025-03-21,CUST-0238,52,Male,Gold,Groceries,Eggs,28.33,56.24,1,56.24,28.33,27.91,1569,9.8
TXN-13668,2025-03-21,CUST-0719,39,Female,Regular,Clothing,Jacket,3.47,6.87,2,13.74,6.94,6.8,1214,5.1
TXN-14962,2025-03-21,CUST-0994,47,Male,Regular,Electronics,Headphones,49.93,84.43,1,84.43,49.93,34.5,1010,6.6
TXN-10637,2025-03-21,CUST-0804,38,Male,Regular,Home & Garden,Bed Sheets,41.27,74.29,3,222.87,123.81,99.06,1809,4.3
TXN-10636,2025-03-21,CUST-0814,26,Male,Regular,Home & Garden,Frying Pan,11.59,15.48,1,15.48,11.59,3.89,1802,6.3
TXN-13942,2025-03-21,CUST-0861,26,Female,Regular,Groceries,Chicken,14.09,25.57,4,102.28,56.36,45.92,1697,6.3
TXN-12684,2025-03-21,CUST-0683,64,Male,Regular,Groceries,Chicken,14.09,25.57,1,25.57,14.09,11.48,1771,3.9
TXN-13969,2025-03-21,CUST-0494,23,Male,Regular,Beauty & Health,Shampoo,25.11,45.77,1,45.77,25.11,20.66,762,6.2
TXN-14733,2025-03-21,CUST-0146,26,Male,Regular,Home & Garden,Towel,36.45,51.3,1,51.3,36.45,14.85,626,6.7
TXN-12486,2025-03-21,CUST-0234,37,Male,Regular,Groceries,Eggs,28.33,56.24,1,56.24,28.33,27.91,1514,4.8
TXN-10304,2025-03-21,CUST-0706,38,Female,Gold,Electronics,USB Drive,123.53,158.32,3,474.96,370.59,104.37,1728,7.9
TXN-11940,2025-03-21,CUST-0974,29,Female,Regular,Home & Garden,Plant Pot,34.48,43.76,2,87.52,68.96,18.56,1670,5.6
TXN-12868,2025-03-21,CUST-0944,27,Female,Silver,Clothing,Sneakers,20.09,39.7,2,79.4,40.18,39.22,583,7.1
TXN-12929,2025-03-21,CUST-0729,18,Male,Silver,Groceries,Eggs,28.33,56.24,3,168.72,84.99,83.73,1490,4.9
TXN-13795,2025-03-22,CUST-0112,35,Male,Regular,Groceries,Rice,16.47,23.64,1,23.64,16.47,7.17,215,6.8
TXN-11226,2025-03-22,CUST-0074,49,Female,Regular,Groceries,Cereal,40.44,66.69,3,200.07,121.32,78.75,670,6.0
TXN-10917,2025-03-22,CUST-0441,18,Male,Silver,Clothing,Hat,3.72,6.93,2,13.86,7.44,6.42,744,7.9
TXN-12390,2025-03-22,CUST-0342,43,Male,Regular,Beauty & Health,Soap,11.95,23.02,1,23.02,11.95,11.07,963,6.6
TXN-14825,2025-03-22,CUST-0548,34,Female,Regular,Home & Garden,Lamp,30.34,59.03,1,59.03,30.34,28.69,568,6.8
TXN-12618,2025-03-22,CUST-0720,40,Female,Regular,Electronics,Headphones,49.93,84.43,1,84.43,49.93,34.5,1166,7.2
TXN-10518,2025-03-22,CUST-0522,43,Female,Silver,Electronics,Headphones,49.93,84.43,2,168.86,99.86,69.0,1301,7.8
TXN-11835,2025-03-22,CUST-0498,32,Female,Regular,Home & Garden,Bed Sheets,41.27,74.29,1,74.29,41.27,33.02,1699,6.1
TXN-12492,2025-03-22,CUST-0521,49,Male,Silver,Electronics,Charger,85.78,132.44,2,264.88,171.56,93.32,600,5.0
TXN-14414,2025-03-22,CUST-0490,31,Female,Silver,Groceries,Rice,16.47,23.64,3,70.92,49.41,21.51,139,5.2
TXN-11013,2025-03-22,CUST-0597,26,Female,Silver,Home & Garden,Plant Pot,34.48,43.76,10,437.6,344.8,92.8,1737,8.9
TXN-11753,2025-03-22,CUST-0526,53,Male,Gold,Clothing,Sneakers,20.09,39.7,2,79.4,40.18,39.22,649,7.4
TXN-11130,2025-03-22,CUST-0572,46,Male,Regular,Beauty & Health,Toothpaste,36.38,71.18,1,71.18,36.38,34.8,774,6.9
TXN-10086,2025-03-22,CUST-0414,59,Female,Regular,Electronics,Charger,85.78,132.44,1,132.44,85.78,46.66,759,4.8
TXN-13705,2025-03-22,CUST-0352,24,Female,Regular,Beauty & Health,Shampoo,25.11,45.77,4,183.08,100.44,82.64,780,8.2
TXN-12665,2025-03-22,CUST-0318,36,Male,Regular,Beauty & Health,Toothpaste,36.38,71.18,1,71.18,36.38,34.8,646,7.6
TXN-11532,2025-03-22,CUST-0892,20,Male,Regular,Groceries,Apples,18.31,24.59,1,24.59,18.31,6.28,1630,5.0
TXN-13244,2025-03-22,CUST-0143,28,Female,Silver,Beauty & Health,Vitamins,4.16,7.52,1,7.52,4.16,3.36,1086,5.6
TXN-14633,2025-03-22,CUST-0728,50,Female,Silver,Groceries,Eggs,28.33,56.24,1,56.24,28.33,27.91,1365,4.4
TXN-11065,2025-03-23,CUST-0438,32,Male,Regular,Home & Garden,Lamp,30.34,59.03,1,59.03,30.34,28.69,922,7.8
TXN-11264,2025-03-23,CUST-0143,34,Female,Silver,Clothing,Jeans,45.05,74.05,1,74.05,45.05,29.0,1625,7.6
TXN-10710,2025-03-23,CUST-0234,38,Female,Gold,Groceries,Chicken,14.09,25.57,2,51.14,28.18,22.96,1881,6.1
TXN-10478,2025-03-23,CUST-0923,29,Male,Silver,Home & Garden,Towel,36.45,51.3,4,205.2,145.8,59.4,975,4.8
TXN-10505,2025-03-23,CUST-0868,28,Female,Regular,Beauty & Health,Shampoo,25.11,45.77,1,45.77,25.11,20.66,1000,4.0
TXN-10395,2025-03-23,CUST-0942,47,Female,Regular,Clothing,Jacket,3.47,6.87,1,6.87,3.47,3.4,1507,4.3
TXN-10729,2025-03-23,CUST-0908,34,Female,Regular,Groceries,Apples,18.31,24.59,1,24.59,18.31,6.28,1704,5.8
TXN-13554,2025-03-23,CUST-0286,23,Female,Silver,Beauty & Health,Face Wash,9.13,14.22,1,14.22,9.13,5.09,1149,8.1
TXN-12844,2025-03-23,CUST-0415,47,Female,Regular,Clothing,T-Shirt,49.29,89.1,1,89.1,49.29,39.81,498,6.2
TXN-11076,2025-03-23,CUST-0172,31,Male,Gold,Groceries,Pasta,47.29,56.99,1,56.99,47.29,9.7,1225,7.7
TXN-10990,2025-03-23,CUST-0100,42,Male,Regular,Electronics,Charger,85.78,132.44,1,132.44,85.78,46.66,700,5.1
TXN-10481,2025-03-23,CUST-0929,53,Male,Regular,Groceries,Chicken,14.09,25.57,4,102.28,56.36,45.92,1902,6.7
TXN-12593,2025-03-23,CUST-0384,18,Male,Regular,Home & Garden,Bed Sheets,41.27,74.29,1,74.29,41.27,33.02,1640,7.3
TXN-10739,2025-03-23,CUST-0317,18,Male,Regular,Groceries,Pasta,47.29,56.99,1,56.99,47.29,9.7,1234,5.3
TXN-12434,2025-03-23,CUST-0994,45,Male,Regular,Beauty & Health,Toothpaste,36.38,71.18,2,142.36,72.76,69.6,661,5.9
TXN-10709,2025-03-24,CUST-0663,18,Female,Regular,Groceries,Rice,16.47,23.64,4,94.56,65.88,28.68,443,8.7
TXN-10631,2025-03-24,CUST-0043,22,Female,Regular,Groceries,Pasta,47.29,56.99,2,113.98,94.58,19.4,1238,5.1
TXN-12461,2025-03-24,CUST-0502,31,Other,Regular,Clothing,Jacket,3.47,6.87,1,6.87,3.47,3.4,1325,5.4
TXN-14259,2025-03-24,CUST-0765,37,Female,Regular,Beauty & Health,Lotion,8.66,15.35,2,30.7,17.32,13.38,908,8.4
TXN-14964,2025-03-24,CUST-0917,36,Male,Silver,Clothing,T-Shirt,49.29,89.1,1,89.1,49.29,39.81,353,4.7
TXN-10296,2025-03-24,CUST-0529,54,Male,Regular,Beauty & Health,Toothpaste,36.38,71.18,2,142.36,72.76,69.6,827,5.8
TXN-14524,2025-03-24,CUST-0546,32,Female,Regular,Home & Garden,Plant Pot,34.48,43.76,3,131.28,103.44,27.84,1455,4.7
TXN-14383,2025-03-24,CUST-0120,18,Male,Regular,Clothing,T-Shirt,49.29,89.1,1,89.1,49.29,39.81,394,6.4
TXN-10941,2025-03-24,CUST-0530,50,Male,Regular,Beauty & Health,Face Wash,9.13,14.22,3,42.66,27.39,15.27,1367,6.4
TXN-13585,2025-03-24,CUST-0426,33,Female,Regular,Home & Garden,Plant Pot,34.48,43.76,1,43.76,34.48,9.28,1540,7.1
TXN-11852,2025-03-24,CUST-0469,56,Female,Regular,Electronics,Headphones,49.93,84.43,2,168.86,99.86,69.0,1203,4.9
TXN-10041,2025-03-24,CUST-0004,34,Female,Silver,Electronics,Smartwatch,34.96,50.62,3,151.86,104.88,46.98,1002,5.9
TXN-12170,2025-03-24,CUST-0710,34,Other,Regular,Home & Garden,Towel,36.45,51.3,2,102.6,72.9,29.7,829,3.9
TXN-12882,2025-03-24,CUST-0641,40,Female,Regular,Clothing,Sneakers,20.09,39.7,1,39.7,20.09,19.61,582,6.0
TXN-10824,2025-03-24,CUST-0369,34,Female,Regular,Home & Garden,Lamp,30.34,59.03,5,295.15,151.7,143.45,929,6.5
TXN-11499,2025-03-25,CUST-0800,20,Male,Silver,Beauty & Health,Soap,11.95,23.02,3,69.06,35.85,33.21,1008,5.5
TXN-10311,2025-03-25,CUST-0637,19,Male,Regular,Beauty & Health,Vitamins,4.16,7.52,1,7.52,4.16,3.36,1332,4.6
TXN-14393,2025-03-25,CUST-0358,59,Male,Gold,Home & Garden,Plant Pot,34.48,43.76,1,43.76,34.48,9.28,1478,9.0
TXN-12831,2025-03-25,CUST-0620,36,Female,Gold,Electronics,Charger,85.78,132.44,1,132.44,85.78,46.66,572,7.6
TXN-13395,2025-03-25,CUST-0827,48,Female,Silver,Home & Garden,Towel,36.45,51.3,1,51.3,36.45,14.85,763,3.2
TXN-13365,2025-03-25,CUST-0342,20,Female,Silver,Beauty & Health,Vitamins,4.16,7.52,1,7.52,4.16,3.36,1082,7.5
TXN-11133,2025-03-25,CUST-0942,30,Female,Gold,Groceries,Pasta,47.29,56.99,4,227.96,189.16,38.8,1214,7.3
TXN-11907,2025-03-25,CUST-0180,35,Male,Regular,Home & Garden,Bed Sheets,41.27,74.29,1,74.29,41.27,33.02,1695,4.4
TXN-10473,2025-03-25,CUST-0054,44,Female,Regular,Beauty & Health,Vitamins,4.16,7.52,1,7.52,4.16,3.36,1325,4.2
TXN-10770,2025-03-25,CUST-0426,20,Male,Regular,Clothing,Hat,3.72,6.93,5,34.65,18.6,16.05,768,5.6
TXN-14161,2025-03-25,CUST-0218,27,Male,Regular,Clothing,T-Shirt,49.29,89.1,1,89.1,49.29,39.81,421,7.2
TXN-13424,2025-03-25,CUST-0874,34,Male,Regular,Beauty & Health,Shampoo,25.11,45.77,5,228.85,125.55,103.3,796,4.8
TXN-13504,2025-03-25,CUST-0892,24,Male,Regular,Beauty & Health,Soap,11.95,23.02,1,23.02,11.95,11.07,898,7.0
TXN-11573,2025-03-25,CUST-0445,37,Other,Regular,Beauty & Health,Lotion,8.66,15.35,1,15.35,8.66,6.69,1061,6.7
TXN-14888,2025-03-26,CUST-0548,41,Female,Silver,Clothing,Jeans,45.05,74.05,1,74.05,45.05,29.0,1348,7.6
TXN-12970,2025-03-26,CUST-0725,43,Male,Regular,Electronics,Charger,85.78,132.44,1,132.44,85.78,46.66,557,7.8
TXN-11653,2025-03-26,CUST-0916,29,Male,Silver,Beauty & Health,Soap,11.95,23.02,1,23.02,11.95,11.07,1006,7.0
TXN-14613,2025-03-26,CUST-0402,18,Female,Gold,Clothing,Socks,46.78,72.77,2,145.54,93.56,51.98,959,7.9
TXN-14158,2025-03-26,CUST-0544,50,Female,Regular,Electronics,Mouse,41.17,78.14,1,78.14,41.17,36.97,1024,7.4
TXN-12685,2025-03-26,CUST-0461,43,Female,Silver,Electronics,Mouse,41.17,78.14,1,78.14,41.17,36.97,1128,7.6
TXN-12927,2025-03-26,CUST-0872,39,Female,Silver,Clothing,Socks,46.78,72.77,4,291.08,187.12,103.96,1084,9.1
TXN-10193,2025-03-26,CUST-0992,51,Male,Regular,Beauty & Health,Soap,11.95,23.02,1,23.02,11.95,11.07,1085,8.4
TXN-13938,2025-03-26,CUST-0113,19,Female,Silver,Clothing,T-Shirt,49.29,89.1,1,89.1,49.29,39.81,428,6.2
TXN-12606,2025-03-26,CUST-0799,18,Female,Regular,Beauty & Health,Vitamins,4.16,7.52,1,7.52,4.16,3.36,1130,5.7
TXN-11869,2025-03-26,CUST-0007,36,Male,Regular,Beauty & Health,Face Wash,9.13,14.22,1,14.22,9.13,5.09,1305,6.1
TXN-13340,2025-03-26,CUST-0251,28,Male,Silver,Beauty & Health,Toothpaste,36.38,71.18,4,284.72,145.52,139.2,595,7.1
TXN-14764,2025-03-26,CUST-0507,20,Female,Silver,Clothing,Jeans,45.05,74.05,2,148.1,90.1,58.0,1358,5.7
TXN-13846,2025-03-27,CUST-0207,42,Male,Silver,Groceries,Eggs,28.33,56.24,4,224.96,113.32,111.64,1423,5.3
TXN-12159,2025-03-27,CUST-0681,35,Female,Silver,Groceries,Rice,16.47,23.64,1,23.64,16.47,7.17,319,7.3
TXN-14185,2025-03-27,CUST-0676,45,Female,Gold,Clothing,Jeans,45.05,74.05,1,74.05,45.05,29.0,1389,6.4
TXN-14107,2025-03-27,CUST-0466,22,Female,Silver,Beauty & Health,Vitamins,4.16,7.52,3,22.56,12.48,10.08,1035,7.7
TXN-13297,2025-03-27,CUST-0279,43,Female,Silver,Groceries,Bread,45.02,60.28,10,602.8,450.2,152.6,732,8.5
TXN-12445,2025-03-27,CUST-0473,56,Male,Regular,Electronics,Mouse,41.17,78.14,2,156.28,82.34,73.94,1138,4.1
TXN-11074,2025-03-27,CUST-0104,32,Other,Silver,Beauty & Health,Face Wash,9.13,14.22,10,142.2,91.3,50.9,1350,7.9
TXN-13747,2025-03-27,CUST-0756,28,Other,Silver,Groceries,Apples,18.31,24.59,1,24.59,18.31,6.28,1462,6.1
TXN-14939,2025-03-27,CUST-0626,43,Male,Regular,Clothing,Jeans,45.05,74.05,1,74.05,45.05,29.0,1346,7.9
TXN-14727,2025-03-27,CUST-0915,18,Female,Silver,Groceries,Milk,32.13,59.75,1,59.75,32.13,27.62,891,4.9
TXN-14896,2025-03-27,CUST-0597,34,Male,Regular,Home & Garden,Bed Sheets,41.27,74.29,10,742.9,412.7,330.2,1447,7.6
TXN-14992,2025-03-28,CUST-0653,35,Female,Silver,Clothing,Sneakers,20.09,39.7,2,79.4,40.18,39.22,463,8.0
TXN-14765,2025-03-28,CUST-0766,38,Male,Silver,Electronics,USB Drive,123.53,158.32,1,158.32,123.53,34.79,1407,7.0
TXN-11957,2025-03-28,CUST-0609,45,Male,Regular,Beauty & Health,Shampoo,25.11,45.77,2,91.54,50.22,41.32,925,6.3
TXN-14503,2025-03-28,CUST-0519,27,Female,Regular,Beauty & Health,Toothpaste,36.38,71.18,3,213.54,109.14,104.4,499,6.0
TXN-10558,2025-03-28,CUST-0586,41,Female,Silver,Groceries,Chicken,14.09,25.57,1,25.57,14.09,11.48,1895,4.9
TXN-14467,2025-03-28,CUST-0808,57,Male,Regular,Home & Garden,Mug,5.57,9.8,2,19.6,11.14,8.46,581,6.1
TXN-14889,2025-03-28,CUST-0948,43,Male,Silver,Clothing,Socks,46.78,72.77,1,72.77,46.78,25.99,936,4.5
TXN-13242,2025-03-28,CUST-0664,55,Male,Regular,Beauty & Health,Lotion,8.66,15.35,1,15.35,8.66,6.69,950,5.5
TXN-11588,2025-03-28,CUST-0545,18,Male,Silver,Clothing,Hat,3.72,6.93,1,6.93,3.72,3.21,687,7.0
TXN-14487,2025-03-29,CUST-0842,19,Male,Silver,Groceries,Rice,16.47,23.64,1,23.64,16.47,7.17,126,6.7
TXN-11223,2025-03-29,CUST-0944,34,Male,Silver,Electronics,USB Drive,123.53,158.32,2,316.64,247.06,69.58,1668,4.1
TXN-12254,2025-03-29,CUST-0311,37,Other,Regular,Home & Garden,Towel,36.45,51.3,4,205.2,145.8,59.4,825,6.9
TXN-14307,2025-03-29,CUST-0450,30,Female,Regular,Home & Garden,Lamp,30.34,59.03,4,236.12,121.36,114.76,620,7.5
TXN-12808,2025-03-29,CUST-0497,44,Female,Silver,Clothing,Hat,3.72,6.93,1,6.93,3.72,3.21,613,4.6
TXN-14871,2025-03-29,CUST-0878,29,Female,Regular,Clothing,Socks,46.78,72.77,1,72.77,46.78,25.99,939,6.3
TXN-12657,2025-03-29,CUST-0546,37,Male,Silver,Groceries,Eggs,28.33,56.24,1,56.24,28.33,27.91,1509,7.0
TXN-10533,2025-03-29,CUST-0732,18,Male,Regular,Clothing,Jeans,45.05,74.05,1,74.05,45.05,29.0,1674,6.3
TXN-13526,2025-03-29,CUST-0064,18,Female,Regular,Groceries,Pasta,47.29,56.99,1,56.99,47.29,9.7,1084,4.2
TXN-10938,2025-03-29,CUST-0635,32,Female,Regular,Electronics,Mouse,41.17,78.14,4,312.56,164.68,147.88,1241,9.3
TXN-12276,2025-03-29,CUST-0171,45,Male,Gold,Clothing,Socks,46.78,72.77,5,363.85,233.9,129.95,1141,6.2
TXN-13650,2025-03-29,CUST-0372,54,Male,Silver,Beauty & Health,Face Wash,9.13,14.22,1,14.22,9.13,5.09,1148,4.6
TXN-12772,2025-03-29,CUST-0647,36,Female,Regular,Groceries,Cereal,40.44,66.69,1,66.69,40.44,26.25,567,6.0
TXN-10862,2025-03-29,CUST-0646,40,Male,Regular,Clothing,Hat,3.72,6.93,4,27.72,14.88,12.84,752,7.0
TXN-14943,2025-03-30,CUST-0612,52,Female,Regular,Electronics,Keyboard,107.66,156.53,3,469.59,322.98,146.61,510,4.1
TXN-13681,2025-03-30,CUST-0554,34,Female,Gold,Groceries,Rice,16.47,23.64,1,23.64,16.47,7.17,221,9.1
TXN-10176,2025-03-30,CUST-0167,53,Female,Regular,Clothing,Jacket,3.47,6.87,3,20.61,10.41,10.2,1519,4.3
TXN-13050,2025-03-30,CUST-0310,32,Male,Gold,Clothing,Sneakers,20.09,39.7,1,39.7,20.09,19.61,578,8.6
TXN-10560,2025-03-30,CUST-0573,25,Male,Regular,Groceries,Chicken,14.09,25.57,1,25.57,14.09,11.48,1894,5.4
TXN-12200,2025-03-30,CUST-0424,43,Female,Regular,Home & Garden,Lamp,30.34,59.03,2,118.06,60.68,57.38,814,5.9
TXN-13900,2025-03-30,CUST-0303,43,Male,Silver,Beauty & Health,Lotion,8.66,15.35,1,15.35,8.66,6.69,933,4.5
TXN-12177,2025-03-30,CUST-0506,41,Female,Regular,Groceries,Cereal,40.44,66.69,1,66.69,40.44,26.25,614,7.7
TXN-12466,2025-03-30,CUST-0672,52,Other,Silver,Beauty & Health,Shampoo,25.11,45.77,1,45.77,25.11,20.66,882,8.2
TXN-14545,2025-03-30,CUST-0501,22,Female,Regular,Electronics,Smartwatch,34.96,50.62,5,253.1,174.8,78.3,651,8.9
TXN-14178,2025-03-30,CUST-0999,61,Male,Regular,Home & Garden,Plant Pot,34.48,43.76,4,175.04,137.92,37.12,1499,6.4
TXN-12726,2025-03-30,CUST-0474,29,Male,Silver,Groceries,Apples,18.31,24.59,1,24.59,18.31,6.28,1541,8.0
TXN-10602,2025-03-30,CUST-0022,36,Male,Regular,Clothing,Jacket,3.47,6.87,1,6.87,3.47,3.4,1499,4.2
TXN-10483,2025-03-30,CUST-0030,42,Male,Gold,Groceries,Chicken,14.09,25.57,4,102.28,56.36,45.92,1898,9.3
TXN-10772,2025-03-31,CUST-0669,34,Other,Regular,Clothing,Jacket,3.47,6.87,1,6.87,3.47,3.4,1491,4.1
TXN-12788,2025-03-31,CUST-0899,18,Other,Silver,Groceries,Cereal,40.44,66.69,10,666.9,404.4,262.5,557,8.7
TXN-10073,2025-03-31,CUST-0681,48,Other,Silver,Home & Garden,Plant Pot,34.48,43.76,2,87.52,68.96,18.56,1826,4.1
TXN-14192,2025-03-31,CUST-0861,25,Female,Silver,Electronics,Smartwatch,34.96,50.62,2,101.24,69.92,31.32,699,7.4
TXN-10867,2025-03-31,CUST-0996,24,Female,Gold,Electronics,Charger,85.78,132.44,2,264.88,171.56,93.32,706,9.7
TXN-10608,2025-03-31,CUST-0799,20,Female,Silver,Beauty & Health,Vitamins,4.16,7.52,2,15.04,8.32,6.72,1322,7.8
TXN-12581,2025-03-31,CUST-0734,31,Male,Gold,Groceries,Cereal,40.44,66.69,1,66.69,40.44,26.25,587,6.0
TXN-12669,2025-03-31,CUST-0966,25,Male,Regular,Beauty & Health,Face Wash,9.13,14.22,1,14.22,9.13,5.09,1224,4.8
TXN-12039,2025-03-31,CUST-0384,37,Female,Regular,Clothing,Jeans,45.05,74.05,3,222.15,135.15,87.0,1573,5.4
TXN-11342,2025-03-31,CUST-0082,29,Male,Regular,Electronics,Mouse,41.17,78.14,3,234.42,123.51,110.91,1197,4.4
TXN-14869,2025-03-31,CUST-0363,35,Male,Regular,Home & Garden,Lamp,30.34,59.03,2,118.06,60.68,57.38,561,5.8
TXN-10420,2025-03-31,CUST-0940,38,Female,Gold,Beauty & Health,Shampoo,25.11,45.77,3,137.31,75.33,61.98,1009,5.8
TXN-13720,2025-03-31,CUST-0830,41,Female,Regular,Groceries,Eggs,28.33,56.24,3,168.72,84.99,83.73,1431,5.3
TXN-11204,2025-03-31,CUST-0342,48,Female,Regular,Groceries,Milk,32.13,59.75,1,59.75,32.13,27.62,1130,7.3
TXN-13162,2025-03-31,CUST-0665,46,Female,Regular,Home & Garden,Plant Pot,34.48,43.76,2,87.52,68.96,18.56,1580,8.3
TXN-10204,2025-03-31,CUST-0566,36,Male,Regular,Groceries,Apples,18.31,24.59,1,24.59,18.31,6.28,1739,4.2
TXN-10728,2025-03-31,CUST-0469,30,Male,Regular,Home & Garden,Bed Sheets,41.27,74.29,4,297.16,165.08,132.08,1800,9.3
TXN-12563,2025-03-31,CUST-0836,37,Female,Gold,Groceries,Eggs,28.33,56.24,3,168.72,84.99,83.73,1510,9.2
TXN-11170,2025-03-31,CUST-0207,18,Male,Regular,Home & Garden,Lamp,30.34,59.03,1,59.03,30.34,28.69,902,6.4
TXN-11459,2025-03-31,CUST-0144,30,Male,Regular,Groceries,Apples,18.31,24.59,1,24.59,18.31,6.28,1634,5.7
TXN-11501,2025-03-31,CUST-0699,28,Female,Silver,Home & Garden,Plant Pot,34.48,43.76,2,87.52,68.96,18.56,1709,7.0
TXN-11083,2025-03-31,CUST-0067,49,Male,Regular,Home & Garden,Plant Pot,34.48,43.76,1,43.76,34.48,9.28,1734,5.7
TXN-12903,2025-03-31,CUST-0434,18,Female,Regular,Beauty & Health,Face Wash,9.13,14.22,5,71.1,45.65,25.45,1197,7.9
TXN-14956,2025-03-31,CUST-0733,37,Male,Regular,Beauty & Health,Face Wash,9.13,14.22,2,28.44,18.26,10.18,1060,4.7
TXN-11481,2025-04-01,CUST-0626,29,Male,Gold,Home & Garden,Bed Sheets,41.27,74.29,1,74.29,41.27,33.02,1731,5.0
TXN-11671,2025-04-01,CUST-0386,18,Female,Regular,Beauty & Health,Soap,11.95,23.02,1,23.02,11.95,11.07,995,6.9
TXN-13112,2025-04-01,CUST-0575,49,Female,Regular,Groceries,Pasta,47.29,56.99,4,227.96,189.16,38.8,1106,4.5
TXN-13815,2025-04-01,CUST-0373,58,Male,Gold,Groceries,Bread,45.02,60.28,1,60.28,45.02,15.26,675,8.9
TXN-13461,2025-04-01,CUST-0320,43,Male,Regular,Groceries,Eggs,28.33,56.24,3,168.72,84.99,83.73,1442,5.1
TXN-14895,2025-04-01,CUST-0142,19,Male,Regular,Groceries,Rice,16.47,23.64,2,47.28,32.94,14.34,104,7.3
TXN-11624,2025-04-01,CUST-0264,41,Female,Regular,Electronics,Charger,85.78,132.44,3,397.32,257.34,139.98,655,4.6
TXN-13810,2025-04-01,CUST-0513,20,Female,Regular,Beauty & Health,Vitamins,4.16,7.52,1,7.52,4.16,3.36,1054,6.6
TXN-11544,2025-04-01,CUST-0756,32,Other,Silver,Groceries,Eggs,28.33,56.24,1,56.24,28.33,27.91,1584,6.2
TXN-12732,2025-04-01,CUST-0240,34,Male,Regular,Electronics,Mouse,41.17,78.14,1,78.14,41.17,36.97,1126,5.8
TXN-14084,2025-04-01,CUST-0484,34,Other,Regular,Electronics,Charger,85.78,132.44,1,132.44,85.78,46.66,467,4.0
TXN-14329,2025-04-01,CUST-0828,32,Female,Silver,Electronics,Keyboard,107.66,156.53,5,782.65,538.3,244.35,554,8.7
TXN-11599,2025-04-01,CUST-0368,29,Female,Regular,Clothing,Socks,46.78,72.77,2,145.54,93.56,51.98,1189,8.1
TXN-14865,2025-04-01,CUST-0329,38,Female,Regular,Electronics,Charger,85.78,132.44,1,132.44,85.78,46.66,427,6.7
TXN-13285,2025-04-01,CUST-0647,37,Female,Silver,Home & Garden,Bed Sheets,41.27,74.29,1,74.29,41.27,33.02,1584,7.0
TXN-13902,2025-04-02,CUST-0003,43,Male,Regular,Beauty & Health,Face Wash,9.13,14.22,3,42.66,27.39,15.27,1119,4.7
TXN-12918,2025-04-02,CUST-0349,18,Male,Regular,Beauty & Health,Vitamins,4.16,7.52,1,7.52,4.16,3.36,1102,4.6
TXN-12768,2025-04-02,CUST-0176,36,Female,Regular,Beauty & Health,Face Wash,9.13,14.22,3,42.66,27.39,15.27,1217,4.4
TXN-14268,2025-04-02,CUST-0125,35,Female,Silver,Beauty & Health,Face Wash,9.13,14.22,1,14.22,9.13,5.09,1096,6.2
TXN-13470,2025-04-02,CUST-0028,39,Female,Silver,Groceries,Cereal,40.44,66.69,3,200.07,121.32,78.75,496,5.8
TXN-12420,2025-04-02,CUST-0239,20,Male,Regular,Beauty & Health,Toothpaste,36.38,71.18,1,71.18,36.38,34.8,667,5.3
TXN-12336,2025-04-02,CUST-0500,47,Female,Regular,Electronics,USB Drive,123.53,158.32,1,158.32,123.53,34.79,1575,5.6
TXN-14925,2025-04-02,CUST-0936,30,Female,Silver,Groceries,Eggs,28.33,56.24,1,56.24,28.33,27.91,1337,7.9
TXN-13376,2025-04-02,CUST-0396,38,Male,Gold,Groceries,Pasta,47.29,56.99,1,56.99,47.29,9.7,1088,9.3
TXN-10603,2025-04-02,CUST-0088,49,Female,Regular,Beauty & Health,Soap,11.95,23.02,3,69.06,35.85,33.21,1067,5.0
TXN-14436,2025-04-02,CUST-0962,26,Other,Silver,Groceries,Eggs,28.33,56.24,1,56.24,28.33,27.91,1385,5.4
TXN-10384,2025-04-02,CUST-0841,22,Female,Regular,Groceries,Milk,32.13,59.75,1,59.75,32.13,27.62,1179,7.5
TXN-10393,2025-04-02,CUST-0365,39,Male,Regular,Beauty & Health,Toothpaste,36.38,71.18,1,71.18,36.38,34.8,825,4.3
TXN-13655,2025-04-02,CUST-0095,32,Other,Silver,Clothing,Jacket,3.47,6.87,10,68.7,34.7,34.0,1218,7.0
TXN-11872,2025-04-02,CUST-0388,31,Male,Regular,Home & Garden,Lamp,30.34,59.03,1,59.03,30.34,28.69,844,4.4
TXN-12191,2025-04-02,CUST-0174,38,Male,Silver,Groceries,Milk,32.13,59.75,10,597.5,321.3,276.2,1048,9.3
TXN-12720,2025-04-02,CUST-0872,56,Male,Regular,Beauty & Health,Toothpaste,36.38,71.18,1,71.18,36.38,34.8,642,5.1
TXN-13977,2025-04-02,CUST-0996,38,Female,Regular,Groceries,Cereal,40.44,66.69,1,66.69,40.44,26.25,453,3.6
TXN-11680,2025-04-02,CUST-0267,29,Male,Regular,Groceries,Milk,32.13,59.75,2,119.5,64.26,55.24,1099,7.2
TXN-14617,2025-04-03,CUST-0362,18,Male,Regular,Electronics,Keyboard,107.66,156.53,1,156.53,107.66,48.87,534,5.1
TXN-10683,2025-04-03,CUST-0991,22,Male,Regular,Electronics,Charger,85.78,132.44,2,264.88,171.56,93.32,715,4.0
TXN-13692,2025-04-03,CUST-0195,43,Male,Regular,Home & Garden,Plant Pot,34.48,43.76,1,43.76,34.48,9.28,1537,5.7
TXN-14151,2025-04-03,CUST-0480,37,Male,Silver,Electronics,Mouse,41.17,78.14,1,78.14,41.17,36.97,1025,6.2
TXN-10881,2025-04-03,CUST-0864,18,Male,Regular,Home & Garden,Towel,36.45,51.3,2,102.6,72.9,29.7,924,7.5
TXN-12546,2025-04-03,CUST-0008,23,Female,Silver,Groceries,Cereal,40.44,66.69,1,66.69,40.44,26.25,588,6.2
TXN-12722,2025-04-03,CUST-0752,21,Female,Silver,Groceries,Cereal,40.44,66.69,10,666.9,404.4,262.5,573,8.1
TXN-11444,2025-04-03,CUST-0727,18,Female,Silver,Groceries,Milk,32.13,59.75,2,119.5,64.26,55.24,1119,8.2
TXN-10243,2025-04-03,CUST-0235,55,Male,Silver,Beauty & Health,Toothpaste,36.38,71.18,2,142.36,72.76,69.6,829,5.1
TXN-13269,2025-04-03,CUST-0291,62,Male,Gold,Electronics,Mouse,41.17,78.14,1,78.14,41.17,36.97,1069,8.6
TXN-13733,2025-04-03,CUST-0442,23,Male,Gold,Home & Garden,Lamp,30.34,59.03,1,59.03,30.34,28.69,674,6.9
TXN-11894,2025-04-03,CUST-0153,27,Male,Regular,Groceries,Pasta,47.29,56.99,1,56.99,47.29,9.7,1173,4.4
TXN-12564,2025-04-03,CUST-0132,44,Female,Silver,Home & Garden,Frying Pan,11.59,15.48,1,15.48,11.59,3.89,1679,4.0
TXN-11043,2025-04-03,CUST-0240,31,Female,Silver,Groceries,Cereal,40.44,66.69,1,66.69,40.44,26.25,690,7.0
TXN-11737,2025-04-04,CUST-0658,18,Female,Silver,Clothing,Sneakers,20.09,39.7,2,79.4,40.18,39.22,651,4.0
TXN-13438,2025-04-04,CUST-0044,39,Female,Regular,Electronics,Smartwatch,34.96,50.62,1,50.62,34.96,15.66,754,5.2
TXN-14463,2025-04-04,CUST-0652,33,Female,Regular,Groceries,Cereal,40.44,66.69,3,200.07,121.32,78.75,425,7.6
TXN-11925,2025-04-04,CUST-0523,31,Male,Silver,Beauty & Health,Lotion,8.66,15.35,1,15.35,8.66,6.69,1043,4.7
TXN-13482,2025-04-04,CUST-0600,29,Female,Regular,Electronics,Charger,85.78,132.44,10,1324.4,857.8,466.6,521,6.0
TXN-14890,2025-04-04,CUST-0980,33,Male,Regular,Beauty & Health,Vitamins,4.16,7.52,1,7.52,4.16,3.36,972,4.8
TXN-10605,2025-04-04,CUST-0313,26,Other,Silver,Home & Garden,Towel,36.45,51.3,2,102.6,72.9,29.7,961,6.0
TXN-13137,2025-04-04,CUST-0583,40,Female,Regular,Groceries,Cereal,40.44,66.69,1,66.69,40.44,26.25,522,7.9
TXN-11655,2025-04-04,CUST-0310,42,Female,Silver,Groceries,Apples,18.31,24.59,1,24.59,18.31,6.28,1608,5.8
TXN-14218,2025-04-04,CUST-0098,30,Female,Silver,Electronics,Mouse,41.17,78.14,1,78.14,41.17,36.97,1018,5.2
TXN-11999,2025-04-04,CUST-0159,40,Female,Regular,Groceries,Pasta,47.29,56.99,2,113.98,94.58,19.4,1165,6.3
TXN-12272,2025-04-04,CUST-0966,22,Female,Silver,Home & Garden,Frying Pan,11.59,15.48,1,15.48,11.59,3.89,1692,5.8
TXN-10660,2025-04-04,CUST-0977,35,Male,Regular,Clothing,Sneakers,20.09,39.7,1,39.7,20.09,19.61,742,7.2
TXN-11772,2025-04-04,CUST-0027,40,Male,Regular,Groceries,Eggs,28.33,56.24,4,224.96,113.32,111.64,1571,6.9
TXN-13124,2025-04-04,CUST-0082,39,Female,Regular,Electronics,USB Drive,123.53,158.32,1,158.32,123.53,34.79,1517,7.1
TXN-13036,2025-04-05,CUST-0258,47,Female,Regular,Beauty & Health,Toothpaste,36.38,71.18,4,284.72,145.52,139.2,621,6.8
TXN-12135,2025-04-05,CUST-0756,19,Male,Regular,Beauty & Health,Shampoo,25.11,45.77,1,45.77,25.11,20.66,903,5.6
TXN-13406,2025-04-05,CUST-0864,30,Female,Regular,Beauty & Health,Face Wash,9.13,14.22,1,14.22,9.13,5.09,1150,4.7
TXN-13576,2025-04-05,CUST-0012,33,Female,Silver,Beauty & Health,Vitamins,4.16,7.52,1,7.52,4.16,3.36,1070,4.5
TXN-13288,2025-04-05,CUST-0901,30,Female,Silver,Beauty & Health,Face Wash,9.13,14.22,5,71.1,45.65,25.45,1162,6.4
TXN-10551,2025-04-05,CUST-0949,18,Male,Gold,Home & Garden,Plant Pot,34.48,43.76,1,43.76,34.48,9.28,1789,6.9
TXN-11814,2025-04-05,CUST-0834,38,Male,Silver,Home & Garden,Towel,36.45,51.3,1,51.3,36.45,14.85,858,5.9
TXN-11349,2025-04-05,CUST-0477,34,Male,Regular,Groceries,Rice,16.47,23.64,1,23.64,16.47,7.17,386,5.5
TXN-14991,2025-04-05,CUST-0908,29,Female,Regular,Beauty & Health,Lotion,8.66,15.35,1,15.35,8.66,6.69,871,4.8
TXN-11009,2025-04-05,CUST-0206,18,Other,Silver,Beauty & Health,Soap,11.95,23.02,1,23.02,11.95,11.07,1054,7.8
TXN-11355,2025-04-05,CUST-0832,56,Male,Silver,Groceries,Bread,45.02,60.28,1,60.28,45.02,15.26,923,5.9
TXN-12162,2025-04-05,CUST-0516,43,Male,Regular,Beauty & Health,Vitamins,4.16,7.52,1,7.52,4.16,3.36,1164,4.3
TXN-14323,2025-04-05,CUST-0143,43,Male,Silver,Groceries,Chicken,14.09,25.57,1,25.57,14.09,11.48,1656,4.8
TXN-12771,2025-04-05,CUST-0189,30,Female,Gold,Groceries,Pasta,47.29,56.99,2,113.98,94.58,19.4,1131,7.7
TXN-11882,2025-04-05,CUST-0882,37,Male,Silver,Clothing,Hat,3.72,6.93,1,6.93,3.72,3.21,673,5.7
TXN-10369,2025-04-05,CUST-0811,23,Female,Regular,Groceries,Apples,18.31,24.59,4,98.36,73.24,25.12,1733,6.6
TXN-12761,2025-04-05,CUST-0225,40,Male,Regular,Electronics,Mouse,41.17,78.14,3,234.42,123.51,110.91,1113,4.4
TXN-11930,2025-04-06,CUST-0465,43,Female,Regular,Clothing,Jacket,3.47,6.87,1,6.87,3.47,3.4,1378,6.4
TXN-10188,2025-04-06,CUST-0346,28,Other,Regular,Beauty & Health,Soap,11.95,23.02,3,69.06,35.85,33.21,1086,4.1
TXN-14272,2025-04-06,CUST-0110,28,Male,Regular,Beauty & Health,Vitamins,4.16,7.52,1,7.52,4.16,3.36,1026,4.5
TXN-12408,2025-04-06,CUST-0045,35,Male,Regular,Home & Garden,Bed Sheets,41.27,74.29,4,297.16,165.08,132.08,1661,6.1
TXN-10265,2025-04-06,CUST-0095,40,Male,Silver,Clothing,Sneakers,20.09,39.7,1,39.7,20.09,19.61,762,3.3
TXN-11413,2025-04-06,CUST-0838,40,Female,Silver,Home & Garden,Towel,36.45,51.3,1,51.3,36.45,14.85,884,5.1
TXN-12789,2025-04-06,CUST-0157,56,Female,Silver,Electronics,Headphones,49.93,84.43,1,84.43,49.93,34.5,1147,7.6
TXN-12026,2025-04-06,CUST-0662,46,Male,Regular,Home & Garden,Plant Pot,34.48,43.76,1,43.76,34.48,9.28,1668,3.7
TXN-12494,2025-04-06,CUST-0072,64,Female,Regular,Home & Garden,Plant Pot,34.48,43.76,1,43.76,34.48,9.28,1631,6.9
TXN-12949,2025-04-06,CUST-0296,42,Female,Regular,Electronics,Smartwatch,34.96,50.62,1,50.62,34.96,15.66,814,8.0
TXN-14459,2025-04-06,CUST-0927,28,Male,Regular,Home & Garden,Towel,36.45,51.3,4,205.2,145.8,59.4,655,4.8
TXN-12974,2025-04-06,CUST-0724,25,Female,Regular,Groceries,Rice,16.47,23.64,3,70.92,49.41,21.51,267,6.4
TXN-12702,2025-04-06,CUST-0124,39,Female,Silver,Clothing,Jacket,3.47,6.87,2,13.74,6.94,6.8,1310,4.9
TXN-12584,2025-04-06,CUST-0340,18,Male,Silver,Home & Garden,Lamp,30.34,59.03,3,177.09,91.02,86.07,769,7.6
TXN-14062,2025-04-06,CUST-0706,46,Male,Gold,Groceries,Chicken,14.09,25.57,1,25.57,14.09,11.48,1681,8.7
TXN-13251,2025-04-06,CUST-0127,42,Male,Regular,Electronics,Keyboard,107.66,156.53,4,626.12,430.64,195.48,658,8.0
TXN-12295,2025-04-06,CUST-0694,18,Female,Regular,Groceries,Cereal,40.44,66.69,1,66.69,40.44,26.25,608,5.1
TXN-10731,2025-04-06,CUST-0968,18,Male,Silver,Groceries,Cereal,40.44,66.69,2,133.38,80.88,52.5,721,6.9
TXN-12088,2025-04-06,CUST-0741,37,Female,Regular,Beauty & Health,Vitamins,4.16,7.52,5,37.6,20.8,16.8,1168,6.5
TXN-10676,2025-04-06,CUST-0023,39,Female,Regular,Electronics,Keyboard,107.66,156.53,1,156.53,107.66,48.87,829,5.1
TXN-14135,2025-04-06,CUST-0443,18,Male,Regular,Clothing,Sneakers,20.09,39.7,5,198.5,100.45,98.05,511,7.1
TXN-14693,2025-04-07,CUST-0889,39,Female,Regular,Home & Garden,Plant Pot,34.48,43.76,5,218.8,172.4,46.4,1429,6.2
TXN-14199,2025-04-07,CUST-0915,33,Female,Regular,Clothing,Jeans,45.05,74.05,1,74.05,45.05,29.0,1384,5.0
TXN-13043,2025-04-07,CUST-0994,31,Female,Silver,Clothing,T-Shirt,49.29,89.1,10,891.0,492.9,398.1,479,6.6
TXN-14656,2025-04-07,CUST-0549,27,Female,Gold,Beauty & Health,Lotion,8.66,15.35,1,15.35,8.66,6.69,898,7.1
TXN-13118,2025-04-07,CUST-0292,38,Male,Silver,Clothing,T-Shirt,49.29,89.1,2,178.2,98.58,79.62,468,7.8
TXN-11058,2025-04-07,CUST-0540,39,Male,Regular,Home & Garden,Plant Pot,34.48,43.76,1,43.76,34.48,9.28,1736,5.4
TXN-14320,2025-04-07,CUST-0544,34,Male,Regular,Electronics,Mouse,41.17,78.14,1,78.14,41.17,36.97,1011,7.5
TXN-10816,2025-04-07,CUST-0322,35,Male,Regular,Groceries,Eggs,28.33,56.24,1,56.24,28.33,27.91,1631,4.1
TXN-14465,2025-04-07,CUST-0129,20,Female,Silver,Groceries,Cereal,40.44,66.69,1,66.69,40.44,26.25,424,5.1
TXN-10022,2025-04-08,CUST-0776,18,Male,Gold,Groceries,Cereal,40.44,66.69,3,200.07,121.32,78.75,775,6.0
TXN-11792,2025-04-08,CUST-0435,26,Female,Regular,Home & Garden,Frying Pan,11.59,15.48,2,30.96,23.18,7.78,1711,5.1
TXN-11794,2025-04-08,CUST-0152,21,Male,Regular,Home & Garden,Frying Pan,11.59,15.48,2,30.96,23.18,7.78,1709,6.0
TXN-12095,2025-04-08,CUST-0836,18,Female,Regular,Beauty & Health,Soap,11.95,23.02,3,69.06,35.85,33.21,977,6.8
TXN-12247,2025-04-08,CUST-0952,25,Male,Silver,Groceries,Chicken,14.09,25.57,1,25.57,14.09,11.48,1808,7.0
TXN-11941,2025-04-08,CUST-0489,31,Male,Silver,Groceries,Eggs,28.33,56.24,1,56.24,28.33,27.91,1563,5.8
TXN-11028,2025-04-08,CUST-0858,26,Female,Regular,Electronics,Keyboard,107.66,156.53,2,313.06,215.32,97.74,804,5.3
TXN-12994,2025-04-08,CUST-0834,26,Female,Gold,Groceries,Bread,45.02,60.28,1,60.28,45.02,15.26,793,5.7
TXN-12935,2025-04-08,CUST-0767,22,Female,Regular,Home & Garden,Towel,36.45,51.3,10,513.0,364.5,148.5,785,7.4
TXN-11085,2025-04-08,CUST-0983,33,Female,Regular,Electronics,Keyboard,107.66,156.53,3,469.59,322.98,146.61,800,6.6
TXN-13803,2025-04-08,CUST-0472,35,Female,Regular,Home & Garden,Frying Pan,11.59,15.48,10,154.8,115.9,38.9,1589,4.6
TXN-12518,2025-04-08,CUST-0462,18,Female,Regular,Groceries,Rice,16.47,23.64,1,23.64,16.47,7.17,298,5.6
TXN-11259,2025-04-08,CUST-0116,37,Female,Regular,Home & Garden,Plant Pot,34.48,43.76,1,43.76,34.48,9.28,1724,6.9
TXN-10216,2025-04-08,CUST-0032,19,Male,Silver,Beauty & Health,Face Wash,9.13,14.22,2,28.44,18.26,10.18,1419,5.4
TXN-14804,2025-04-08,CUST-0528,21,Male,Regular,Groceries,Pasta,47.29,56.99,1,56.99,47.29,9.7,1012,5.6
TXN-12926,2025-04-09,CUST-0660,25,Male,Regular,Groceries,Bread,45.02,60.28,1,60.28,45.02,15.26,805,7.3
TXN-13429,2025-04-09,CUST-0807,54,Female,Regular,Home & Garden,Towel,36.45,51.3,4,205.2,145.8,59.4,749,4.7
TXN-10310,2025-04-09,CUST-0507,45,Female,Silver,Electronics,Smartwatch,34.96,50.62,1,50.62,34.96,15.66,986,7.1
TXN-11618,2025-04-09,CUST-0232,23,Female,Silver,Beauty & Health,Vitamins,4.16,7.52,4,30.08,16.64,13.44,1230,7.4
TXN-12524,2025-04-09,CUST-0030,47,Male,Regular,Electronics,Charger,85.78,132.44,4,529.76,343.12,186.64,588,6.4
TXN-12887,2025-04-09,CUST-0016,46,Female,Silver,Clothing,T-Shirt,49.29,89.1,1,89.1,49.29,39.81,497,5.5
TXN-11608,2025-04-09,CUST-0845,18,Female,Regular,Groceries,Apples,18.31,24.59,3,73.77,54.93,18.84,1615,3.4
TXN-12762,2025-04-09,CUST-0093,35,Male,Regular,Home & Garden,Towel,36.45,51.3,2,102.6,72.9,29.7,803,4.7
TXN-11254,2025-04-09,CUST-0468,38,Male,Gold,Home & Garden,Towel,36.45,51.3,4,205.2,145.8,59.4,895,8.5
TXN-11480,2025-04-09,CUST-0276,37,Male,Regular,Groceries,Pasta,47.29,56.99,10,569.9,472.9,97.0,1190,7.2
TXN-11748,2025-04-09,CUST-0878,32,Male,Regular,Groceries,Pasta,47.29,56.99,1,56.99,47.29,9.7,1178,7.5
TXN-10238,2025-04-09,CUST-0951,33,Female,Silver,Electronics,Keyboard,107.66,156.53,1,156.53,107.66,48.87,858,6.3
TXN-11202,2025-04-09,CUST-0865,38,Female,Regular,Groceries,Chicken,14.09,25.57,1,25.57,14.09,11.48,1858,6.9
TXN-13185,2025-04-09,CUST-0158,23,Female,Regular,Groceries,Milk,32.13,59.75,1,59.75,32.13,27.62,995,6.2
TXN-14863,2025-04-09,CUST-0942,29,Male,Regular,Electronics,Keyboard,107.66,156.53,1,156.53,107.66,48.87,516,7.9
TXN-10856,2025-04-09,CUST-0972,27,Male,Gold,Clothing,Hat,3.72,6.93,1,6.93,3.72,3.21,756,8.8
TXN-13437,2025-04-09,CUST-0978,23,Female,Regular,Electronics,USB Drive,123.53,158.32,1,158.32,123.53,34.79,1499,4.9
TXN-12414,2025-04-09,CUST-0592,32,Female,Regular,Beauty & Health,Shampoo,25.11,45.77,3,137.31,75.33,61.98,883,6.1
TXN-14676,2025-04-09,CUST-0154,36,Male,Regular,Home & Garden,Bed Sheets,41.27,74.29,1,74.29,41.27,33.02,1471,5.3
TXN-12488,2025-04-09,CUST-0694,22,Female,Regular,Groceries,Milk,32.13,59.75,3,179.25,96.39,82.86,1035,6.2
TXN-13622,2025-04-09,CUST-0692,33,Male,Regular,Groceries,Eggs,28.33,56.24,2,112.48,56.66,55.82,1436,8.8
TXN-10089,2025-04-09,CUST-0858,27,Female,Regular,Clothing,Jeans,45.05,74.05,2,148.1,90.1,58.0,1707,7.7
TXN-13540,2025-04-09,CUST-0874,26,Other,Silver,Beauty & Health,Lotion,8.66,15.35,1,15.35,8.66,6.69,941,6.1
TXN-12226,2025-04-09,CUST-0886,45,Female,Regular,Groceries,Milk,32.13,59.75,1,59.75,32.13,27.62,1047,4.7
TXN-11972,2025-04-09,CUST-0575,34,Male,Regular,Beauty & Health,Toothpaste,36.38,71.18,1,71.18,36.38,34.8,711,7.8
TXN-13018,2025-04-09,CUST-0403,31,Male,Regular,Home & Garden,Mug,5.57,9.8,4,39.2,22.28,16.92,691,6.2
TXN-11987,2025-04-09,CUST-0963,45,Other,Silver,Electronics,Charger,85.78,132.44,4,529.76,343.12,186.64,617,7.4
TXN-11152,2025-04-09,CUST-0693,28,Male,Regular,Home & Garden,Towel,36.45,51.3,2,102.6,72.9,29.7,901,8.1
TXN-12683,2025-04-10,CUST-0781,34,Male,Gold,Home & Garden,Mug,5.57,9.8,1,9.8,5.57,4.23,702,8.8
TXN-13782,2025-04-10,CUST-0536,57,Female,Silver,Clothing,Socks,46.78,72.77,4,291.08,187.12,103.96,1015,8.4
TXN-14958,2025-04-10,CUST-0495,46,Male,Silver,Beauty & Health,Lotion,8.66,15.35,1,15.35,8.66,6.69,878,3.6
TXN-11718,2025-04-10,CUST-0848,23,Female,Regular,Beauty & Health,Soap,11.95,23.02,2,46.04,23.9,22.14,991,4.2
TXN-11224,2025-04-10,CUST-0802,46,Male,Regular,Electronics,Charger,85.78,132.44,2,264.88,171.56,93.32,688,4.9
TXN-10418,2025-04-10,CUST-0836,37,Female,Regular,Home & Garden,Bed Sheets,41.27,74.29,4,297.16,165.08,132.08,1819,6.3
TXN-14127,2025-04-10,CUST-0016,30,Male,Regular,Groceries,Eggs,28.33,56.24,1,56.24,28.33,27.91,1391,6.6
TXN-10827,2025-04-10,CUST-0320,18,Male,Regular,Groceries,Cereal,40.44,66.69,5,333.45,202.2,131.25,702,6.7
TXN-12557,2025-04-10,CUST-0086,18,Male,Regular,Beauty & Health,Face Wash,9.13,14.22,10,142.2,91.3,50.9,1227,5.5
TXN-12650,2025-04-10,CUST-0127,40,Female,Silver,Home & Garden,Lamp,30.34,59.03,10,590.3,303.4,286.9,754,5.8
TXN-11432,2025-04-11,CUST-0049,37,Female,Silver,Groceries,Rice,16.47,23.64,5,118.2,82.35,35.85,379,6.2
TXN-10858,2025-04-11,CUST-0025,36,Male,Regular,Electronics,Charger,85.78,132.44,1,132.44,85.78,46.66,708,5.0
TXN-11312,2025-04-11,CUST-0548,27,Female,Silver,Groceries,Cereal,40.44,66.69,1,66.69,40.44,26.25,663,7.1
TXN-11810,2025-04-11,CUST-0264,35,Male,Regular,Home & Garden,Mug,5.57,9.8,1,9.8,5.57,4.23,776,8.5
TXN-13646,2025-04-11,CUST-0989,18,Female,Regular,Electronics,Smartwatch,34.96,50.62,2,101.24,69.92,31.32,743,4.3
TXN-13459,2025-04-11,CUST-0016,18,Male,Regular,Clothing,T-Shirt,49.29,89.1,1,89.1,49.29,39.81,454,6.4
TXN-13792,2025-04-11,CUST-0080,29,Male,Silver,Electronics,Mouse,41.17,78.14,1,78.14,41.17,36.97,1047,6.3
TXN-12580,2025-04-11,CUST-0476,43,Female,Regular,Groceries,Bread,45.02,60.28,2,120.56,90.04,30.52,832,4.5
TXN-11166,2025-04-11,CUST-0529,34,Male,Regular,Clothing,Hat,3.72,6.93,1,6.93,3.72,3.21,712,4.4
TXN-12134,2025-04-11,CUST-0875,41,Female,Regular,Groceries,Apples,18.31,24.59,1,24.59,18.31,6.28,1572,4.1
TXN-10242,2025-04-11,CUST-0025,29,Other,Regular,Electronics,Smartwatch,34.96,50.62,1,50.62,34.96,15.66,996,6.1
TXN-13023,2025-04-11,CUST-0393,34,Male,Regular,Electronics,USB Drive,123.53,158.32,1,158.32,123.53,34.79,1525,6.3
TXN-12002,2025-04-11,CUST-0429,37,Male,Regular,Electronics,Keyboard,107.66,156.53,3,469.59,322.98,146.61,741,5.6
TXN-10297,2025-04-12,CUST-0915,46,Female,Silver,Groceries,Pasta,47.29,56.99,1,56.99,47.29,9.7,1267,7.0
TXN-14263,2025-04-12,CUST-0928,30,Female,Regular,Clothing,Jacket,3.47,6.87,1,6.87,3.47,3.4,1173,4.5
TXN-14539,2025-04-12,CUST-0677,30,Male,Regular,Clothing,Jeans,45.05,74.05,1,74.05,45.05,29.0,1365,7.6
TXN-12422,2025-04-12,CUST-0050,27,Male,Regular,Beauty & Health,Toothpaste,36.38,71.18,4,284.72,145.52,139.2,663,9.6
TXN-10536,2025-04-12,CUST-0040,42,Male,Regular,Home & Garden,Lamp,30.34,59.03,1,59.03,30.34,28.69,958,7.6
TXN-12904,2025-04-12,CUST-0260,44,Female,Silver,Groceries,Apples,18.31,24.59,1,24.59,18.31,6.28,1525,6.5
TXN-13683,2025-04-12,CUST-0339,27,Female,Regular,Clothing,Jeans,45.05,74.05,1,74.05,45.05,29.0,1427,4.6
TXN-14240,2025-04-12,CUST-0263,33,Male,Gold,Home & Garden,Plant Pot,34.48,43.76,1,43.76,34.48,9.28,1488,5.8
TXN-11962,2025-04-12,CUST-0855,18,Male,Regular,Beauty & Health,Shampoo,25.11,45.77,1,45.77,25.11,20.66,924,6.6
TXN-10642,2025-04-12,CUST-0311,43,Male,Gold,Electronics,Keyboard,107.66,156.53,1,156.53,107.66,48.87,840,8.3
TXN-10283,2025-04-12,CUST-0711,37,Female,Silver,Groceries,Bread,45.02,60.28,2,120.56,90.04,30.52,989,7.4
TXN-11638,2025-04-12,CUST-0085,46,Male,Regular,Home & Garden,Towel,36.45,51.3,3,153.9,109.35,44.55,867,7.3
TXN-10524,2025-04-12,CUST-0915,25,Female,Regular,Beauty & Health,Toothpaste,36.38,71.18,1,71.18,36.38,34.8,819,7.0
TXN-10305,2025-04-12,CUST-0991,36,Female,Silver,Beauty & Health,Lotion,8.66,15.35,1,15.35,8.66,6.69,1120,6.6
TXN-12400,2025-04-12,CUST-0201,51,Female,Gold,Groceries,Chicken,14.09,25.57,1,25.57,14.09,11.48,1796,7.2
TXN-11990,2025-04-12,CUST-0125,58,Male,Silver,Beauty & Health,Face Wash,9.13,14.22,3,42.66,27.39,15.27,1296,5.4
TXN-11416,2025-04-12,CUST-0343,39,Female,Regular,Electronics,Smartwatch,34.96,50.62,4,202.48,139.84,62.64,890,4.3
TXN-12268,2025-04-12,CUST-0078,37,Female,Gold,Groceries,Chicken,14.09,25.57,2,51.14,28.18,22.96,1803,8.9
TXN-10713,2025-04-12,CUST-0301,23,Male,Regular,Beauty & Health,Vitamins,4.16,7.52,1,7.52,4.16,3.36,1314,5.6
TXN-12509,2025-04-12,CUST-0383,41,Other,Regular,Home & Garden,Lamp,30.34,59.03,3,177.09,91.02,86.07,776,5.3
TXN-13165,2025-04-13,CUST-0475,49,Other,Regular,Groceries,Bread,45.02,60.28,3,180.84,135.06,45.78,756,8.2
TXN-12030,2025-04-13,CUST-0557,35,Female,Regular,Electronics,Headphones,49.93,84.43,5,422.15,249.65,172.5,1198,8.0
TXN-13292,2025-04-13,CUST-0444,49,Female,Silver,Home & Garden,Plant Pot,34.48,43.76,1,43.76,34.48,9.28,1575,8.2
TXN-12506,2025-04-13,CUST-0418,35,Male,Regular,Home & Garden,Frying Pan,11.59,15.48,2,30.96,23.18,7.78,1683,7.3
TXN-14726,2025-04-13,CUST-0540,27,Female,Regular,Home & Garden,Mug,5.57,9.8,10,98.0,55.7,42.3,541,5.4
TXN-10399,2025-04-13,CUST-0439,38,Male,Silver,Beauty & Health,Toothpaste,36.38,71.18,1,71.18,36.38,34.8,824,7.9
TXN-10142,2025-04-13,CUST-0846,18,Female,Silver,Groceries,Cereal,40.44,66.69,1,66.69,40.44,26.25,767,4.4
TXN-10865,2025-04-13,CUST-0295,19,Male,Regular,Clothing,Hat,3.72,6.93,4,27.72,14.88,12.84,748,8.0
TXN-13757,2025-04-13,CUST-0333,37,Female,Regular,Home & Garden,Lamp,30.34,59.03,5,295.15,151.7,143.45,669,6.2
TXN-11382,2025-04-13,CUST-0570,31,Male,Regular,Electronics,Keyboard,107.66,156.53,1,156.53,107.66,48.87,779,8.4
TXN-14129,2025-04-13,CUST-0547,51,Male,Regular,Home & Garden,Frying Pan,11.59,15.48,1,15.48,11.59,3.89,1530,7.8
TXN-13507,2025-04-13,CUST-0728,31,Female,Regular,Home & Garden,Bed Sheets,41.27,74.29,4,297.16,165.08,132.08,1571,6.3
TXN-11860,2025-04-13,CUST-0424,45,Female,Regular,Clothing,T-Shirt,49.29,89.1,1,89.1,49.29,39.81,567,6.2
TXN-10872,2025-04-13,CUST-0866,48,Female,Regular,Clothing,Jacket,3.47,6.87,2,13.74,6.94,6.8,1480,7.7
TXN-13450,2025-04-13,CUST-0096,37,Male,Regular,Beauty & Health,Shampoo,25.11,45.77,1,45.77,25.11,20.66,794,8.1
TXN-14883,2025-04-13,CUST-0797,30,Female,Regular,Groceries,Chicken,14.09,25.57,10,255.7,140.9,114.8,1605,8.0
TXN-12011,2025-04-14,CUST-0425,38,Female,Regular,Home & Garden,Frying Pan,11.59,15.48,1,15.48,11.59,3.89,1700,5.4
TXN-10066,2025-04-14,CUST-0658,55,Female,Regular,Clothing,Jeans,45.05,74.05,1,74.05,45.05,29.0,1709,6.0
TXN-11513,2025-04-14,CUST-0314,34,Male,Regular,Clothing,Jeans,45.05,74.05,2,148.1,90.1,58.0,1599,6.1
TXN-10315,2025-04-14,CUST-0549,26,Other,Silver,Electronics,Charger,85.78,132.44,2,264.88,171.56,93.32,751,5.9
TXN-14139,2025-04-14,CUST-0455,39,Female,Gold,Groceries,Apples,18.31,24.59,2,49.18,36.62,12.56,1424,9.8
TXN-14112,2025-04-14,CUST-0679,18,Female,Regular,Clothing,Hat,3.72,6.93,5,34.65,18.6,16.05,545,8.4
TXN-10018,2025-04-14,CUST-0836,57,Male,Regular,Groceries,Bread,45.02,60.28,4,241.12,180.08,61.04,1004,6.8
TXN-14152,2025-04-14,CUST-0701,18,Male,Regular,Home & Garden,Bed Sheets,41.27,74.29,10,742.9,412.7,330.2,1506,6.1
TXN-12334,2025-04-15,CUST-0607,26,Female,Regular,Groceries,Rice,16.47,23.64,4,94.56,65.88,28.68,304,7.7
TXN-13080,2025-04-15,CUST-0356,49,Female,Regular,Beauty & Health,Vitamins,4.16,7.52,1,7.52,4.16,3.36,1089,6.1
TXN-12060,2025-04-15,CUST-0887,40,Male,Silver,Groceries,Rice,16.47,23.64,1,23.64,16.47,7.17,327,4.0
TXN-13240,2025-04-15,CUST-0374,18,Other,Regular,Electronics,USB Drive,123.53,158.32,2,316.64,247.06,69.58,1511,6.5
TXN-12031,2025-04-15,CUST-0325,30,Female,Silver,Home & Garden,Towel,36.45,51.3,1,51.3,36.45,14.85,836,7.3
TXN-13542,2025-04-15,CUST-0164,42,Male,Silver,Groceries,Apples,18.31,24.59,1,24.59,18.31,6.28,1480,4.3
TXN-11377,2025-04-15,CUST-0288,34,Female,Regular,Electronics,Smartwatch,34.96,50.62,1,50.62,34.96,15.66,895,6.4
TXN-12458,2025-04-15,CUST-0318,54,Male,Regular,Electronics,USB Drive,123.53,158.32,5,791.6,617.65,173.95,1563,7.2
TXN-11486,2025-04-15,CUST-0665,18,Male,Regular,Beauty & Health,Vitamins,4.16,7.52,3,22.56,12.48,10.08,1239,5.8
TXN-11460,2025-04-15,CUST-0938,31,Male,Gold,Groceries,Eggs,28.33,56.24,1,56.24,28.33,27.91,1585,7.3
TXN-10681,2025-04-15,CUST-0924,18,Male,Regular,Groceries,Eggs,28.33,56.24,1,56.24,28.33,27.91,1640,5.3
TXN-11051,2025-04-16,CUST-0204,20,Male,Regular,Clothing,Socks,46.78,72.77,1,72.77,46.78,25.99,1227,8.3
TXN-14407,2025-04-16,CUST-0692,44,Male,Regular,Electronics,USB Drive,123.53,158.32,1,158.32,123.53,34.79,1421,5.7
TXN-13303,2025-04-16,CUST-0068,38,Male,Gold,Electronics,Mouse,41.17,78.14,1,78.14,41.17,36.97,1068,9.6
TXN-13842,2025-04-16,CUST-0984,25,Male,Regular,Clothing,Socks,46.78,72.77,1,72.77,46.78,25.99,1007,6.1
TXN-10789,2025-04-16,CUST-0626,32,Female,Silver,Groceries,Bread,45.02,60.28,1,60.28,45.02,15.26,950,7.2
TXN-14105,2025-04-16,CUST-0613,18,Male,Regular,Groceries,Rice,16.47,23.64,1,23.64,16.47,7.17,188,5.5
TXN-12241,2025-04-16,CUST-0905,42,Male,Regular,Beauty & Health,Vitamins,4.16,7.52,1,7.52,4.16,3.36,1159,6.2
TXN-12721,2025-04-16,CUST-0225,23,Male,Regular,Beauty & Health,Vitamins,4.16,7.52,1,7.52,4.16,3.36,1120,7.2
TXN-10042,2025-04-16,CUST-0876,18,Male,Regular,Clothing,Jacket,3.47,6.87,1,6.87,3.47,3.4,1527,5.4
TXN-10958,2025-04-16,CUST-0715,28,Female,Regular,Groceries,Bread,45.02,60.28,1,60.28,45.02,15.26,939,4.2
TXN-11567,2025-04-16,CUST-0212,49,Male,Silver,Electronics,Mouse,41.17,78.14,2,156.28,82.34,73.94,1171,5.7
TXN-14700,2025-04-16,CUST-0468,18,Male,Regular,Home & Garden,Bed Sheets,41.27,74.29,1,74.29,41.27,33.02,1469,3.6
TXN-12096,2025-04-16,CUST-0638,31,Female,Silver,Home & Garden,Plant Pot,34.48,43.76,1,43.76,34.48,9.28,1662,5.9
TXN-12983,2025-04-16,CUST-0607,42,Male,Regular,Groceries,Cereal,40.44,66.69,1,66.69,40.44,26.25,537,3.7
TXN-12372,2025-04-17,CUST-0183,18,Male,Silver,Electronics,Charger,85.78,132.44,1,132.44,85.78,46.66,605,5.1
TXN-10356,2025-04-17,CUST-0827,33,Male,Regular,Beauty & Health,Vitamins,4.16,7.52,2,15.04,8.32,6.72,1328,4.9
TXN-10530,2025-04-17,CUST-0601,33,Male,Silver,Home & Garden,Frying Pan,11.59,15.48,3,46.44,34.77,11.67,1817,7.0
TXN-10757,2025-04-17,CUST-0267,29,Other,Regular,Groceries,Milk,32.13,59.75,4,239.0,128.52,110.48,1151,6.5
TXN-11077,2025-04-17,CUST-0941,41,Male,Regular,Home & Garden,Plant Pot,34.48,43.76,1,43.76,34.48,9.28,1735,3.9
TXN-10825,2025-04-17,CUST-0601,46,Female,Regular,Beauty & Health,Soap,11.95,23.02,1,23.02,11.95,11.07,1065,5.8
TXN-13860,2025-04-17,CUST-0348,28,Male,Silver,Groceries,Rice,16.47,23.64,5,118.2,82.35,35.85,210,7.7
TXN-13642,2025-04-17,CUST-0068,32,Female,Regular,Home & Garden,Towel,36.45,51.3,1,51.3,36.45,14.85,718,3.9
TXN-11453,2025-04-17,CUST-0295,36,Male,Silver,Home & Garden,Towel,36.45,51.3,4,205.2,145.8,59.4,876,8.5
TXN-14072,2025-04-17,CUST-0132,54,Male,Silver,Groceries,Apples,18.31,24.59,2,49.18,36.62,12.56,1430,5.9
TXN-11659,2025-04-17,CUST-0359,20,Male,Regular,Home & Garden,Frying Pan,11.59,15.48,3,46.44,34.77,11.67,1732,5.8
TXN-13456,2025-04-17,CUST-0509,29,Male,Regular,Electronics,Charger,85.78,132.44,1,132.44,85.78,46.66,531,4.9
TXN-10675,2025-04-17,CUST-0150,24,Female,Regular,Clothing,Socks,46.78,72.77,3,218.31,140.34,77.97,1261,6.9
TXN-14663,2025-04-17,CUST-0063,38,Male,Silver,Home & Garden,Towel,36.45,51.3,5,256.5,182.25,74.25,630,5.5
TXN-10436,2025-04-17,CUST-0723,32,Female,Silver,Groceries,Cereal,40.44,66.69,3,200.07,121.32,78.75,744,6.7
TXN-14509,2025-04-17,CUST-0849,25,Female,Gold,Beauty & Health,Shampoo,25.11,45.77,2,91.54,50.22,41.32,725,5.2
TXN-12895,2025-04-18,CUST-0940,32,Female,Regular,Home & Garden,Plant Pot,34.48,43.76,3,131.28,103.44,27.84,1603,7.3
TXN-13019,2025-04-18,CUST-0182,29,Male,Regular,Groceries,Rice,16.47,23.64,1,23.64,16.47,7.17,264,3.9
TXN-12871,2025-04-18,CUST-0944,45,Male,Gold,Groceries,Chicken,14.09,25.57,1,25.57,14.09,11.48,1766,8.5
TXN-10026,2025-04-18,CUST-0885,39,Male,Regular,Beauty & Health,Soap,11.95,23.02,10,230.2,119.5,110.7,1094,8.7
TXN-11232,2025-04-18,CUST-0772,36,Male,Silver,Groceries,Eggs,28.33,56.24,1,56.24,28.33,27.91,1594,6.2
TXN-11409,2025-04-18,CUST-0187,42,Male,Regular,Groceries,Eggs,28.33,56.24,1,56.24,28.33,27.91,1586,5.8
TXN-14169,2025-04-18,CUST-0055,47,Male,Regular,Electronics,Headphones,49.93,84.43,1,84.43,49.93,34.5,1052,7.6
TXN-14220,2025-04-18,CUST-0471,37,Female,Regular,Electronics,Mouse,41.17,78.14,2,156.28,82.34,73.94,1016,6.9
TXN-13096,2025-04-18,CUST-0877,45,Male,Silver,Home & Garden,Lamp,30.34,59.03,1,59.03,30.34,28.69,725,7.3
TXN-11180,2025-04-18,CUST-0087,23,Male,Silver,Electronics,Smartwatch,34.96,50.62,1,50.62,34.96,15.66,937,6.1
TXN-11627,2025-04-18,CUST-0129,44,Female,Silver,Home & Garden,Lamp,30.34,59.03,2,118.06,60.68,57.38,860,5.0
TXN-14281,2025-04-18,CUST-0711,34,Female,Regular,Electronics,Headphones,49.93,84.43,1,84.43,49.93,34.5,1046,4.2
TXN-10038,2025-04-19,CUST-0764,27,Male,Regular,Electronics,Keyboard,107.66,156.53,1,156.53,107.66,48.87,879,8.1
TXN-13813,2025-04-19,CUST-0640,62,Male,Regular,Electronics,Charger,85.78,132.44,1,132.44,85.78,46.66,496,4.8
TXN-12515,2025-04-19,CUST-0618,19,Female,Silver,Groceries,Milk,32.13,59.75,1,59.75,32.13,27.62,1033,7.5
TXN-12743,2025-04-19,CUST-0863,22,Male,Regular,Clothing,Jeans,45.05,74.05,2,148.1,90.1,58.0,1521,5.5
TXN-13483,2025-04-19,CUST-0399,48,Male,Regular,Home & Garden,Mug,5.57,9.8,3,29.4,16.71,12.69,653,5.2
TXN-11768,2025-04-19,CUST-0331,39,Female,Regular,Home & Garden,Mug,5.57,9.8,2,19.6,11.14,8.46,779,5.3
TXN-12636,2025-04-19,CUST-0938,19,Female,Gold,Home & Garden,Plant Pot,34.48,43.76,1,43.76,34.48,9.28,1620,8.6
TXN-12556,2025-04-19,CUST-0530,33,Female,Regular,Groceries,Eggs,28.33,56.24,1,56.24,28.33,27.91,1513,6.6
TXN-13390,2025-04-19,CUST-0871,49,Male,Regular,Electronics,Mouse,41.17,78.14,2,156.28,82.34,73.94,1065,5.9
TXN-14775,2025-04-19,CUST-0007,26,Female,Regular,Groceries,Milk,32.13,59.75,2,119.5,64.26,55.24,882,4.8
TXN-12239,2025-04-19,CUST-0280,62,Male,Silver,Clothing,Jeans,45.05,74.05,1,74.05,45.05,29.0,1557,4.5
TXN-14560,2025-04-19,CUST-0298,27,Female,Silver,Electronics,Mouse,41.17,78.14,1,78.14,41.17,36.97,994,5.7
TXN-12288,2025-04-20,CUST-0710,34,Male,Regular,Clothing,Sneakers,20.09,39.7,2,79.4,40.18,39.22,628,3.9
TXN-10587,2025-04-20,CUST-0579,20,Female,Silver,Beauty & Health,Vitamins,4.16,7.52,1,7.52,4.16,3.36,1324,7.6
TXN-13726,2025-04-20,CUST-0160,35,Male,Silver,Clothing,T-Shirt,49.29,89.1,1,89.1,49.29,39.81,446,7.1
TXN-10222,2025-04-20,CUST-0976,30,Female,Silver,Beauty & Health,Lotion,8.66,15.35,1,15.35,8.66,6.69,1132,4.9
TXN-14060,2025-04-20,CUST-0558,39,Female,Silver,Beauty & Health,Lotion,8.66,15.35,1,15.35,8.66,6.69,917,6.4
TXN-13432,2025-04-20,CUST-0108,20,Male,Regular,Home & Garden,Plant Pot,34.48,43.76,10,437.6,344.8,92.8,1544,6.2
TXN-12157,2025-04-20,CUST-0239,23,Female,Silver,Beauty & Health,Shampoo,25.11,45.77,1,45.77,25.11,20.66,900,6.4
TXN-12398,2025-04-20,CUST-0260,28,Female,Regular,Electronics,Headphones,49.93,84.43,1,84.43,49.93,34.5,1176,4.9
TXN-12344,2025-04-20,CUST-0374,51,Female,Regular,Electronics,Keyboard,107.66,156.53,1,156.53,107.66,48.87,716,4.9
TXN-10302,2025-04-20,CUST-0103,27,Male,Silver,Home & Garden,Plant Pot,34.48,43.76,1,43.76,34.48,9.28,1816,5.8
TXN-10170,2025-04-20,CUST-0421,18,Male,Regular,Groceries,Rice,16.47,23.64,1,23.64,16.47,7.17,495,6.2
TXN-13394,2025-04-20,CUST-0730,41,Female,Silver,Beauty & Health,Soap,11.95,23.02,2,46.04,23.9,22.14,907,6.7
TXN-14291,2025-04-20,CUST-0124,44,Male,Silver,Clothing,T-Shirt,49.29,89.1,3,267.3,147.87,119.43,401,8.0
TXN-11298,2025-04-20,CUST-0464,37,Male,Regular,Electronics,USB Drive,123.53,158.32,1,158.32,123.53,34.79,1661,5.7
TXN-11898,2025-04-20,CUST-0741,41,Female,Regular,Home & Garden,Plant Pot,34.48,43.76,10,437.6,344.8,92.8,1675,5.0
TXN-13283,2025-04-20,CUST-0029,25,Male,Regular,Electronics,Headphones,49.93,84.43,2,168.86,99.86,69.0,1107,5.3
TXN-10200,2025-04-21,CUST-0836,18,Male,Silver,Groceries,Cereal,40.44,66.69,2,133.38,80.88,52.5,765,6.9
TXN-12664,2025-04-21,CUST-0092,33,Male,Regular,Electronics,Smartwatch,34.96,50.62,1,50.62,34.96,15.66,838,6.2
TXN-14253,2025-04-21,CUST-0704,60,Female,Regular,Clothing,Socks,46.78,72.77,1,72.77,46.78,25.99,989,3.6
TXN-12198,2025-04-21,CUST-0244,18,Male,Regular,Beauty & Health,Face Wash,9.13,14.22,3,42.66,27.39,15.27,1274,5.9
TXN-12404,2025-04-21,CUST-0790,34,Female,Regular,Home & Garden,Bed Sheets,41.27,74.29,1,74.29,41.27,33.02,1665,7.5
TXN-14974,2025-04-21,CUST-0029,27,Female,Regular,Beauty & Health,Soap,11.95,23.02,1,23.02,11.95,11.07,820,5.5
TXN-10619,2025-04-21,CUST-0129,43,Female,Regular,Groceries,Chicken,14.09,25.57,1,25.57,14.09,11.48,1891,5.8
TXN-12419,2025-04-21,CUST-0748,51,Female,Regular,Groceries,Apples,18.31,24.59,4,98.36,73.24,25.12,1561,6.9
TXN-12453,2025-04-21,CUST-0753,30,Female,Silver,Electronics,Keyboard,107.66,156.53,4,626.12,430.64,195.48,712,7.1
TXN-13061,2025-04-21,CUST-0611,23,Female,Gold,Beauty & Health,Vitamins,4.16,7.52,10,75.2,41.6,33.6,1090,6.4
TXN-13989,2025-04-22,CUST-0506,40,Male,Regular,Home & Garden,Towel,36.45,51.3,3,153.9,109.35,44.55,695,7.9
TXN-12491,2025-04-22,CUST-0495,49,Female,Regular,Home & Garden,Lamp,30.34,59.03,3,177.09,91.02,86.07,779,6.4
TXN-11853,2025-04-22,CUST-0459,25,Female,Regular,Home & Garden,Frying Pan,11.59,15.48,1,15.48,11.59,3.89,1707,5.3
TXN-14236,2025-04-22,CUST-0389,46,Male,Regular,Electronics,Charger,85.78,132.44,1,132.44,85.78,46.66,455,4.9
TXN-12758,2025-04-22,CUST-0242,39,Male,Regular,Groceries,Bread,45.02,60.28,3,180.84,135.06,45.78,819,6.7
TXN-12227,2025-04-22,CUST-0947,43,Male,Silver,Groceries,Rice,16.47,23.64,4,94.56,65.88,28.68,313,6.8
TXN-14885,2025-04-22,CUST-0583,40,Male,Silver,Beauty & Health,Face Wash,9.13,14.22,4,56.88,36.52,20.36,1067,8.3
TXN-12206,2025-04-22,CUST-0213,41,Female,Regular,Beauty & Health,Toothpaste,36.38,71.18,1,71.18,36.38,34.8,685,5.3
TXN-13187,2025-04-22,CUST-0416,33,Female,Gold,Home & Garden,Plant Pot,34.48,43.76,1,43.76,34.48,9.28,1578,8.3
TXN-11001,2025-04-22,CUST-0798,60,Male,Silver,Clothing,Jacket,3.47,6.87,2,13.74,6.94,6.8,1468,8.0
TXN-13363,2025-04-22,CUST-0252,23,Male,Regular,Electronics,Keyboard,107.66,156.53,3,469.59,322.98,146.61,652,5.8
TXN-14147,2025-04-22,CUST-0071,45,Female,Silver,Groceries,Eggs,28.33,56.24,4,224.96,113.32,111.64,1387,6.9
TXN-11765,2025-04-22,CUST-0211,44,Female,Silver,Beauty & Health,Vitamins,4.16,7.52,2,15.04,8.32,6.72,1219,6.1
TXN-12566,2025-04-22,CUST-0929,57,Male,Regular,Clothing,Hat,3.72,6.93,10,69.3,37.2,32.1,622,5.4
TXN-13209,2025-04-22,CUST-0551,34,Male,Regular,Clothing,Jeans,45.05,74.05,1,74.05,45.05,29.0,1474,5.4
TXN-12427,2025-04-22,CUST-0200,24,Other,Silver,Home & Garden,Bed Sheets,41.27,74.29,3,222.87,123.81,99.06,1658,6.2
TXN-13332,2025-04-23,CUST-0033,44,Female,Regular,Electronics,Charger,85.78,132.44,1,132.44,85.78,46.66,534,5.7
TXN-12214,2025-04-23,CUST-0449,19,Female,Regular,Clothing,Jacket,3.47,6.87,4,27.48,13.88,13.6,1359,7.8
TXN-10766,2025-04-23,CUST-0291,41,Male,Regular,Home & Garden,Plant Pot,34.48,43.76,1,43.76,34.48,9.28,1777,4.8
TXN-10053,2025-04-23,CUST-0351,30,Male,Regular,Electronics,USB Drive,123.53,158.32,1,158.32,123.53,34.79,1743,4.1
TXN-11365,2025-04-23,CUST-0168,45,Female,Silver,Groceries,Bread,45.02,60.28,1,60.28,45.02,15.26,922,6.3
TXN-12320,2025-04-23,CUST-0938,18,Female,Silver,Electronics,Smartwatch,34.96,50.62,1,50.62,34.96,15.66,849,5.7
TXN-14433,2025-04-23,CUST-0293,28,Female,Regular,Groceries,Milk,32.13,59.75,2,119.5,64.26,55.24,911,4.3
TXN-12578,2025-04-23,CUST-0032,26,Female,Regular,Electronics,Keyboard,107.66,156.53,4,626.12,430.64,195.48,705,9.1
TXN-13119,2025-04-23,CUST-0251,40,Female,Silver,Home & Garden,Towel,36.45,51.3,1,51.3,36.45,14.85,774,7.5
TXN-11975,2025-04-23,CUST-0433,18,Male,Gold,Groceries,Milk,32.13,59.75,1,59.75,32.13,27.62,1091,6.5
TXN-11373,2025-04-24,CUST-0609,23,Female,Regular,Groceries,Eggs,28.33,56.24,1,56.24,28.33,27.91,1588,6.1
TXN-12071,2025-04-24,CUST-0063,24,Male,Regular,Clothing,Jeans,45.05,74.05,4,296.2,180.2,116.0,1568,8.2
TXN-10248,2025-04-24,CUST-0744,18,Male,Silver,Electronics,Headphones,49.93,84.43,10,844.3,499.3,345.0,1314,8.8
TXN-14556,2025-04-24,CUST-0873,33,Male,Gold,Home & Garden,Lamp,30.34,59.03,1,59.03,30.34,28.69,598,9.7
TXN-11305,2025-04-24,CUST-0147,29,Female,Regular,Home & Garden,Plant Pot,34.48,43.76,1,43.76,34.48,9.28,1721,7.1
TXN-10099,2025-04-24,CUST-0527,21,Male,Regular,Clothing,Jacket,3.47,6.87,1,6.87,3.47,3.4,1522,8.0
TXN-10085,2025-04-24,CUST-0091,29,Male,Regular,Beauty & Health,Soap,11.95,23.02,1,23.02,11.95,11.07,1089,4.6
TXN-10153,2025-04-24,CUST-0742,25,Female,Regular,Clothing,Sneakers,20.09,39.7,1,39.7,20.09,19.61,770,8.2
TXN-13108,2025-04-24,CUST-0492,29,Female,Regular,Beauty & Health,Face Wash,9.13,14.22,2,28.44,18.26,10.18,1180,5.6
TXN-13011,2025-04-24,CUST-0956,51,Female,Regular,Clothing,Socks,46.78,72.77,1,72.77,46.78,25.99,1077,7.4
TXN-13820,2025-04-24,CUST-0257,33,Female,Regular,Beauty & Health,Face Wash,9.13,14.22,1,14.22,9.13,5.09,1133,7.1
TXN-14671,2025-04-24,CUST-0007,20,Female,Regular,Groceries,Pasta,47.29,56.99,2,113.98,94.58,19.4,1019,3.8
TXN-11255,2025-04-24,CUST-0190,44,Female,Silver,Clothing,Hat,3.72,6.93,1,6.93,3.72,3.21,704,6.3
TXN-10109,2025-04-24,CUST-0093,46,Male,Regular,Electronics,Mouse,41.17,78.14,1,78.14,41.17,36.97,1280,6.3
TXN-12989,2025-04-24,CUST-0978,36,Male,Silver,Groceries,Bread,45.02,60.28,1,60.28,45.02,15.26,794,6.6
TXN-11401,2025-04-24,CUST-0387,34,Other,Regular,Beauty & Health,Vitamins,4.16,7.52,1,7.52,4.16,3.36,1255,6.5
TXN-14015,2025-04-24,CUST-0205,32,Male,Regular,Beauty & Health,Face Wash,9.13,14.22,2,28.44,18.26,10.18,1112,6.9
TXN-10239,2025-04-25,CUST-0962,32,Other,Silver,Clothing,Hat,3.72,6.93,1,6.93,3.72,3.21,820,7.3
TXN-12182,2025-04-25,CUST-0364,55,Male,Regular,Groceries,Cereal,40.44,66.69,2,133.38,80.88,52.5,612,5.8
TXN-10062,2025-04-25,CUST-0446,33,Male,Gold,Beauty & Health,Shampoo,25.11,45.77,5,228.85,125.55,103.3,1026,9.0
TXN-14216,2025-04-25,CUST-0943,34,Female,Silver,Electronics,Charger,85.78,132.44,1,132.44,85.78,46.66,456,5.9
TXN-13558,2025-04-25,CUST-0250,37,Female,Regular,Groceries,Cereal,40.44,66.69,10,666.9,404.4,262.5,483,7.8
TXN-13752,2025-04-25,CUST-0278,45,Male,Gold,Electronics,USB Drive,123.53,158.32,1,158.32,123.53,34.79,1476,7.3
TXN-13503,2025-04-25,CUST-0238,54,Male,Regular,Groceries,Milk,32.13,59.75,1,59.75,32.13,27.62,980,6.6
TXN-13217,2025-04-25,CUST-0225,30,Female,Regular,Groceries,Eggs,28.33,56.24,1,56.24,28.33,27.91,1470,6.5
TXN-10208,2025-04-25,CUST-0474,24,Female,Regular,Groceries,Chicken,14.09,25.57,1,25.57,14.09,11.48,1916,6.3
TXN-14017,2025-04-25,CUST-0511,31,Male,Silver,Beauty & Health,Soap,11.95,23.02,4,92.08,47.8,44.28,877,5.2
TXN-10925,2025-04-25,CUST-0499,50,Male,Regular,Electronics,Mouse,41.17,78.14,4,312.56,164.68,147.88,1245,7.1
TXN-12955,2025-04-25,CUST-0620,68,Female,Regular,Beauty & Health,Toothpaste,36.38,71.18,1,71.18,36.38,34.8,626,6.5
TXN-10973,2025-04-25,CUST-0082,52,Male,Silver,Home & Garden,Bed Sheets,41.27,74.29,1,74.29,41.27,33.02,1770,8.3
TXN-11694,2025-04-25,CUST-0220,31,Female,Silver,Electronics,Keyboard,107.66,156.53,4,626.12,430.64,195.48,752,9.7
TXN-13806,2025-04-25,CUST-0396,44,Female,Regular,Electronics,Smartwatch,34.96,50.62,1,50.62,34.96,15.66,726,6.1
TXN-10919,2025-04-25,CUST-0601,39,Male,Regular,Clothing,Socks,46.78,72.77,1,72.77,46.78,25.99,1244,7.9
TXN-10967,2025-04-25,CUST-0840,43,Female,Regular,Groceries,Milk,32.13,59.75,1,59.75,32.13,27.62,1149,7.2
TXN-14623,2025-04-25,CUST-0640,18,Male,Silver,Electronics,Headphones,49.93,84.43,3,253.29,149.79,103.5,1036,5.8
TXN-12655,2025-04-25,CUST-0966,52,Female,Silver,Groceries,Apples,18.31,24.59,2,49.18,36.62,12.56,1554,5.4
TXN-12861,2025-04-25,CUST-0038,42,Male,Silver,Groceries,Chicken,14.09,25.57,2,51.14,28.18,22.96,1767,5.4
TXN-10685,2025-04-26,CUST-0076,40,Male,Gold,Groceries,Cereal,40.44,66.69,4,266.76,161.76,105.0,728,10.0
TXN-11289,2025-04-26,CUST-0379,33,Male,Regular,Home & Garden,Plant Pot,34.48,43.76,1,43.76,34.48,9.28,1722,4.3
TXN-14947,2025-04-26,CUST-0999,44,Male,Regular,Home & Garden,Mug,5.57,9.8,2,19.6,11.14,8.46,525,6.9
TXN-10694,2025-04-26,CUST-0569,52,Male,Regular,Clothing,Hat,3.72,6.93,3,20.79,11.16,9.63,790,6.9
TXN-14315,2025-04-26,CUST-0896,36,Male,Regular,Clothing,T-Shirt,49.29,89.1,4,356.4,197.16,159.24,396,6.2
TXN-11771,2025-04-26,CUST-0755,28,Female,Regular,Clothing,T-Shirt,49.29,89.1,1,89.1,49.29,39.81,571,5.1
TXN-12248,2025-04-26,CUST-0134,29,Female,Regular,Home & Garden,Mug,5.57,9.8,4,39.2,22.28,16.92,741,5.8
TXN-13479,2025-04-26,CUST-0918,24,Female,Regular,Groceries,Rice,16.47,23.64,1,23.64,16.47,7.17,238,6.1
TXN-14317,2025-04-26,CUST-0057,38,Male,Gold,Groceries,Milk,32.13,59.75,4,239.0,128.52,110.48,929,6.2
TXN-12382,2025-04-26,CUST-0547,41,Male,Regular,Groceries,Bread,45.02,60.28,2,120.56,90.04,30.52,858,5.9
TXN-10534,2025-04-26,CUST-0651,49,Female,Silver,Beauty & Health,Shampoo,25.11,45.77,4,183.08,100.44,82.64,996,6.1
TXN-13885,2025-04-26,CUST-0304,49,Female,Gold,Groceries,Bread,45.02,60.28,1,60.28,45.02,15.26,672,9.6
TXN-10774,2025-04-26,CUST-0719,30,Male,Gold,Beauty & Health,Lotion,8.66,15.35,1,15.35,8.66,6.69,1090,7.1
TXN-14354,2025-04-26,CUST-0594,23,Female,Regular,Groceries,Bread,45.02,60.28,10,602.8,450.2,152.6,630,8.1
TXN-14475,2025-04-26,CUST-0304,40,Male,Silver,Groceries,Eggs,28.33,56.24,10,562.4,283.3,279.1,1374,6.4
TXN-12392,2025-04-27,CUST-0982,37,Female,Regular,Beauty & Health,Lotion,8.66,15.35,1,15.35,8.66,6.69,989,6.5
TXN-13649,2025-04-27,CUST-0583,31,Female,Regular,Groceries,Chicken,14.09,25.57,1,25.57,14.09,11.48,1719,8.6
TXN-14318,2025-04-27,CUST-0014,44,Male,Regular,Beauty & Health,Soap,11.95,23.02,1,23.02,11.95,11.07,856,6.9
TXN-10152,2025-04-27,CUST-0177,30,Male,Silver,Electronics,Keyboard,107.66,156.53,1,156.53,107.66,48.87,877,6.7
TXN-11928,2025-04-27,CUST-0287,18,Female,Silver,Electronics,Smartwatch,34.96,50.62,1,50.62,34.96,15.66,864,6.3
TXN-11242,2025-04-27,CUST-0401,51,Male,Gold,Groceries,Apples,18.31,24.59,1,24.59,18.31,6.28,1668,5.9
TXN-10072,2025-04-27,CUST-0092,29,Male,Silver,Home & Garden,Lamp,30.34,59.03,1,59.03,30.34,28.69,1001,5.3
TXN-10146,2025-04-27,CUST-0804,18,Male,Regular,Home & Garden,Plant Pot,34.48,43.76,3,131.28,103.44,27.84,1823,5.2
TXN-10396,2025-04-27,CUST-0840,41,Male,Regular,Groceries,Bread,45.02,60.28,5,301.4,225.1,76.3,978,6.3
TXN-10940,2025-04-27,CUST-0678,18,Female,Gold,Beauty & Health,Soap,11.95,23.02,2,46.04,23.9,22.14,1058,7.0
TXN-12550,2025-04-27,CUST-0216,40,Female,Regular,Beauty & Health,Toothpaste,36.38,71.18,3,213.54,109.14,104.4,651,8.4
TXN-11672,2025-04-27,CUST-0405,23,Female,Silver,Home & Garden,Mug,5.57,9.8,4,39.2,22.28,16.92,781,6.4
TXN-13972,2025-04-27,CUST-0044,48,Male,Silver,Beauty & Health,Lotion,8.66,15.35,10,153.5,86.6,66.9,918,5.7
TXN-13063,2025-04-27,CUST-0307,43,Male,Gold,Clothing,Jeans,45.05,74.05,2,148.1,90.1,58.0,1493,8.7
TXN-11197,2025-04-27,CUST-0162,28,Female,Regular,Beauty & Health,Toothpaste,36.38,71.18,1,71.18,36.38,34.8,758,6.8
TXN-12863,2025-04-27,CUST-0582,28,Female,Silver,Electronics,Mouse,41.17,78.14,2,156.28,82.34,73.94,1107,5.8
TXN-14252,2025-04-28,CUST-0368,25,Male,Regular,Groceries,Bread,45.02,60.28,3,180.84,135.06,45.78,643,3.5
TXN-11195,2025-04-28,CUST-0901,47,Female,Regular,Groceries,Eggs,28.33,56.24,1,56.24,28.33,27.91,1598,4.6
TXN-13233,2025-04-28,CUST-0261,18,Male,Silver,Electronics,Charger,85.78,132.44,3,397.32,257.34,139.98,535,7.8
TXN-13769,2025-04-28,CUST-0874,50,Male,Regular,Beauty & Health,Face Wash,9.13,14.22,1,14.22,9.13,5.09,1134,3.2
TXN-14212,2025-04-28,CUST-0438,33,Female,Regular,Clothing,Jacket,3.47,6.87,1,6.87,3.47,3.4,1186,6.7
TXN-14948,2025-04-28,CUST-0321,18,Female,Gold,Groceries,Pasta,47.29,56.99,4,227.96,189.16,38.8,994,8.7
TXN-12906,2025-04-28,CUST-0255,30,Female,Gold,Clothing,Jacket,3.47,6.87,1,6.87,3.47,3.4,1288,7.8
TXN-10257,2025-04-28,CUST-0752,39,Male,Gold,Home & Garden,Lamp,30.34,59.03,1,59.03,30.34,28.69,977,7.0
TXN-10452,2025-04-28,CUST-0049,50,Female,Silver,Beauty & Health,Shampoo,25.11,45.77,1,45.77,25.11,20.66,1002,5.4
TXN-10088,2025-04-28,CUST-0078,24,Female,Gold,Groceries,Cereal,40.44,66.69,2,133.38,80.88,52.5,772,8.6
TXN-13126,2025-04-28,CUST-0295,37,Female,Regular,Groceries,Eggs,28.33,56.24,3,168.72,84.99,83.73,1477,5.1
TXN-14945,2025-04-28,CUST-0893,25,Male,Regular,Electronics,Keyboard,107.66,156.53,1,156.53,107.66,48.87,509,4.9
TXN-11705,2025-04-28,CUST-0036,36,Male,Silver,Clothing,Socks,46.78,72.77,1,72.77,46.78,25.99,1186,7.2
TXN-11231,2025-04-28,CUST-0967,44,Female,Silver,Home & Garden,Bed Sheets,41.27,74.29,1,74.29,41.27,33.02,1765,5.0
TXN-12475,2025-04-28,CUST-0273,35,Female,Silver,Clothing,Sneakers,20.09,39.7,1,39.7,20.09,19.61,615,7.1
TXN-12715,2025-04-28,CUST-0851,35,Male,Regular,Groceries,Milk,32.13,59.75,1,59.75,32.13,27.62,1016,5.4
TXN-11491,2025-04-28,CUST-0119,21,Female,Silver,Electronics,Smartwatch,34.96,50.62,1,50.62,34.96,15.66,884,7.2
TXN-11866,2025-04-28,CUST-0090,37,Other,Silver,Clothing,Sneakers,20.09,39.7,1,39.7,20.09,19.61,645,7.5
TXN-14073,2025-04-28,CUST-0157,36,Male,Regular,Home & Garden,Bed Sheets,41.27,74.29,1,74.29,41.27,33.02,1516,4.7
TXN-12628,2025-04-28,CUST-0104,39,Female,Regular,Beauty & Health,Vitamins,4.16,7.52,4,30.08,16.64,13.44,1125,5.7
TXN-13054,2025-04-28,CUST-0454,57,Female,Regular,Electronics,Headphones,49.93,84.43,1,84.43,49.93,34.5,1129,6.0
TXN-10788,2025-04-28,CUST-0981,42,Male,Regular,Beauty & Health,Soap,11.95,23.02,1,23.02,11.95,11.07,1066,6.9
TXN-13777,2025-04-28,CUST-0194,39,Female,Regular,Groceries,Cereal,40.44,66.69,1,66.69,40.44,26.25,469,7.1
TXN-10526,2025-04-29,CUST-0747,33,Male,Regular,Electronics,Charger,85.78,132.44,1,132.44,85.78,46.66,728,5.0
TXN-10306,2025-04-29,CUST-0258,42,Male,Regular,Groceries,Bread,45.02,60.28,1,60.28,45.02,15.26,988,5.0
TXN-12842,2025-04-29,CUST-0520,31,Male,Gold,Beauty & Health,Soap,11.95,23.02,1,23.02,11.95,11.07,935,8.5
TXN-11684,2025-04-29,CUST-0488,52,Female,Silver,Beauty & Health,Shampoo,25.11,45.77,1,45.77,25.11,20.66,949,6.8
TXN-12401,2025-04-29,CUST-0736,30,Male,Silver,Beauty & Health,Shampoo,25.11,45.77,1,45.77,25.11,20.66,886,6.5
TXN-14044,2025-04-29,CUST-0409,53,Female,Regular,Clothing,Jacket,3.47,6.87,1,6.87,3.47,3.4,1194,4.2
TXN-12786,2025-04-29,CUST-0725,45,Female,Regular,Clothing,Jeans,45.05,74.05,1,74.05,45.05,29.0,1513,6.5
TXN-14363,2025-04-29,CUST-0784,20,Female,Regular,Electronics,Keyboard,107.66,156.53,1,156.53,107.66,48.87,546,3.9
TXN-11118,2025-04-29,CUST-0039,18,Male,Silver,Clothing,T-Shirt,49.29,89.1,1,89.1,49.29,39.81,631,7.4
TXN-11767,2025-04-29,CUST-0780,18,Female,Regular,Beauty & Health,Lotion,8.66,15.35,2,30.7,17.32,13.38,1053,6.2
TXN-13480,2025-04-29,CUST-0345,42,Female,Gold,Groceries,Bread,45.02,60.28,1,60.28,45.02,15.26,700,8.5
TXN-10513,2025-04-29,CUST-0904,33,Male,Silver,Groceries,Apples,18.31,24.59,1,24.59,18.31,6.28,1726,4.9
TXN-13369,2025-04-29,CUST-0916,41,Female,Regular,Home & Garden,Plant Pot,34.48,43.76,1,43.76,34.48,9.28,1556,6.7
TXN-10424,2025-04-29,CUST-0388,40,Male,Regular,Clothing,Hat,3.72,6.93,1,6.93,3.72,3.21,806,3.6
TXN-10382,2025-04-29,CUST-0756,43,Female,Silver,Groceries,Apples,18.31,24.59,2,49.18,36.62,12.56,1731,6.0
TXN-11479,2025-04-29,CUST-0170,44,Male,Silver,Clothing,Jeans,45.05,74.05,2,148.1,90.1,58.0,1604,7.7
TXN-12691,2025-04-29,CUST-0288,23,Female,Gold,Home & Garden,Towel,36.45,51.3,4,205.2,145.8,59.4,805,9.3
TXN-13142,2025-04-30,CUST-0953,33,Male,Regular,Groceries,Eggs,28.33,56.24,2,112.48,56.66,55.82,1473,4.8
TXN-10128,2025-04-30,CUST-0083,45,Male,Regular,Groceries,Pasta,47.29,56.99,2,113.98,94.58,19.4,1285,4.1
TXN-11692,2025-04-30,CUST-0527,35,Female,Regular,Clothing,Sneakers,20.09,39.7,2,79.4,40.18,39.22,657,7.1
TXN-14657,2025-04-30,CUST-0259,22,Male,Regular,Groceries,Pasta,47.29,56.99,1,56.99,47.29,9.7,1021,8.0
TXN-13568,2025-04-30,CUST-0677,45,Female,Silver,Clothing,Socks,46.78,72.77,10,727.7,467.8,259.9,1036,6.7
TXN-11782,2025-04-30,CUST-0603,55,Female,Silver,Home & Garden,Lamp,30.34,59.03,2,118.06,60.68,57.38,852,5.7
TXN-10837,2025-04-30,CUST-0738,66,Female,Silver,Clothing,Hat,3.72,6.93,5,34.65,18.6,16.05,757,4.8
TXN-12817,2025-04-30,CUST-0533,46,Female,Silver,Clothing,Socks,46.78,72.77,1,72.77,46.78,25.99,1104,4.5
TXN-10044,2025-04-30,CUST-0168,29,Male,Gold,Home & Garden,Mug,5.57,9.8,1,9.8,5.57,4.23,863,6.0
TXN-14831,2025-04-30,CUST-0282,18,Female,Regular,Beauty & Health,Vitamins,4.16,7.52,3,22.56,12.48,10.08,974,7.0
TXN-11250,2025-04-30,CUST-0608,43,Male,Regular,Groceries,Chicken,14.09,25.57,1,25.57,14.09,11.48,1857,6.6
TXN-10217,2025-04-30,CUST-0727,36,Female,Regular,Groceries,Milk,32.13,59.75,1,59.75,32.13,27.62,1181,4.8
TXN-12353,2025-04-30,CUST-0955,42,Male,Regular,Electronics,Smartwatch,34.96,50.62,1,50.62,34.96,15.66,848,5.4
TXN-14455,2025-04-30,CUST-0968,45,Male,Silver,Beauty & Health,Shampoo,25.11,45.77,1,45.77,25.11,20.66,727,6.2
TXN-12864,2025-05-01,CUST-0959,40,Male,Regular,Beauty & Health,Lotion,8.66,15.35,1,15.35,8.66,6.69,969,4.5
TXN-14099,2025-05-01,CUST-0356,29,Male,Regular,Beauty & Health,Face Wash,9.13,14.22,1,14.22,9.13,5.09,1104,7.9
TXN-13966,2025-05-01,CUST-0014,36,Female,Silver,Electronics,Smartwatch,34.96,50.62,1,50.62,34.96,15.66,721,8.3
TXN-12402,2025-05-01,CUST-0591,42,Female,Gold,Groceries,Milk,32.13,59.75,1,59.75,32.13,27.62,1041,8.2
TXN-10613,2025-05-01,CUST-0322,26,Female,Silver,Groceries,Pasta,47.29,56.99,1,56.99,47.29,9.7,1245,6.9
TXN-14532,2025-05-01,CUST-0693,32,Female,Regular,Electronics,Charger,85.78,132.44,5,662.2,428.9,233.3,436,5.9
TXN-11113,2025-05-01,CUST-0812,25,Female,Regular,Groceries,Cereal,40.44,66.69,1,66.69,40.44,26.25,684,4.7
TXN-10547,2025-05-01,CUST-0200,36,Female,Silver,Clothing,T-Shirt,49.29,89.1,2,178.2,98.58,79.62,659,7.6
TXN-10931,2025-05-01,CUST-0178,31,Female,Gold,Electronics,USB Drive,123.53,158.32,1,158.32,123.53,34.79,1674,9.4
TXN-14481,2025-05-01,CUST-0828,48,Male,Regular,Groceries,Rice,16.47,23.64,1,23.64,16.47,7.17,127,6.0
TXN-11168,2025-05-01,CUST-0189,40,Male,Regular,Clothing,T-Shirt,49.29,89.1,10,891.0,492.9,398.1,617,8.7
TXN-13487,2025-05-01,CUST-0814,28,Female,Silver,Groceries,Bread,45.02,60.28,4,241.12,180.08,61.04,696,9.2
TXN-11404,2025-05-01,CUST-0356,59,Female,Regular,Beauty & Health,Face Wash,9.13,14.22,1,14.22,9.13,5.09,1319,4.2
TXN-11392,2025-05-01,CUST-0611,18,Female,Gold,Clothing,Jacket,3.47,6.87,1,6.87,3.47,3.4,1443,6.5
TXN-12391,2025-05-01,CUST-0453,59,Male,Regular,Home & Garden,Lamp,30.34,59.03,2,118.06,60.68,57.38,795,8.8
TXN-14919,2025-05-01,CUST-0364,25,Female,Silver,Groceries,Milk,32.13,59.75,2,119.5,64.26,55.24,876,5.4
TXN-13132,2025-05-02,CUST-0455,21,Male,Silver,Beauty & Health,Lotion,8.66,15.35,1,15.35,8.66,6.69,956,5.4
TXN-11762,2025-05-02,CUST-0424,24,Male,Regular,Clothing,Jacket,3.47,6.87,1,6.87,3.47,3.4,1391,5.5
TXN-10185,2025-05-02,CUST-0678,44,Female,Regular,Electronics,Keyboard,107.66,156.53,5,782.65,538.3,244.35,865,5.5
TXN-10687,2025-05-02,CUST-0833,46,Female,Regular,Beauty & Health,Vitamins,4.16,7.52,1,7.52,4.16,3.36,1315,4.7
TXN-13713,2025-05-02,CUST-0735,52,Female,Regular,Groceries,Pasta,47.29,56.99,3,170.97,141.87,29.1,1076,6.2
TXN-10778,2025-05-02,CUST-0236,34,Female,Gold,Home & Garden,Mug,5.57,9.8,2,19.6,11.14,8.46,837,7.5
TXN-13587,2025-05-02,CUST-0033,62,Female,Regular,Clothing,Jacket,3.47,6.87,1,6.87,3.47,3.4,1228,6.2
TXN-12638,2025-05-02,CUST-0901,38,Female,Regular,Electronics,Keyboard,107.66,156.53,1,156.53,107.66,48.87,704,7.4
TXN-12119,2025-05-02,CUST-0925,51,Female,Regular,Clothing,Hat,3.72,6.93,4,27.72,14.88,12.84,651,7.6
TXN-11805,2025-05-02,CUST-0906,21,Male,Regular,Clothing,Hat,3.72,6.93,3,20.79,11.16,9.63,677,7.3
TXN-11057,2025-05-02,CUST-0980,39,Female,Gold,Clothing,Jacket,3.47,6.87,1,6.87,3.47,3.4,1467,8.2
TXN-12781,2025-05-03,CUST-0745,34,Male,Regular,Clothing,Socks,46.78,72.77,1,72.77,46.78,25.99,1114,7.5
TXN-14098,2025-05-03,CUST-0510,29,Male,Regular,Home & Garden,Lamp,30.34,59.03,1,59.03,30.34,28.69,644,7.7
TXN-11366,2025-05-03,CUST-0872,24,Female,Regular,Beauty & Health,Face Wash,9.13,14.22,3,42.66,27.39,15.27,1325,5.3
TXN-12327,2025-05-03,CUST-0598,23,Male,Silver,Electronics,Mouse,41.17,78.14,2,156.28,82.34,73.94,1145,4.7
TXN-11186,2025-05-03,CUST-0750,18,Female,Silver,Home & Garden,Mug,5.57,9.8,3,29.4,16.71,12.69,815,6.0
TXN-13021,2025-05-03,CUST-0804,55,Female,Silver,Beauty & Health,Shampoo,25.11,45.77,5,228.85,125.55,103.3,831,7.9
TXN-11307,2025-05-03,CUST-0872,26,Male,Silver,Home & Garden,Plant Pot,34.48,43.76,1,43.76,34.48,9.28,1720,5.3
TXN-10886,2025-05-03,CUST-0066,43,Male,Regular,Groceries,Cereal,40.44,66.69,3,200.07,121.32,78.75,695,6.1
TXN-13138,2025-05-03,CUST-0068,28,Female,Regular,Beauty & Health,Soap,11.95,23.02,3,69.06,35.85,33.21,920,7.3
TXN-10213,2025-05-03,CUST-0778,35,Male,Gold,Clothing,Jeans,45.05,74.05,1,74.05,45.05,29.0,1698,6.9
TXN-10348,2025-05-03,CUST-0315,24,Female,Silver,Electronics,Mouse,41.17,78.14,2,156.28,82.34,73.94,1271,7.9
TXN-11344,2025-05-03,CUST-0631,34,Male,Regular,Home & Garden,Towel,36.45,51.3,1,51.3,36.45,14.85,887,6.1
TXN-11347,2025-05-03,CUST-0952,26,Female,Regular,Groceries,Milk,32.13,59.75,1,59.75,32.13,27.62,1122,6.7
TXN-14644,2025-05-03,CUST-0968,38,Male,Regular,Electronics,Headphones,49.93,84.43,1,84.43,49.93,34.5,1033,6.9
TXN-12365,2025-05-03,CUST-0763,23,Female,Regular,Beauty & Health,Toothpaste,36.38,71.18,2,142.36,72.76,69.6,668,5.6
TXN-14660,2025-05-03,CUST-0494,48,Female,Regular,Electronics,Charger,85.78,132.44,1,132.44,85.78,46.66,434,6.2
TXN-12899,2025-05-03,CUST-0513,55,Male,Silver,Beauty & Health,Soap,11.95,23.02,1,23.02,11.95,11.07,925,6.9
TXN-12753,2025-05-03,CUST-0368,24,Male,Regular,Groceries,Milk,32.13,59.75,1,59.75,32.13,27.62,1014,3.8
TXN-14352,2025-05-04,CUST-0404,41,Male,Silver,Groceries,Milk,32.13,59.75,2,119.5,64.26,55.24,916,6.9
TXN-11757,2025-05-04,CUST-0467,26,Female,Silver,Groceries,Eggs,28.33,56.24,3,168.72,84.99,83.73,1579,5.1
TXN-12611,2025-05-04,CUST-0098,43,Female,Regular,Home & Garden,Lamp,30.34,59.03,1,59.03,30.34,28.69,764,5.0
TXN-13048,2025-05-04,CUST-0451,25,Female,Regular,Electronics,Smartwatch,34.96,50.62,10,506.2,349.6,156.6,804,4.3
TXN-12496,2025-05-04,CUST-0207,47,Female,Regular,Electronics,Keyboard,107.66,156.53,2,313.06,215.32,97.74,710,6.8
TXN-14180,2025-05-04,CUST-0489,32,Male,Silver,Groceries,Pasta,47.29,56.99,5,284.95,236.45,48.5,1045,5.7
TXN-13324,2025-05-04,CUST-0936,31,Female,Gold,Beauty & Health,Toothpaste,36.38,71.18,1,71.18,36.38,34.8,599,8.7
TXN-14944,2025-05-04,CUST-0956,31,Female,Regular,Clothing,Hat,3.72,6.93,2,13.86,7.44,6.42,497,6.9
TXN-14319,2025-05-04,CUST-0647,58,Female,Gold,Beauty & Health,Shampoo,25.11,45.77,10,457.7,251.1,206.6,729,10.0
TXN-10758,2025-05-05,CUST-0449,46,Male,Regular,Home & Garden,Plant Pot,34.48,43.76,1,43.76,34.48,9.28,1778,6.2
TXN-12112,2025-05-05,CUST-0379,45,Female,Regular,Home & Garden,Bed Sheets,41.27,74.29,2,148.58,82.54,66.04,1680,6.4
TXN-12068,2025-05-05,CUST-0049,37,Female,Regular,Clothing,Sneakers,20.09,39.7,1,39.7,20.09,19.61,635,5.6
TXN-14744,2025-05-05,CUST-0330,43,Male,Regular,Electronics,Smartwatch,34.96,50.62,1,50.62,34.96,15.66,641,8.7
TXN-12304,2025-05-05,CUST-0944,33,Male,Regular,Beauty & Health,Shampoo,25.11,45.77,5,228.85,125.55,103.3,889,7.3
TXN-11749,2025-05-05,CUST-0713,38,Male,Gold,Beauty & Health,Shampoo,25.11,45.77,5,228.85,125.55,103.3,943,8.7
TXN-10063,2025-05-05,CUST-0265,41,Female,Regular,Home & Garden,Towel,36.45,51.3,1,51.3,36.45,14.85,1028,5.0
TXN-13133,2025-05-05,CUST-0843,40,Female,Regular,Beauty & Health,Toothpaste,36.38,71.18,5,355.9,181.9,174.0,607,7.3
TXN-14085,2025-05-05,CUST-0633,50,Male,Silver,Clothing,Jeans,45.05,74.05,5,370.25,225.25,145.0,1397,8.4
TXN-14916,2025-05-05,CUST-0161,39,Male,Regular,Electronics,Charger,85.78,132.44,2,264.88,171.56,93.32,420,3.1
TXN-13637,2025-05-06,CUST-0591,20,Female,Regular,Groceries,Milk,32.13,59.75,2,119.5,64.26,55.24,964,7.1
TXN-13958,2025-05-06,CUST-0601,37,Other,Regular,Electronics,USB Drive,123.53,158.32,1,158.32,123.53,34.79,1455,3.7
TXN-12718,2025-05-06,CUST-0117,18,Male,Silver,Beauty & Health,Shampoo,25.11,45.77,1,45.77,25.11,20.66,862,4.7
TXN-12624,2025-05-06,CUST-0809,56,Female,Silver,Beauty & Health,Soap,11.95,23.02,1,23.02,11.95,11.07,946,5.4
TXN-14844,2025-05-06,CUST-0677,42,Male,Gold,Home & Garden,Lamp,30.34,59.03,1,59.03,30.34,28.69,563,5.7
TXN-11497,2025-05-06,CUST-0575,33,Female,Regular,Electronics,Keyboard,107.66,156.53,2,313.06,215.32,97.74,769,5.5
TXN-13382,2025-05-06,CUST-0669,37,Male,Regular,Clothing,T-Shirt,49.29,89.1,4,356.4,197.16,159.24,458,9.3
TXN-10883,2025-05-06,CUST-0917,49,Female,Regular,Electronics,Headphones,49.93,84.43,4,337.72,199.72,138.0,1268,6.1
TXN-11490,2025-05-06,CUST-0923,43,Male,Silver,Groceries,Bread,45.02,60.28,1,60.28,45.02,15.26,914,4.6
TXN-14988,2025-05-06,CUST-0925,34,Male,Gold,Groceries,Eggs,28.33,56.24,3,168.72,84.99,83.73,1332,9.7
TXN-12627,2025-05-06,CUST-0195,27,Female,Gold,Beauty & Health,Vitamins,4.16,7.52,1,7.52,4.16,3.36,1129,7.1
TXN-13086,2025-05-06,CUST-0381,23,Male,Regular,Beauty & Health,Shampoo,25.11,45.77,1,45.77,25.11,20.66,830,6.5
TXN-11966,2025-05-06,CUST-0811,53,Male,Regular,Clothing,Hat,3.72,6.93,1,6.93,3.72,3.21,663,3.8
TXN-14756,2025-05-06,CUST-0249,58,Male,Silver,Home & Garden,Plant Pot,34.48,43.76,1,43.76,34.48,9.28,1427,7.0
TXN-12074,2025-05-06,CUST-0278,26,Female,Silver,Groceries,Bread,45.02,60.28,2,120.56,90.04,30.52,868,7.6
TXN-12508,2025-05-07,CUST-0718,29,Male,Regular,Home & Garden,Mug,5.57,9.8,10,98.0,55.7,42.3,724,9.4
TXN-11151,2025-05-07,CUST-0370,41,Female,Regular,Clothing,Jacket,3.47,6.87,1,6.87,3.47,3.4,1461,7.9
TXN-10010,2025-05-07,CUST-0603,25,Male,Silver,Beauty & Health,Toothpaste,36.38,71.18,2,142.36,72.76,69.6,844,5.2
TXN-11798,2025-05-07,CUST-0144,31,Female,Regular,Clothing,Socks,46.78,72.77,1,72.77,46.78,25.99,1183,6.9
TXN-13877,2025-05-07,CUST-0003,21,Female,Silver,Electronics,Mouse,41.17,78.14,1,78.14,41.17,36.97,1043,7.2
TXN-12875,2025-05-07,CUST-0509,31,Male,Silver,Groceries,Rice,16.47,23.64,1,23.64,16.47,7.17,277,8.2
TXN-13393,2025-05-07,CUST-0206,37,Male,Silver,Electronics,Smartwatch,34.96,50.62,3,151.86,104.88,46.98,765,7.8
TXN-13494,2025-05-07,CUST-0992,35,Male,Silver,Groceries,Chicken,14.09,25.57,1,25.57,14.09,11.48,1735,4.9
TXN-12309,2025-05-07,CUST-0626,32,Female,Gold,Beauty & Health,Soap,11.95,23.02,1,23.02,11.95,11.07,964,7.6
TXN-11763,2025-05-07,CUST-0645,36,Male,Silver,Groceries,Chicken,14.09,25.57,3,76.71,42.27,34.44,1848,5.8
TXN-13651,2025-05-07,CUST-0555,29,Male,Regular,Groceries,Eggs,28.33,56.24,2,112.48,56.66,55.82,1434,6.9
TXN-10398,2025-05-08,CUST-0669,30,Female,Silver,Electronics,USB Drive,123.53,158.32,1,158.32,123.53,34.79,1726,4.6
TXN-10545,2025-05-08,CUST-0348,43,Other,Regular,Home & Garden,Towel,36.45,51.3,5,256.5,182.25,74.25,966,5.3
TXN-12531,2025-05-08,CUST-0479,38,Male,Silver,Beauty & Health,Soap,11.95,23.02,3,69.06,35.85,33.21,950,6.0
TXN-11110,2025-05-08,CUST-0294,50,Male,Regular,Home & Garden,Mug,5.57,9.8,5,49.0,27.85,21.15,822,6.3
TXN-14402,2025-05-08,CUST-0639,42,Male,Regular,Electronics,Smartwatch,34.96,50.62,1,50.62,34.96,15.66,673,8.0
TXN-12858,2025-05-08,CUST-0124,31,Male,Silver,Electronics,Charger,85.78,132.44,1,132.44,85.78,46.66,561,7.2
TXN-11626,2025-05-08,CUST-0978,38,Female,Regular,Home & Garden,Towel,36.45,51.3,1,51.3,36.45,14.85,870,8.1
TXN-12794,2025-05-08,CUST-0725,33,Male,Gold,Beauty & Health,Face Wash,9.13,14.22,10,142.2,91.3,50.9,1207,9.6
TXN-10627,2025-05-08,CUST-0764,30,Female,Regular,Beauty & Health,Lotion,8.66,15.35,4,61.4,34.64,26.76,1092,7.1
TXN-10174,2025-05-08,CUST-0666,30,Female,Regular,Groceries,Pasta,47.29,56.99,1,56.99,47.29,9.7,1279,5.8
TXN-10946,2025-05-08,CUST-0982,35,Male,Regular,Home & Garden,Lamp,30.34,59.03,1,59.03,30.34,28.69,923,4.7
TXN-13993,2025-05-08,CUST-0293,48,Male,Silver,Electronics,Charger,85.78,132.44,1,132.44,85.78,46.66,470,7.5
TXN-14419,2025-05-08,CUST-0638,53,Female,Silver,Home & Garden,Towel,36.45,51.3,1,51.3,36.45,14.85,659,5.4
TXN-12725,2025-05-08,CUST-0452,37,Female,Regular,Groceries,Apples,18.31,24.59,1,24.59,18.31,6.28,1542,7.1
TXN-11374,2025-05-09,CUST-0825,53,Other,Regular,Electronics,USB Drive,123.53,158.32,1,158.32,123.53,34.79,1658,6.2
TXN-11483,2025-05-09,CUST-0115,24,Female,Regular,Home & Garden,Mug,5.57,9.8,1,9.8,5.57,4.23,794,6.6
TXN-10817,2025-05-09,CUST-0934,34,Other,Silver,Clothing,Jacket,3.47,6.87,2,13.74,6.94,6.8,1485,5.8
TXN-11840,2025-05-09,CUST-0904,34,Female,Regular,Electronics,USB Drive,123.53,158.32,1,158.32,123.53,34.79,1633,6.6
TXN-14619,2025-05-09,CUST-0355,40,Female,Regular,Clothing,Jacket,3.47,6.87,3,20.61,10.41,10.2,1134,5.6
TXN-10101,2025-05-09,CUST-0265,34,Other,Silver,Home & Garden,Lamp,30.34,59.03,4,236.12,121.36,114.76,997,6.3
TXN-10025,2025-05-09,CUST-0165,37,Male,Regular,Home & Garden,Mug,5.57,9.8,1,9.8,5.57,4.23,868,4.9
TXN-11667,2025-05-09,CUST-0798,44,Male,Regular,Groceries,Apples,18.31,24.59,4,98.36,73.24,25.12,1604,8.0
TXN-14306,2025-05-09,CUST-0545,42,Male,Silver,Beauty & Health,Lotion,8.66,15.35,2,30.7,17.32,13.38,906,4.7
TXN-12959,2025-05-09,CUST-0485,27,Male,Silver,Groceries,Eggs,28.33,56.24,1,56.24,28.33,27.91,1485,5.3
TXN-14196,2025-05-09,CUST-0011,20,Female,Regular,Clothing,Jeans,45.05,74.05,4,296.2,180.2,116.0,1385,5.1
TXN-10850,2025-05-09,CUST-0317,58,Female,Silver,Electronics,USB Drive,123.53,158.32,1,158.32,123.53,34.79,1675,5.2
TXN-12973,2025-05-09,CUST-0428,28,Female,Regular,Home & Garden,Frying Pan,11.59,15.48,2,30.96,23.18,7.78,1658,5.7
TXN-11534,2025-05-09,CUST-0214,39,Male,Silver,Beauty & Health,Shampoo,25.11,45.77,1,45.77,25.11,20.66,973,4.7
TXN-13716,2025-05-09,CUST-0703,42,Male,Regular,Home & Garden,Mug,5.57,9.8,1,9.8,5.57,4.23,634,5.5
TXN-10225,2025-05-09,CUST-0130,40,Male,Regular,Groceries,Pasta,47.29,56.99,3,170.97,141.87,29.1,1270,6.9
TXN-11563,2025-05-09,CUST-0169,57,Male,Regular,Home & Garden,Towel,36.45,51.3,1,51.3,36.45,14.85,875,6.0
TXN-11143,2025-05-09,CUST-0478,30,Female,Regular,Beauty & Health,Soap,11.95,23.02,4,92.08,47.8,44.28,1038,7.1
TXN-14626,2025-05-09,CUST-0593,52,Male,Regular,Home & Garden,Towel,36.45,51.3,1,51.3,36.45,14.85,635,3.6
TXN-12255,2025-05-09,CUST-0267,49,Female,Regular,Electronics,Keyboard,107.66,156.53,1,156.53,107.66,48.87,719,7.4
TXN-14772,2025-05-09,CUST-0303,18,Male,Regular,Groceries,Eggs,28.33,56.24,1,56.24,28.33,27.91,1358,4.6
TXN-12293,2025-05-09,CUST-0756,27,Female,Silver,Home & Garden,Plant Pot,34.48,43.76,2,87.52,68.96,18.56,1643,8.6
TXN-10137,2025-05-09,CUST-0347,48,Female,Regular,Home & Garden,Lamp,30.34,59.03,1,59.03,30.34,28.69,985,5.4
TXN-13724,2025-05-09,CUST-0651,56,Male,Silver,Electronics,Mouse,41.17,78.14,1,78.14,41.17,36.97,1053,6.3
TXN-10259,2025-05-10,CUST-0722,39,Male,Regular,Beauty & Health,Soap,11.95,23.02,5,115.1,59.75,55.35,1080,7.4
TXN-14168,2025-05-10,CUST-0213,44,Male,Silver,Home & Garden,Lamp,30.34,59.03,1,59.03,30.34,28.69,639,3.5
TXN-14843,2025-05-10,CUST-0826,60,Female,Silver,Beauty & Health,Face Wash,9.13,14.22,4,56.88,36.52,20.36,1073,6.0
TXN-10196,2025-05-10,CUST-0510,52,Male,Regular,Groceries,Chicken,14.09,25.57,1,25.57,14.09,11.48,1917,7.4
TXN-12236,2025-05-10,CUST-0066,30,Female,Regular,Clothing,Hat,3.72,6.93,1,6.93,3.72,3.21,647,6.0
TXN-13201,2025-05-10,CUST-0590,24,Male,Regular,Home & Garden,Lamp,30.34,59.03,1,59.03,30.34,28.69,721,8.3
TXN-13652,2025-05-10,CUST-0763,27,Male,Regular,Groceries,Chicken,14.09,25.57,5,127.85,70.45,57.4,1714,7.7
TXN-11384,2025-05-10,CUST-0196,25,Female,Regular,Home & Garden,Bed Sheets,41.27,74.29,10,742.9,412.7,330.2,1740,7.0
TXN-12560,2025-05-10,CUST-0515,35,Male,Silver,Electronics,Headphones,49.93,84.43,5,422.15,249.65,172.5,1167,8.6
TXN-12954,2025-05-10,CUST-0753,18,Male,Regular,Groceries,Bread,45.02,60.28,5,301.4,225.1,76.3,795,6.3
TXN-12299,2025-05-10,CUST-0490,27,Male,Silver,Electronics,Keyboard,107.66,156.53,1,156.53,107.66,48.87,717,4.9
TXN-10231,2025-05-11,CUST-0267,39,Female,Gold,Groceries,Eggs,28.33,56.24,2,112.48,56.66,55.82,1686,6.5
TXN-12590,2025-05-11,CUST-0525,52,Female,Silver,Groceries,Chicken,14.09,25.57,1,25.57,14.09,11.48,1784,6.3
TXN-12897,2025-05-11,CUST-0890,24,Male,Regular,Clothing,T-Shirt,49.29,89.1,1,89.1,49.29,39.81,496,5.1
TXN-13094,2025-05-11,CUST-0013,58,Female,Regular,Electronics,Charger,85.78,132.44,1,132.44,85.78,46.66,549,7.6
TXN-11473,2025-05-11,CUST-0289,41,Male,Regular,Clothing,Socks,46.78,72.77,4,291.08,187.12,103.96,1197,9.4
TXN-11828,2025-05-11,CUST-0025,43,Male,Silver,Beauty & Health,Shampoo,25.11,45.77,3,137.31,75.33,61.98,939,4.6
TXN-13693,2025-05-11,CUST-0998,18,Other,Gold,Groceries,Apples,18.31,24.59,2,49.18,36.62,12.56,1469,6.0
TXN-11803,2025-05-11,CUST-0673,41,Female,Regular,Home & Garden,Frying Pan,11.59,15.48,1,15.48,11.59,3.89,1708,5.9
TXN-14106,2025-05-11,CUST-0536,34,Male,Regular,Electronics,Smartwatch,34.96,50.62,5,253.1,174.8,78.3,710,7.4
TXN-10764,2025-05-11,CUST-0515,44,Female,Regular,Electronics,Mouse,41.17,78.14,1,78.14,41.17,36.97,1254,5.1
TXN-11500,2025-05-12,CUST-0310,42,Female,Regular,Clothing,Jeans,45.05,74.05,3,222.15,135.15,87.0,1601,6.9
TXN-14770,2025-05-12,CUST-0041,44,Male,Regular,Clothing,T-Shirt,49.29,89.1,2,178.2,98.58,79.62,370,5.2
TXN-13125,2025-05-12,CUST-0936,51,Male,Regular,Electronics,Mouse,41.17,78.14,5,390.7,205.85,184.85,1088,6.8
TXN-11549,2025-05-12,CUST-0076,28,Male,Regular,Electronics,Mouse,41.17,78.14,3,234.42,123.51,110.91,1173,5.4
TXN-14011,2025-05-12,CUST-0457,35,Female,Regular,Electronics,Smartwatch,34.96,50.62,1,50.62,34.96,15.66,715,6.6
TXN-14942,2025-05-12,CUST-0377,49,Female,Gold,Groceries,Apples,18.31,24.59,1,24.59,18.31,6.28,1376,5.5
TXN-11112,2025-05-12,CUST-0493,18,Male,Gold,Electronics,Mouse,41.17,78.14,5,390.7,205.85,184.85,1224,6.5
TXN-11817,2025-05-12,CUST-0074,43,Male,Regular,Clothing,Hat,3.72,6.93,1,6.93,3.72,3.21,676,7.3
TXN-14505,2025-05-12,CUST-0192,21,Male,Regular,Beauty & Health,Soap,11.95,23.02,1,23.02,11.95,11.07,834,6.8
TXN-12629,2025-05-12,CUST-0271,51,Male,Regular,Electronics,Mouse,41.17,78.14,1,78.14,41.17,36.97,1129,7.9
TXN-10068,2025-05-12,CUST-0290,47,Male,Silver,Home & Garden,Lamp,30.34,59.03,10,590.3,303.4,286.9,1002,5.7
TXN-13001,2025-05-12,CUST-0075,56,Female,Silver,Clothing,Sneakers,20.09,39.7,3,119.1,60.27,58.83,579,7.6
TXN-13971,2025-05-12,CUST-0258,35,Female,Silver,Groceries,Cereal,40.44,66.69,1,66.69,40.44,26.25,454,5.2
TXN-12216,2025-05-12,CUST-0697,48,Male,Regular,Electronics,Keyboard,107.66,156.53,1,156.53,107.66,48.87,720,6.5
TXN-11884,2025-05-12,CUST-0492,51,Female,Regular,Electronics,USB Drive,123.53,158.32,10,1583.2,1235.3,347.9,1618,8.7
TXN-11920,2025-05-13,CUST-0406,46,Female,Regular,Electronics,Charger,85.78,132.44,1,132.44,85.78,46.66,642,6.1
TXN-12005,2025-05-13,CUST-0368,32,Female,Regular,Clothing,Sneakers,20.09,39.7,1,39.7,20.09,19.61,641,5.0
TXN-13472,2025-05-13,CUST-0329,29,Female,Regular,Home & Garden,Lamp,30.34,59.03,1,59.03,30.34,28.69,697,5.4
TXN-10539,2025-05-13,CUST-0153,29,Female,Silver,Groceries,Chicken,14.09,25.57,1,25.57,14.09,11.48,1896,6.6
TXN-13928,2025-05-13,CUST-0808,36,Male,Regular,Electronics,Keyboard,107.66,156.53,1,156.53,107.66,48.87,595,5.6
TXN-13347,2025-05-13,CUST-0450,45,Female,Regular,Groceries,Chicken,14.09,25.57,1,25.57,14.09,11.48,1743,6.2
TXN-14630,2025-05-13,CUST-0288,27,Female,Gold,Clothing,Hat,3.72,6.93,1,6.93,3.72,3.21,514,7.2
TXN-14138,2025-05-13,CUST-0500,29,Male,Regular,Electronics,USB Drive,123.53,158.32,1,158.32,123.53,34.79,1447,4.3
TXN-13314,2025-05-13,CUST-0602,21,Male,Regular,Beauty & Health,Toothpaste,36.38,71.18,3,213.54,109.14,104.4,600,7.3
TXN-13396,2025-05-13,CUST-0487,24,Female,Silver,Clothing,Sneakers,20.09,39.7,3,119.1,60.27,58.83,555,7.5
TXN-13967,2025-05-13,CUST-0271,43,Female,Regular,Home & Garden,Frying Pan,11.59,15.48,1,15.48,11.59,3.89,1570,6.0
TXN-10522,2025-05-13,CUST-0577,18,Male,Regular,Groceries,Chicken,14.09,25.57,1,25.57,14.09,11.48,1897,6.1
TXN-14233,2025-05-14,CUST-0155,23,Male,Regular,Clothing,Jacket,3.47,6.87,4,27.48,13.88,13.6,1180,7.0
TXN-14878,2025-05-14,CUST-0986,28,Male,Regular,Clothing,Sneakers,20.09,39.7,4,158.8,80.36,78.44,475,4.7
TXN-14049,2025-05-14,CUST-0256,41,Other,Silver,Groceries,Eggs,28.33,56.24,1,56.24,28.33,27.91,1392,4.1
TXN-11947,2025-05-14,CUST-0504,18,Male,Regular,Beauty & Health,Vitamins,4.16,7.52,2,15.04,8.32,6.72,1185,4.5
TXN-14999,2025-05-14,CUST-0470,37,Female,Silver,Groceries,Pasta,47.29,56.99,1,56.99,47.29,9.7,993,6.1
TXN-13321,2025-05-14,CUST-0558,18,Male,Gold,Groceries,Apples,18.31,24.59,1,24.59,18.31,6.28,1496,5.7
TXN-13065,2025-05-14,CUST-0390,25,Male,Regular,Groceries,Cereal,40.44,66.69,4,266.76,161.76,105.0,529,7.7
TXN-13614,2025-05-14,CUST-0238,28,Female,Regular,Beauty & Health,Shampoo,25.11,45.77,1,45.77,25.11,20.66,792,5.5
TXN-10868,2025-05-14,CUST-0355,33,Female,Regular,Home & Garden,Plant Pot,34.48,43.76,2,87.52,68.96,18.56,1752,5.6
TXN-13625,2025-05-14,CUST-0189,18,Female,Regular,Home & Garden,Lamp,30.34,59.03,2,118.06,60.68,57.38,680,4.5
TXN-11741,2025-05-14,CUST-0631,38,Male,Regular,Electronics,Mouse,41.17,78.14,1,78.14,41.17,36.97,1167,4.9
TXN-11148,2025-05-14,CUST-0923,45,Male,Regular,Groceries,Chicken,14.09,25.57,1,25.57,14.09,11.48,1861,6.4
TXN-13291,2025-05-14,CUST-0024,22,Female,Regular,Electronics,USB Drive,123.53,158.32,2,316.64,247.06,69.58,1506,5.4
TXN-11561,2025-05-14,CUST-0616,25,Male,Silver,Clothing,Socks,46.78,72.77,1,72.77,46.78,25.99,1191,5.9
TXN-12823,2025-05-14,CUST-0754,36,Male,Silver,Clothing,Socks,46.78,72.77,4,291.08,187.12,103.96,1100,8.6
TXN-14631,2025-05-14,CUST-0964,49,Male,Regular,Home & Garden,Plant Pot,34.48,43.76,1,43.76,34.48,9.28,1443,6.0
TXN-13348,2025-05-14,CUST-0596,72,Male,Regular,Electronics,Headphones,49.93,84.43,1,84.43,49.93,34.5,1101,4.4
TXN-13343,2025-05-14,CUST-0020,30,Male,Silver,Beauty & Health,Shampoo,25.11,45.77,3,137.31,75.33,61.98,813,7.7
TXN-12775,2025-05-14,CUST-0533,33,Female,Silver,Electronics,Keyboard,107.66,156.53,3,469.59,322.98,146.61,687,3.9
TXN-11710,2025-05-15,CUST-0773,52,Female,Regular,Clothing,Sneakers,20.09,39.7,4,158.8,80.36,78.44,653,9.0
TXN-12724,2025-05-15,CUST-0771,18,Female,Regular,Clothing,Sneakers,20.09,39.7,1,39.7,20.09,19.61,589,5.7
TXN-11294,2025-05-15,CUST-0186,26,Female,Silver,Clothing,Socks,46.78,72.77,1,72.77,46.78,25.99,1218,6.4
TXN-12787,2025-05-15,CUST-0058,23,Female,Regular,Groceries,Rice,16.47,23.64,4,94.56,65.88,28.68,278,5.8
TXN-13513,2025-05-15,CUST-0239,41,Male,Regular,Beauty & Health,Toothpaste,36.38,71.18,10,711.8,363.8,348.0,580,6.7
TXN-12345,2025-05-15,CUST-0271,46,Male,Regular,Electronics,USB Drive,123.53,158.32,1,158.32,123.53,34.79,1571,6.2
TXN-11182,2025-05-15,CUST-0234,18,Other,Gold,Electronics,USB Drive,123.53,158.32,2,316.64,247.06,69.58,1670,9.1
TXN-14952,2025-05-15,CUST-0131,30,Male,Silver,Beauty & Health,Soap,11.95,23.02,4,92.08,47.8,44.28,821,6.8
TXN-11617,2025-05-15,CUST-0932,45,Female,Silver,Groceries,Apples,18.31,24.59,2,49.18,36.62,12.56,1613,7.9
TXN-10831,2025-05-15,CUST-0966,43,Male,Regular,Home & Garden,Towel,36.45,51.3,1,51.3,36.45,14.85,930,7.2
TXN-13816,2025-05-15,CUST-0287,32,Female,Silver,Electronics,USB Drive,123.53,158.32,1,158.32,123.53,34.79,1467,3.6
TXN-13536,2025-05-15,CUST-0008,25,Male,Silver,Groceries,Eggs,28.33,56.24,1,56.24,28.33,27.91,1440,6.8
TXN-14920,2025-05-16,CUST-0715,24,Female,Regular,Clothing,Jacket,3.47,6.87,3,20.61,10.41,10.2,1126,7.4
TXN-13915,2025-05-16,CUST-0624,55,Female,Regular,Electronics,Keyboard,107.66,156.53,1,156.53,107.66,48.87,599,8.0
TXN-11042,2025-05-16,CUST-0341,23,Other,Gold,Home & Garden,Frying Pan,11.59,15.48,3,46.44,34.77,11.67,1788,8.6
TXN-13891,2025-05-16,CUST-0148,38,Female,Regular,Electronics,Smartwatch,34.96,50.62,1,50.62,34.96,15.66,723,5.7
TXN-13514,2025-05-16,CUST-0133,57,Male,Regular,Groceries,Cereal,40.44,66.69,3,200.07,121.32,78.75,493,7.6
TXN-10968,2025-05-16,CUST-0434,36,Other,Regular,Clothing,Hat,3.72,6.93,1,6.93,3.72,3.21,740,4.9
TXN-14571,2025-05-16,CUST-0718,42,Male,Regular,Electronics,Charger,85.78,132.44,1,132.44,85.78,46.66,435,3.8
TXN-10347,2025-05-16,CUST-0041,19,Female,Regular,Home & Garden,Towel,36.45,51.3,1,51.3,36.45,14.85,985,5.9
TXN-14933,2025-05-16,CUST-0069,33,Female,Regular,Electronics,Keyboard,107.66,156.53,1,156.53,107.66,48.87,513,4.1
TXN-10119,2025-05-17,CUST-0382,18,Female,Regular,Home & Garden,Frying Pan,11.59,15.48,5,77.4,57.95,19.45,1842,5.1
TXN-12082,2025-05-17,CUST-0626,31,Female,Silver,Clothing,T-Shirt,49.29,89.1,1,89.1,49.29,39.81,555,7.4
TXN-11806,2025-05-17,CUST-0155,36,Male,Silver,Beauty & Health,Lotion,8.66,15.35,3,46.05,25.98,20.07,1048,4.0
TXN-10528,2025-05-17,CUST-0713,18,Male,Silver,Electronics,Charger,85.78,132.44,1,132.44,85.78,46.66,727,5.4
TXN-10899,2025-05-17,CUST-0728,42,Female,Regular,Clothing,Socks,46.78,72.77,3,218.31,140.34,77.97,1245,5.8
TXN-11665,2025-05-17,CUST-0889,36,Female,Silver,Beauty & Health,Soap,11.95,23.02,10,230.2,119.5,110.7,996,6.8
TXN-11591,2025-05-17,CUST-0343,30,Male,Silver,Groceries,Apples,18.31,24.59,1,24.59,18.31,6.28,1624,5.6
TXN-12380,2025-05-17,CUST-0040,44,Female,Regular,Groceries,Eggs,28.33,56.24,1,56.24,28.33,27.91,1517,6.0
TXN-11723,2025-05-17,CUST-0505,21,Other,Silver,Beauty & Health,Toothpaste,36.38,71.18,10,711.8,363.8,348.0,719,5.9
TXN-10655,2025-05-17,CUST-0559,32,Male,Regular,Electronics,USB Drive,123.53,158.32,1,158.32,123.53,34.79,1691,3.6
TXN-14645,2025-05-17,CUST-0347,18,Male,Regular,Clothing,T-Shirt,49.29,89.1,2,178.2,98.58,79.62,377,6.5
TXN-11387,2025-05-17,CUST-0105,34,Female,Regular,Clothing,Socks,46.78,72.77,4,291.08,187.12,103.96,1204,5.8
TXN-12932,2025-05-17,CUST-0508,29,Male,Silver,Home & Garden,Plant Pot,34.48,43.76,5,218.8,172.4,46.4,1596,5.1
TXN-13169,2025-05-17,CUST-0596,24,Male,Regular,Groceries,Bread,45.02,60.28,5,301.4,225.1,76.3,751,6.2
TXN-12045,2025-05-17,CUST-0785,35,Female,Regular,Electronics,Keyboard,107.66,156.53,2,313.06,215.32,97.74,736,6.7
TXN-10842,2025-05-17,CUST-0435,42,Male,Regular,Electronics,Charger,85.78,132.44,1,132.44,85.78,46.66,709,6.6
TXN-13110,2025-05-18,CUST-0018,18,Other,Regular,Clothing,Hat,3.72,6.93,1,6.93,3.72,3.21,605,6.0
TXN-12773,2025-05-18,CUST-0657,26,Other,Regular,Home & Garden,Bed Sheets,41.27,74.29,2,148.58,82.54,66.04,1624,4.4
TXN-10793,2025-05-18,CUST-0181,18,Other,Regular,Clothing,Jeans,45.05,74.05,5,370.25,225.25,145.0,1648,7.1
TXN-13708,2025-05-18,CUST-0200,33,Female,Regular,Clothing,Jeans,45.05,74.05,2,148.1,90.1,58.0,1423,6.4
TXN-14747,2025-05-18,CUST-0824,18,Other,Regular,Groceries,Rice,16.47,23.64,1,23.64,16.47,7.17,111,5.7
TXN-11331,2025-05-18,CUST-0902,38,Female,Regular,Electronics,Keyboard,107.66,156.53,3,469.59,322.98,146.61,782,7.3
TXN-10535,2025-05-18,CUST-0997,59,Female,Silver,Clothing,Socks,46.78,72.77,1,72.77,46.78,25.99,1272,5.9
TXN-12605,2025-05-18,CUST-0335,25,Female,Regular,Groceries,Milk,32.13,59.75,3,179.25,96.39,82.86,1019,6.6
TXN-13787,2025-05-18,CUST-0074,36,Male,Gold,Groceries,Chicken,14.09,25.57,1,25.57,14.09,11.48,1702,5.5
TXN-13090,2025-05-18,CUST-0800,21,Male,Regular,Home & Garden,Mug,5.57,9.8,10,98.0,55.7,42.3,671,7.6
TXN-13168,2025-05-19,CUST-0137,45,Female,Silver,Beauty & Health,Soap,11.95,23.02,1,23.02,11.95,11.07,918,8.0
TXN-13798,2025-05-19,CUST-0411,38,Male,Silver,Beauty & Health,Shampoo,25.11,45.77,1,45.77,25.11,20.66,771,6.2
TXN-11845,2025-05-19,CUST-0730,53,Female,Regular,Clothing,T-Shirt,49.29,89.1,1,89.1,49.29,39.81,568,7.1
TXN-12018,2025-05-19,CUST-0780,18,Male,Regular,Home & Garden,Towel,36.45,51.3,2,102.6,72.9,29.7,837,6.0
TXN-11502,2025-05-19,CUST-0395,42,Female,Regular,Beauty & Health,Face Wash,9.13,14.22,1,14.22,9.13,5.09,1317,6.8
TXN-11261,2025-05-19,CUST-0969,25,Female,Regular,Groceries,Cereal,40.44,66.69,1,66.69,40.44,26.25,669,5.4
TXN-10175,2025-05-19,CUST-0992,46,Female,Regular,Groceries,Bread,45.02,60.28,1,60.28,45.02,15.26,998,4.7
TXN-11949,2025-05-19,CUST-0404,41,Female,Silver,Beauty & Health,Lotion,8.66,15.35,1,15.35,8.66,6.69,1042,4.5
TXN-10826,2025-05-19,CUST-0911,18,Male,Regular,Clothing,Socks,46.78,72.77,3,218.31,140.34,77.97,1252,6.4
TXN-14305,2025-05-19,CUST-0547,18,Male,Regular,Home & Garden,Lamp,30.34,59.03,5,295.15,151.7,143.45,624,8.2
TXN-11652,2025-05-19,CUST-0241,51,Male,Regular,Groceries,Pasta,47.29,56.99,2,113.98,94.58,19.4,1179,4.3
TXN-12675,2025-05-19,CUST-0626,32,Male,Regular,Electronics,Headphones,49.93,84.43,2,168.86,99.86,69.0,1162,5.1
TXN-12939,2025-05-20,CUST-0243,38,Male,Silver,Home & Garden,Lamp,30.34,59.03,1,59.03,30.34,28.69,742,6.0
TXN-14720,2025-05-20,CUST-0726,28,Male,Regular,Home & Garden,Mug,5.57,9.8,10,98.0,55.7,42.3,551,5.8
TXN-14206,2025-05-20,CUST-0140,28,Male,Regular,Groceries,Pasta,47.29,56.99,1,56.99,47.29,9.7,1044,5.2
TXN-13594,2025-05-20,CUST-0023,46,Female,Regular,Beauty & Health,Vitamins,4.16,7.52,1,7.52,4.16,3.36,1064,7.1
TXN-10235,2025-05-20,CUST-0991,34,Male,Regular,Home & Garden,Bed Sheets,41.27,74.29,2,148.58,82.54,66.04,1841,4.2
TXN-10744,2025-05-20,CUST-0409,18,Female,Regular,Home & Garden,Towel,36.45,51.3,4,205.2,145.8,59.4,942,5.4
TXN-12804,2025-05-20,CUST-0737,24,Male,Gold,Home & Garden,Frying Pan,11.59,15.48,1,15.48,11.59,3.89,1669,7.4
TXN-14310,2025-05-20,CUST-0288,28,Female,Regular,Home & Garden,Towel,36.45,51.3,4,205.2,145.8,59.4,663,6.4
TXN-14392,2025-05-20,CUST-0375,51,Male,Regular,Groceries,Cereal,40.44,66.69,1,66.69,40.44,26.25,429,8.2
TXN-11128,2025-05-20,CUST-0087,48,Female,Silver,Electronics,Keyboard,107.66,156.53,4,626.12,430.64,195.48,792,7.7
TXN-11469,2025-05-20,CUST-0067,21,Female,Gold,Clothing,Socks,46.78,72.77,1,72.77,46.78,25.99,1201,8.3
TXN-10801,2025-05-20,CUST-0064,19,Male,Regular,Groceries,Cereal,40.44,66.69,3,200.07,121.32,78.75,707,7.5
TXN-14014,2025-05-20,CUST-0130,19,Male,Regular,Home & Garden,Plant Pot,34.48,43.76,1,43.76,34.48,9.28,1513,3.3
TXN-13046,2025-05-20,CUST-0909,40,Female,Regular,Groceries,Cereal,40.44,66.69,1,66.69,40.44,26.25,536,8.0
TXN-13024,2025-05-20,CUST-0753,38,Male,Regular,Clothing,T-Shirt,49.29,89.1,1,89.1,49.29,39.81,490,4.7
TXN-11527,2025-05-20,CUST-0893,42,Female,Silver,Groceries,Bread,45.02,60.28,4,241.12,180.08,61.04,910,7.8
TXN-14625,2025-05-21,CUST-0236,43,Male,Silver,Groceries,Milk,32.13,59.75,1,59.75,32.13,27.62,901,4.2
TXN-11861,2025-05-21,CUST-0774,32,Male,Regular,Groceries,Bread,45.02,60.28,3,180.84,135.06,45.78,899,6.4
TXN-11228,2025-05-21,CUST-0084,46,Male,Regular,Groceries,Eggs,28.33,56.24,2,112.48,56.66,55.82,1595,7.0
TXN-14384,2025-05-21,CUST-0087,19,Female,Silver,Groceries,Milk,32.13,59.75,2,119.5,64.26,55.24,914,6.2
TXN-14679,2025-05-21,CUST-0686,50,Male,Regular,Beauty & Health,Shampoo,25.11,45.77,2,91.54,50.22,41.32,704,6.5
TXN-11997,2025-05-21,CUST-0302,40,Female,Silver,Groceries,Eggs,28.33,56.24,2,112.48,56.66,55.82,1559,4.2
TXN-11482,2025-05-21,CUST-0404,42,Other,Regular,Beauty & Health,Vitamins,4.16,7.52,1,7.52,4.16,3.36,1242,4.5
TXN-14967,2025-05-21,CUST-0720,40,Female,Regular,Home & Garden,Frying Pan,11.59,15.48,2,30.96,23.18,7.78,1461,6.2
TXN-14204,2025-05-21,CUST-0497,44,Female,Regular,Clothing,Jacket,3.47,6.87,1,6.87,3.47,3.4,1187,5.3
TXN-10904,2025-05-21,CUST-0249,37,Male,Regular,Home & Garden,Lamp,30.34,59.03,3,177.09,91.02,86.07,924,6.8
TXN-10887,2025-05-21,CUST-0799,19,Male,Gold,Groceries,Bread,45.02,60.28,1,60.28,45.02,15.26,946,6.0
TXN-13812,2025-05-21,CUST-0668,18,Male,Regular,Beauty & Health,Lotion,8.66,15.35,1,15.35,8.66,6.69,938,4.5
TXN-11021,2025-05-21,CUST-0676,37,Female,Regular,Groceries,Eggs,28.33,56.24,2,112.48,56.66,55.82,1625,4.4
TXN-12040,2025-05-21,CUST-0061,50,Male,Regular,Electronics,Keyboard,107.66,156.53,1,156.53,107.66,48.87,738,5.0
TXN-11903,2025-05-21,CUST-0266,39,Female,Gold,Home & Garden,Towel,36.45,51.3,10,513.0,364.5,148.5,841,10.0
TXN-13715,2025-05-21,CUST-0999,23,Female,Regular,Groceries,Milk,32.13,59.75,1,59.75,32.13,27.62,958,6.5
TXN-12898,2025-05-22,CUST-0792,29,Male,Regular,Electronics,Mouse,41.17,78.14,2,156.28,82.34,73.94,1105,5.4
TXN-12757,2025-05-22,CUST-0612,20,Male,Regular,Electronics,Mouse,41.17,78.14,10,781.4,411.7,369.7,1116,6.2
TXN-14594,2025-05-22,CUST-0446,24,Male,Silver,Beauty & Health,Vitamins,4.16,7.52,2,15.04,8.32,6.72,1006,5.4
TXN-10009,2025-05-22,CUST-0989,48,Male,Silver,Groceries,Pasta,47.29,56.99,1,56.99,47.29,9.7,1294,4.1
TXN-14013,2025-05-22,CUST-0729,41,Male,Regular,Electronics,USB Drive,123.53,158.32,5,791.6,617.65,173.95,1450,8.2
TXN-12837,2025-05-23,CUST-0109,18,Female,Silver,Electronics,Smartwatch,34.96,50.62,2,101.24,69.92,31.32,819,5.5
TXN-13436,2025-05-23,CUST-0713,40,Male,Regular,Home & Garden,Bed Sheets,41.27,74.29,2,148.58,82.54,66.04,1577,5.2
TXN-13709,2025-05-23,CUST-0487,39,Male,Regular,Clothing,Jeans,45.05,74.05,1,74.05,45.05,29.0,1422,5.6
TXN-13120,2025-05-23,CUST-0585,55,Male,Regular,Electronics,USB Drive,123.53,158.32,1,158.32,123.53,34.79,1518,6.8
TXN-14038,2025-05-23,CUST-0370,51,Female,Silver,Home & Garden,Frying Pan,11.59,15.48,2,30.96,23.18,7.78,1553,4.8
TXN-14126,2025-05-23,CUST-0175,51,Male,Silver,Beauty & Health,Shampoo,25.11,45.77,3,137.31,75.33,61.98,757,6.4
TXN-13570,2025-05-23,CUST-0964,18,Female,Regular,Clothing,Sneakers,20.09,39.7,5,198.5,100.45,98.05,541,5.6
TXN-10097,2025-05-23,CUST-0539,33,Female,Regular,Electronics,Keyboard,107.66,156.53,1,156.53,107.66,48.87,878,8.4
TXN-10281,2025-05-23,CUST-0546,22,Male,Regular,Clothing,T-Shirt,49.29,89.1,10,891.0,492.9,398.1,675,6.4
TXN-11196,2025-05-23,CUST-0679,18,Female,Gold,Groceries,Pasta,47.29,56.99,2,113.98,94.58,19.4,1211,7.9
TXN-12209,2025-05-23,CUST-0822,34,Female,Silver,Beauty & Health,Shampoo,25.11,45.77,2,91.54,50.22,41.32,897,4.6
TXN-10792,2025-05-23,CUST-0698,38,Male,Regular,Electronics,USB Drive,123.53,158.32,1,158.32,123.53,34.79,1679,7.1
TXN-14879,2025-05-23,CUST-0999,32,Male,Regular,Clothing,Jacket,3.47,6.87,1,6.87,3.47,3.4,1129,6.6
TXN-11650,2025-05-23,CUST-0594,26,Female,Regular,Electronics,Mouse,41.17,78.14,2,156.28,82.34,73.94,1168,6.8
TXN-14876,2025-05-24,CUST-0798,42,Male,Silver,Beauty & Health,Vitamins,4.16,7.52,1,7.52,4.16,3.36,973,5.3
TXN-14975,2025-05-24,CUST-0549,18,Female,Regular,Beauty & Health,Lotion,8.66,15.35,1,15.35,8.66,6.69,877,7.5
TXN-14572,2025-05-24,CUST-0551,30,Male,Regular,Groceries,Pasta,47.29,56.99,2,113.98,94.58,19.4,1029,5.8
TXN-10985,2025-05-24,CUST-0301,30,Male,Regular,Groceries,Pasta,47.29,56.99,2,113.98,94.58,19.4,1229,5.5
TXN-12807,2025-05-24,CUST-0648,28,Female,Regular,Beauty & Health,Vitamins,4.16,7.52,1,7.52,4.16,3.36,1118,7.8
TXN-10355,2025-05-24,CUST-0561,38,Male,Regular,Clothing,T-Shirt,49.29,89.1,5,445.5,246.45,199.05,669,6.7
TXN-12377,2025-05-24,CUST-0132,18,Male,Silver,Clothing,Sneakers,20.09,39.7,1,39.7,20.09,19.61,621,6.2
TXN-13735,2025-05-24,CUST-0108,45,Male,Silver,Home & Garden,Mug,5.57,9.8,2,19.6,11.14,8.46,632,7.4
TXN-10008,2025-05-24,CUST-0774,28,Male,Silver,Clothing,Jacket,3.47,6.87,1,6.87,3.47,3.4,1529,4.4
TXN-10496,2025-05-24,CUST-0918,24,Other,Regular,Home & Garden,Bed Sheets,41.27,74.29,1,74.29,41.27,33.02,1815,6.9
TXN-10661,2025-05-24,CUST-0401,19,Female,Regular,Beauty & Health,Toothpaste,36.38,71.18,10,711.8,363.8,348.0,806,6.9
TXN-14364,2025-05-25,CUST-0706,18,Male,Regular,Home & Garden,Plant Pot,34.48,43.76,3,131.28,103.44,27.84,1479,6.5
TXN-10024,2025-05-25,CUST-0761,20,Male,Gold,Beauty & Health,Face Wash,9.13,14.22,1,14.22,9.13,5.09,1432,7.8
TXN-14368,2025-05-25,CUST-0931,33,Male,Silver,Home & Garden,Mug,5.57,9.8,4,39.2,22.28,16.92,590,8.0
TXN-13350,2025-05-25,CUST-0296,39,Female,Regular,Beauty & Health,Shampoo,25.11,45.77,1,45.77,25.11,20.66,812,5.0
TXN-13918,2025-05-25,CUST-0938,50,Male,Silver,Home & Garden,Plant Pot,34.48,43.76,1,43.76,34.48,9.28,1522,7.2
TXN-13889,2025-05-25,CUST-0865,60,Female,Gold,Clothing,Jacket,3.47,6.87,2,13.74,6.94,6.8,1203,8.9
TXN-10371,2025-05-25,CUST-0119,25,Female,Regular,Home & Garden,Lamp,30.34,59.03,4,236.12,121.36,114.76,966,7.2
TXN-11462,2025-05-25,CUST-0452,34,Male,Silver,Electronics,Charger,85.78,132.44,1,132.44,85.78,46.66,663,3.8
TXN-14929,2025-05-25,CUST-0701,27,Male,Regular,Home & Garden,Towel,36.45,51.3,1,51.3,36.45,14.85,617,4.8
TXN-13931,2025-05-25,CUST-0955,32,Male,Gold,Electronics,Headphones,49.93,84.43,2,168.86,99.86,69.0,1072,9.0
TXN-10610,2025-05-25,CUST-0917,36,Male,Regular,Electronics,Headphones,49.93,84.43,1,84.43,49.93,34.5,1300,5.0
TXN-14511,2025-05-26,CUST-0836,52,Female,Regular,Beauty & Health,Toothpaste,36.38,71.18,2,142.36,72.76,69.6,497,5.8
TXN-14558,2025-05-26,CUST-0565,19,Female,Regular,Beauty & Health,Soap,11.95,23.02,3,69.06,35.85,33.21,830,5.4
TXN-12387,2025-05-26,CUST-0659,26,Female,Silver,Beauty & Health,Lotion,8.66,15.35,4,61.4,34.64,26.76,990,7.5
TXN-12948,2025-05-26,CUST-0781,36,Male,Gold,Home & Garden,Frying Pan,11.59,15.48,1,15.48,11.59,3.89,1664,7.3
TXN-14328,2025-05-26,CUST-0067,33,Male,Silver,Groceries,Cereal,40.44,66.69,4,266.76,161.76,105.0,431,7.8
TXN-14718,2025-05-26,CUST-0786,47,Female,Silver,Home & Garden,Frying Pan,11.59,15.48,1,15.48,11.59,3.89,1469,8.2
TXN-14662,2025-05-26,CUST-0040,45,Female,Gold,Groceries,Apples,18.31,24.59,1,24.59,18.31,6.28,1400,7.3
TXN-12211,2025-05-26,CUST-0006,43,Male,Silver,Home & Garden,Mug,5.57,9.8,1,9.8,5.57,4.23,748,6.3
TXN-14900,2025-05-26,CUST-0076,21,Female,Gold,Beauty & Health,Face Wash,9.13,14.22,1,14.22,9.13,5.09,1066,7.6
TXN-13555,2025-05-26,CUST-0381,19,Male,Regular,Groceries,Apples,18.31,24.59,5,122.95,91.55,31.4,1475,6.5
TXN-10615,2025-05-27,CUST-0744,38,Male,Silver,Groceries,Pasta,47.29,56.99,2,113.98,94.58,19.4,1242,4.2
TXN-13478,2025-05-27,CUST-0522,26,Male,Silver,Home & Garden,Bed Sheets,41.27,74.29,1,74.29,41.27,33.02,1575,8.1
TXN-14157,2025-05-27,CUST-0283,45,Male,Regular,Beauty & Health,Soap,11.95,23.02,4,92.08,47.8,44.28,866,4.8
TXN-10945,2025-05-27,CUST-0540,42,Male,Regular,Home & Garden,Bed Sheets,41.27,74.29,5,371.45,206.35,165.1,1771,4.4
TXN-14819,2025-05-27,CUST-0813,34,Male,Regular,Electronics,Charger,85.78,132.44,1,132.44,85.78,46.66,429,4.6
TXN-11969,2025-05-27,CUST-0414,45,Male,Regular,Groceries,Bread,45.02,60.28,4,241.12,180.08,61.04,874,6.5
TXN-11746,2025-05-27,CUST-0981,23,Female,Regular,Home & Garden,Plant Pot,34.48,43.76,1,43.76,34.48,9.28,1686,8.0
TXN-12680,2025-05-27,CUST-0913,39,Female,Regular,Electronics,Charger,85.78,132.44,4,529.76,343.12,186.64,581,6.2
TXN-10553,2025-05-27,CUST-0509,36,Male,Gold,Electronics,Mouse,41.17,78.14,1,78.14,41.17,36.97,1267,8.2
TXN-11517,2025-05-27,CUST-0078,36,Male,Regular,Groceries,Cereal,40.44,66.69,1,66.69,40.44,26.25,649,6.7
TXN-12888,2025-05-27,CUST-0103,31,Female,Regular,Home & Garden,Plant Pot,34.48,43.76,10,437.6,344.8,92.8,1606,4.0
TXN-11525,2025-05-27,CUST-0840,35,Female,Gold,Electronics,Keyboard,107.66,156.53,2,313.06,215.32,97.74,763,7.8
TXN-12137,2025-05-28,CUST-0481,43,Male,Regular,Electronics,USB Drive,123.53,158.32,2,316.64,247.06,69.58,1596,8.6
TXN-14420,2025-05-28,CUST-0579,21,Male,Regular,Clothing,Socks,46.78,72.77,1,72.77,46.78,25.99,976,3.9
TXN-11780,2025-05-28,CUST-0117,31,Male,Regular,Home & Garden,Bed Sheets,41.27,74.29,10,742.9,412.7,330.2,1700,7.8
TXN-11135,2025-05-28,CUST-0343,26,Male,Regular,Groceries,Chicken,14.09,25.57,10,255.7,140.9,114.8,1862,6.6
TXN-13960,2025-05-28,CUST-0637,18,Male,Silver,Home & Garden,Bed Sheets,41.27,74.29,10,742.9,412.7,330.2,1519,7.0
TXN-13591,2025-05-28,CUST-0818,38,Female,Gold,Groceries,Eggs,28.33,56.24,2,112.48,56.66,55.82,1438,7.3
TXN-12777,2025-05-28,CUST-0417,39,Male,Regular,Groceries,Bread,45.02,60.28,4,241.12,180.08,61.04,815,5.3
TXN-12500,2025-05-28,CUST-0158,24,Male,Regular,Clothing,Jeans,45.05,74.05,3,222.15,135.15,87.0,1533,3.5
TXN-14529,2025-05-28,CUST-0519,33,Male,Silver,Home & Garden,Bed Sheets,41.27,74.29,1,74.29,41.27,33.02,1489,8.8
TXN-14923,2025-05-28,CUST-0190,18,Male,Regular,Home & Garden,Frying Pan,11.59,15.48,3,46.44,34.77,11.67,1464,6.9
TXN-12505,2025-05-29,CUST-0068,43,Female,Regular,Electronics,USB Drive,123.53,158.32,1,158.32,123.53,34.79,1562,6.4
TXN-14095,2025-05-29,CUST-0493,32,Male,Regular,Clothing,Jeans,45.05,74.05,1,74.05,45.05,29.0,1396,3.3
TXN-10659,2025-05-29,CUST-0458,25,Female,Regular,Beauty & Health,Shampoo,25.11,45.77,1,45.77,25.11,20.66,993,6.8
TXN-14327,2025-05-29,CUST-0417,57,Male,Gold,Groceries,Cereal,40.44,66.69,3,200.07,121.32,78.75,435,8.7
TXN-11175,2025-05-29,CUST-0429,40,Female,Silver,Groceries,Apples,18.31,24.59,1,24.59,18.31,6.28,1673,5.1
TXN-14299,2025-05-29,CUST-0184,40,Female,Regular,Home & Garden,Bed Sheets,41.27,74.29,1,74.29,41.27,33.02,1495,6.6
TXN-12535,2025-05-29,CUST-0056,42,Male,Silver,Clothing,Jeans,45.05,74.05,2,148.1,90.1,58.0,1530,6.7
TXN-14740,2025-05-29,CUST-0086,58,Male,Regular,Groceries,Milk,32.13,59.75,1,59.75,32.13,27.62,890,6.2
TXN-11414,2025-05-29,CUST-0815,37,Male,Silver,Groceries,Pasta,47.29,56.99,1,56.99,47.29,9.7,1202,3.6
TXN-14197,2025-05-29,CUST-0933,18,Male,Silver,Groceries,Cereal,40.44,66.69,2,133.38,80.88,52.5,442,7.9
TXN-13597,2025-05-29,CUST-0385,18,Female,Regular,Home & Garden,Lamp,30.34,59.03,10,590.3,303.4,286.9,682,5.2
TXN-14706,2025-05-29,CUST-0511,39,Female,Regular,Electronics,Smartwatch,34.96,50.62,1,50.62,34.96,15.66,647,7.1
TXN-13824,2025-05-29,CUST-0030,44,Male,Silver,Groceries,Chicken,14.09,25.57,1,25.57,14.09,11.48,1701,4.7
TXN-14940,2025-05-29,CUST-0374,39,Male,Silver,Groceries,Milk,32.13,59.75,1,59.75,32.13,27.62,875,7.6
TXN-10907,2025-05-29,CUST-0813,33,Female,Regular,Home & Garden,Bed Sheets,41.27,74.29,1,74.29,41.27,33.02,1777,5.0
TXN-11091,2025-05-29,CUST-0522,18,Male,Regular,Beauty & Health,Soap,11.95,23.02,4,92.08,47.8,44.28,1049,6.3
TXN-12869,2025-05-30,CUST-0760,18,Female,Gold,Beauty & Health,Lotion,8.66,15.35,4,61.4,34.64,26.76,965,7.5
TXN-12746,2025-05-30,CUST-0597,27,Male,Regular,Electronics,Headphones,49.93,84.43,4,337.72,199.72,138.0,1152,7.4
TXN-14982,2025-05-30,CUST-0350,39,Female,Regular,Beauty & Health,Lotion,8.66,15.35,1,15.35,8.66,6.69,875,6.5
TXN-11764,2025-05-30,CUST-0108,27,Male,Regular,Clothing,Jeans,45.05,74.05,3,222.15,135.15,87.0,1585,8.0
TXN-13959,2025-05-30,CUST-0670,40,Male,Silver,Beauty & Health,Shampoo,25.11,45.77,2,91.54,50.22,41.32,763,6.5
TXN-10477,2025-05-30,CUST-0634,32,Male,Silver,Home & Garden,Plant Pot,34.48,43.76,1,43.76,34.48,9.28,1798,5.1
TXN-12205,2025-05-30,CUST-0340,43,Male,Silver,Beauty & Health,Toothpaste,36.38,71.18,10,711.8,363.8,348.0,686,7.7
TXN-10006,2025-05-30,CUST-0728,24,Male,Regular,Home & Garden,Bed Sheets,41.27,74.29,2,148.58,82.54,66.04,1856,5.5
TXN-13623,2025-05-30,CUST-0145,49,Male,Silver,Clothing,Jeans,45.05,74.05,1,74.05,45.05,29.0,1438,5.4
TXN-10258,2025-05-30,CUST-0912,49,Female,Regular,Beauty & Health,Lotion,8.66,15.35,1,15.35,8.66,6.69,1121,5.0
TXN-14025,2025-05-30,CUST-0494,62,Female,Regular,Beauty & Health,Soap,11.95,23.02,3,69.06,35.85,33.21,874,6.0
TXN-12870,2025-05-30,CUST-0949,25,Male,Gold,Beauty & Health,Shampoo,25.11,45.77,2,91.54,50.22,41.32,852,8.6
TXN-14410,2025-05-30,CUST-0642,36,Male,Regular,Home & Garden,Mug,5.57,9.8,1,9.8,5.57,4.23,589,5.0
TXN-14490,2025-05-30,CUST-0492,25,Male,Silver,Clothing,Jeans,45.05,74.05,1,74.05,45.05,29.0,1369,4.7
TXN-14075,2025-05-31,CUST-0883,35,Male,Gold,Home & Garden,Lamp,30.34,59.03,2,118.06,60.68,57.38,646,8.2
TXN-14965,2025-05-31,CUST-0844,50,Male,Regular,Groceries,Apples,18.31,24.59,5,122.95,91.55,31.4,1371,5.7
TXN-11333,2025-05-31,CUST-0855,21,Male,Regular,Electronics,Keyboard,107.66,156.53,1,156.53,107.66,48.87,781,5.2
TXN-11044,2025-05-31,CUST-0838,66,Male,Regular,Clothing,T-Shirt,49.29,89.1,3,267.3,147.87,119.43,637,4.1
TXN-10445,2025-05-31,CUST-0896,41,Male,Silver,Groceries,Pasta,47.29,56.99,5,284.95,236.45,48.5,1259,8.8
TXN-14544,2025-05-31,CUST-0583,32,Female,Regular,Clothing,Jacket,3.47,6.87,10,68.7,34.7,34.0,1141,4.5
TXN-13274,2025-05-31,CUST-0437,38,Female,Regular,Beauty & Health,Soap,11.95,23.02,4,92.08,47.8,44.28,913,7.9
TXN-10435,2025-05-31,CUST-0299,52,Female,Regular,Home & Garden,Lamp,30.34,59.03,3,177.09,91.02,86.07,962,6.6
TXN-10861,2025-05-31,CUST-0076,46,Male,Regular,Home & Garden,Plant Pot,34.48,43.76,1,43.76,34.48,9.28,1754,7.3
TXN-11325,2025-05-31,CUST-0800,51,Female,Silver,Groceries,Rice,16.47,23.64,1,23.64,16.47,7.17,387,4.8
TXN-10679,2025-05-31,CUST-0146,37,Male,Regular,Groceries,Chicken,14.09,25.57,3,76.71,42.27,34.44,1883,7.1
TXN-12708,2025-05-31,CUST-0981,20,Female,Regular,Groceries,Milk,32.13,59.75,1,59.75,32.13,27.62,1017,7.2
TXN-12660,2025-05-31,CUST-0098,34,Male,Regular,Groceries,Bread,45.02,60.28,2,120.56,90.04,30.52,828,5.9
TXN-12891,2025-06-01,CUST-0618,41,Female,Regular,Groceries,Apples,18.31,24.59,3,73.77,54.93,18.84,1526,6.6
TXN-13759,2025-06-01,CUST-0357,20,Male,Regular,Clothing,Jeans,45.05,74.05,3,222.15,135.15,87.0,1419,5.2
TXN-14190,2025-06-01,CUST-0143,38,Male,Gold,Home & Garden,Plant Pot,34.48,43.76,10,437.6,344.8,92.8,1489,8.7
TXN-13289,2025-06-01,CUST-0580,20,Male,Silver,Groceries,Cereal,40.44,66.69,1,66.69,40.44,26.25,511,3.2
TXN-11163,2025-06-01,CUST-0147,36,Male,Gold,Clothing,Jacket,3.47,6.87,2,13.74,6.94,6.8,1459,7.6
TXN-11429,2025-06-01,CUST-0488,32,Female,Silver,Clothing,Jeans,45.05,74.05,1,74.05,45.05,29.0,1616,7.2
TXN-10462,2025-06-01,CUST-0112,53,Female,Silver,Home & Garden,Frying Pan,11.59,15.48,4,61.92,46.36,15.56,1821,8.6
TXN-12591,2025-06-01,CUST-0523,46,Female,Regular,Clothing,Jeans,45.05,74.05,1,74.05,45.05,29.0,1528,7.8
TXN-11701,2025-06-01,CUST-0589,45,Female,Regular,Beauty & Health,Vitamins,4.16,7.52,1,7.52,4.16,3.36,1223,5.0
TXN-10647,2025-06-02,CUST-0181,37,Male,Silver,Home & Garden,Lamp,30.34,59.03,1,59.03,30.34,28.69,950,5.3
TXN-11268,2025-06-02,CUST-0673,24,Male,Regular,Electronics,Keyboard,107.66,156.53,1,156.53,107.66,48.87,786,4.5
TXN-13723,2025-06-02,CUST-0349,33,Female,Regular,Electronics,Smartwatch,34.96,50.62,1,50.62,34.96,15.66,730,3.5
TXN-14604,2025-06-02,CUST-0149,40,Male,Silver,Home & Garden,Frying Pan,11.59,15.48,4,61.92,46.36,15.56,1483,6.8
TXN-10107,2025-06-02,CUST-0341,18,Male,Regular,Groceries,Bread,45.02,60.28,1,60.28,45.02,15.26,1003,6.8
TXN-13100,2025-06-02,CUST-0236,23,Male,Regular,Electronics,Mouse,41.17,78.14,1,78.14,41.17,36.97,1093,5.9
TXN-12986,2025-06-02,CUST-0457,32,Male,Regular,Home & Garden,Lamp,30.34,59.03,1,59.03,30.34,28.69,739,5.1
TXN-12106,2025-06-02,CUST-0159,39,Female,Regular,Beauty & Health,Toothpaste,36.38,71.18,1,71.18,36.38,34.8,696,5.0
TXN-14864,2025-06-02,CUST-0349,25,Male,Silver,Home & Garden,Bed Sheets,41.27,74.29,3,222.87,123.81,99.06,1460,4.4
TXN-10117,2025-06-02,CUST-0227,34,Female,Silver,Groceries,Pasta,47.29,56.99,2,113.98,94.58,19.4,1287,6.3
TXN-13830,2025-06-02,CUST-0754,28,Male,Gold,Home & Garden,Bed Sheets,41.27,74.29,3,222.87,123.81,99.06,1541,7.8
TXN-14810,2025-06-02,CUST-0790,38,Female,Gold,Home & Garden,Plant Pot,34.48,43.76,4,175.04,137.92,37.12,1417,9.4
TXN-13066,2025-06-02,CUST-0303,45,Male,Regular,Electronics,USB Drive,123.53,158.32,1,158.32,123.53,34.79,1524,4.6
TXN-11284,2025-06-02,CUST-0786,28,Female,Regular,Beauty & Health,Toothpaste,36.38,71.18,1,71.18,36.38,34.8,753,4.8
TXN-12649,2025-06-02,CUST-0156,40,Male,Regular,Electronics,Smartwatch,34.96,50.62,2,101.24,69.92,31.32,839,3.3
TXN-14294,2025-06-02,CUST-0331,50,Male,Regular,Clothing,Hat,3.72,6.93,1,6.93,3.72,3.21,539,6.4
TXN-14425,2025-06-03,CUST-0574,46,Male,Silver,Groceries,Apples,18.31,24.59,1,24.59,18.31,6.28,1414,5.3
TXN-12281,2025-06-03,CUST-0411,52,Male,Gold,Electronics,Mouse,41.17,78.14,1,78.14,41.17,36.97,1148,6.8
TXN-11909,2025-06-03,CUST-0444,43,Male,Regular,Clothing,Sneakers,20.09,39.7,1,39.7,20.09,19.61,643,7.2
TXN-11875,2025-06-03,CUST-0692,47,Male,Regular,Groceries,Bread,45.02,60.28,5,301.4,225.1,76.3,885,6.7
TXN-13107,2025-06-03,CUST-0385,32,Male,Regular,Groceries,Eggs,28.33,56.24,1,56.24,28.33,27.91,1480,3.8
TXN-10964,2025-06-03,CUST-0030,31,Female,Regular,Electronics,Headphones,49.93,84.43,4,337.72,199.72,138.0,1250,5.2
TXN-10808,2025-06-03,CUST-0042,34,Other,Silver,Electronics,Mouse,41.17,78.14,1,78.14,41.17,36.97,1252,5.1
TXN-14732,2025-06-03,CUST-0344,34,Male,Regular,Groceries,Apples,18.31,24.59,2,49.18,36.62,12.56,1396,3.4
TXN-14059,2025-06-03,CUST-0064,50,Male,Regular,Home & Garden,Frying Pan,11.59,15.48,10,154.8,115.9,38.9,1535,6.3
TXN-14408,2025-06-03,CUST-0981,23,Male,Gold,Electronics,Charger,85.78,132.44,1,132.44,85.78,46.66,447,7.2
TXN-13224,2025-06-03,CUST-0681,18,Male,Regular,Clothing,Sneakers,20.09,39.7,3,119.1,60.27,58.83,569,7.2
TXN-10629,2025-06-03,CUST-0420,30,Male,Regular,Groceries,Bread,45.02,60.28,1,60.28,45.02,15.26,969,7.3
TXN-11995,2025-06-03,CUST-0884,30,Female,Regular,Home & Garden,Towel,36.45,51.3,2,102.6,72.9,29.7,839,5.9
TXN-14669,2025-06-04,CUST-0821,59,Male,Regular,Electronics,USB Drive,123.53,158.32,1,158.32,123.53,34.79,1408,5.0
TXN-10672,2025-06-04,CUST-0883,46,Male,Regular,Electronics,Mouse,41.17,78.14,1,78.14,41.17,36.97,1256,6.0
TXN-10186,2025-06-04,CUST-0608,45,Male,Regular,Clothing,Socks,46.78,72.77,1,72.77,46.78,25.99,1292,7.8
TXN-12370,2025-06-04,CUST-0145,42,Male,Silver,Groceries,Bread,45.02,60.28,1,60.28,45.02,15.26,860,6.2
TXN-11751,2025-06-04,CUST-0253,32,Female,Regular,Electronics,USB Drive,123.53,158.32,1,158.32,123.53,34.79,1635,4.0
TXN-14541,2025-06-04,CUST-0312,39,Male,Silver,Electronics,Smartwatch,34.96,50.62,1,50.62,34.96,15.66,666,6.3
TXN-14621,2025-06-04,CUST-0046,18,Male,Silver,Home & Garden,Bed Sheets,41.27,74.29,2,148.58,82.54,66.04,1473,6.8
TXN-11279,2025-06-04,CUST-0307,33,Female,Silver,Home & Garden,Mug,5.57,9.8,3,29.4,16.71,12.69,806,5.7
TXN-10029,2025-06-04,CUST-0914,41,Male,Silver,Clothing,Sneakers,20.09,39.7,1,39.7,20.09,19.61,773,6.5
TXN-11383,2025-06-04,CUST-0879,29,Female,Regular,Groceries,Chicken,14.09,25.57,1,25.57,14.09,11.48,1854,5.8
TXN-12862,2025-06-04,CUST-0354,26,Male,Silver,Beauty & Health,Lotion,8.66,15.35,2,30.7,17.32,13.38,970,4.7
TXN-11714,2025-06-04,CUST-0823,42,Male,Regular,Beauty & Health,Shampoo,25.11,45.77,1,45.77,25.11,20.66,948,6.4
TXN-12522,2025-06-04,CUST-0554,24,Female,Silver,Clothing,Socks,46.78,72.77,2,145.54,93.56,51.98,1127,8.2
TXN-13919,2025-06-04,CUST-0626,44,Female,Regular,Home & Garden,Mug,5.57,9.8,1,9.8,5.57,4.23,612,4.4
TXN-12519,2025-06-04,CUST-0317,52,Female,Silver,Groceries,Cereal,40.44,66.69,1,66.69,40.44,26.25,589,5.7
TXN-10392,2025-06-04,CUST-0739,37,Male,Silver,Electronics,Charger,85.78,132.44,1,132.44,85.78,46.66,748,6.9
TXN-13986,2025-06-04,CUST-0077,38,Male,Gold,Groceries,Apples,18.31,24.59,1,24.59,18.31,6.28,1439,5.5
TXN-10581,2025-06-04,CUST-0243,30,Female,Regular,Home & Garden,Frying Pan,11.59,15.48,4,61.92,46.36,15.56,1813,6.6
TXN-10330,2025-06-04,CUST-0791,54,Female,Silver,Home & Garden,Plant Pot,34.48,43.76,3,131.28,103.44,27.84,1812,5.9
TXN-13856,2025-06-05,CUST-0145,50,Male,Regular,Electronics,Headphones,49.93,84.43,1,84.43,49.93,34.5,1089,4.7
TXN-11614,2025-06-05,CUST-0657,50,Female,Silver,Groceries,Rice,16.47,23.64,3,70.92,49.41,21.51,374,6.7
TXN-14567,2025-06-05,CUST-0823,21,Male,Silver,Home & Garden,Bed Sheets,41.27,74.29,2,148.58,82.54,66.04,1487,7.0
TXN-12615,2025-06-05,CUST-0855,40,Male,Regular,Groceries,Cereal,40.44,66.69,3,200.07,121.32,78.75,584,6.4
TXN-12273,2025-06-05,CUST-0525,31,Female,Gold,Groceries,Pasta,47.29,56.99,1,56.99,47.29,9.7,1154,8.5
TXN-11494,2025-06-05,CUST-0755,45,Male,Silver,Electronics,Mouse,41.17,78.14,1,78.14,41.17,36.97,1191,6.5
TXN-10854,2025-06-05,CUST-0424,32,Female,Regular,Home & Garden,Towel,36.45,51.3,2,102.6,72.9,29.7,926,4.2
TXN-10409,2025-06-05,CUST-0998,54,Female,Regular,Groceries,Milk,32.13,59.75,1,59.75,32.13,27.62,1178,6.2
TXN-10352,2025-06-05,CUST-0604,54,Female,Regular,Groceries,Eggs,28.33,56.24,1,56.24,28.33,27.91,1683,5.6
TXN-13797,2025-06-05,CUST-0893,28,Male,Regular,Beauty & Health,Shampoo,25.11,45.77,2,91.54,50.22,41.32,772,6.5
TXN-10529,2025-06-05,CUST-0263,43,Male,Regular,Home & Garden,Plant Pot,34.48,43.76,1,43.76,34.48,9.28,1792,5.3
TXN-10282,2025-06-05,CUST-0312,31,Male,Regular,Electronics,Keyboard,107.66,156.53,3,469.59,322.98,146.61,854,4.8
TXN-12090,2025-06-05,CUST-0312,39,Female,Silver,Electronics,USB Drive,123.53,158.32,4,633.28,494.12,139.16,1603,7.9
TXN-13247,2025-06-05,CUST-0319,52,Male,Silver,Beauty & Health,Toothpaste,36.38,71.18,1,71.18,36.38,34.8,604,6.6
TXN-14289,2025-06-06,CUST-0525,65,Male,Regular,Home & Garden,Towel,36.45,51.3,4,205.2,145.8,59.4,667,8.0
TXN-13068,2025-06-06,CUST-0475,52,Female,Gold,Home & Garden,Lamp,30.34,59.03,2,118.06,60.68,57.38,733,8.1
TXN-10100,2025-06-06,CUST-0420,38,Male,Regular,Electronics,Mouse,41.17,78.14,2,156.28,82.34,73.94,1281,5.3
TXN-11193,2025-06-06,CUST-0899,23,Female,Regular,Electronics,Keyboard,107.66,156.53,1,156.53,107.66,48.87,790,8.7
TXN-12330,2025-06-06,CUST-0941,64,Male,Silver,Beauty & Health,Shampoo,25.11,45.77,1,45.77,25.11,20.66,888,7.4
TXN-10585,2025-06-06,CUST-0027,40,Male,Regular,Electronics,Charger,85.78,132.44,2,264.88,171.56,93.32,724,3.7
TXN-10278,2025-06-06,CUST-0661,36,Male,Regular,Electronics,Headphones,49.93,84.43,1,84.43,49.93,34.5,1313,6.4
TXN-11661,2025-06-07,CUST-0661,29,Male,Regular,Beauty & Health,Shampoo,25.11,45.77,2,91.54,50.22,41.32,950,7.6
TXN-14798,2025-06-07,CUST-0074,49,Female,Regular,Groceries,Pasta,47.29,56.99,1,56.99,47.29,9.7,1013,5.3
TXN-12462,2025-06-07,CUST-0196,37,Female,Regular,Groceries,Eggs,28.33,56.24,1,56.24,28.33,27.91,1515,3.4
TXN-13441,2025-06-07,CUST-0748,46,Female,Regular,Beauty & Health,Soap,11.95,23.02,3,69.06,35.85,33.21,900,5.4
TXN-10537,2025-06-07,CUST-0170,21,Female,Silver,Beauty & Health,Soap,11.95,23.02,1,23.02,11.95,11.07,1074,7.7
TXN-12565,2025-06-07,CUST-0077,36,Male,Regular,Beauty & Health,Lotion,8.66,15.35,1,15.35,8.66,6.69,987,7.2
TXN-13949,2025-06-07,CUST-0383,30,Male,Silver,Home & Garden,Plant Pot,34.48,43.76,3,131.28,103.44,27.84,1516,6.2
TXN-13953,2025-06-07,CUST-0187,33,Female,Silver,Home & Garden,Frying Pan,11.59,15.48,4,61.92,46.36,15.56,1572,4.7
TXN-13547,2025-06-07,CUST-0177,36,Male,Silver,Groceries,Bread,45.02,60.28,4,241.12,180.08,61.04,689,5.4
TXN-11552,2025-06-07,CUST-0013,45,Female,Silver,Home & Garden,Plant Pot,34.48,43.76,2,87.52,68.96,18.56,1706,4.5
TXN-12300,2025-06-07,CUST-0139,19,Female,Regular,Electronics,Headphones,49.93,84.43,1,84.43,49.93,34.5,1189,6.9
TXN-13282,2025-06-07,CUST-0397,30,Male,Gold,Groceries,Pasta,47.29,56.99,1,56.99,47.29,9.7,1097,8.1
TXN-10344,2025-06-08,CUST-0740,18,Male,Regular,Groceries,Rice,16.47,23.64,1,23.64,16.47,7.17,489,4.6
TXN-12759,2025-06-08,CUST-0267,33,Female,Regular,Electronics,Keyboard,107.66,156.53,4,626.12,430.64,195.48,690,9.2
TXN-11641,2025-06-08,CUST-0313,32,Male,Regular,Groceries,Apples,18.31,24.59,1,24.59,18.31,6.28,1611,5.8
TXN-13612,2025-06-08,CUST-0222,39,Female,Regular,Electronics,Keyboard,107.66,156.53,2,313.06,215.32,97.74,640,4.0
TXN-12595,2025-06-08,CUST-0553,57,Female,Regular,Home & Garden,Lamp,30.34,59.03,3,177.09,91.02,86.07,765,5.5
TXN-11161,2025-06-08,CUST-0479,24,Male,Regular,Groceries,Apples,18.31,24.59,4,98.36,73.24,25.12,1674,6.7
TXN-12212,2025-06-08,CUST-0646,30,Female,Silver,Clothing,Socks,46.78,72.77,2,145.54,93.56,51.98,1154,5.2
TXN-14482,2025-06-08,CUST-0003,35,Female,Gold,Clothing,Jeans,45.05,74.05,4,296.2,180.2,116.0,1370,8.7
TXN-11551,2025-06-08,CUST-0699,32,Female,Regular,Groceries,Milk,32.13,59.75,3,179.25,96.39,82.86,1108,5.7
TXN-12351,2025-06-08,CUST-0721,55,Other,Regular,Groceries,Chicken,14.09,25.57,1,25.57,14.09,11.48,1799,3.5
TXN-11492,2025-06-08,CUST-0671,37,Male,Regular,Electronics,USB Drive,123.53,158.32,1,158.32,123.53,34.79,1651,4.4
TXN-11604,2025-06-08,CUST-0776,41,Female,Regular,Groceries,Cereal,40.44,66.69,1,66.69,40.44,26.25,637,4.3
TXN-14877,2025-06-08,CUST-0141,54,Female,Regular,Beauty & Health,Soap,11.95,23.02,2,46.04,23.9,22.14,825,6.7
TXN-13714,2025-06-08,CUST-0645,43,Female,Silver,Groceries,Pasta,47.29,56.99,3,170.97,141.87,29.1,1073,4.8
TXN-11165,2025-06-09,CUST-0517,26,Female,Silver,Groceries,Chicken,14.09,25.57,2,51.14,28.18,22.96,1859,4.3
TXN-14283,2025-06-09,CUST-0695,31,Male,Regular,Groceries,Chicken,14.09,25.57,1,25.57,14.09,11.48,1658,6.8
TXN-10143,2025-06-09,CUST-0740,39,Female,Regular,Electronics,USB Drive,123.53,158.32,2,316.64,247.06,69.58,1741,3.6
TXN-11566,2025-06-09,CUST-0099,20,Female,Regular,Electronics,Headphones,49.93,84.43,4,337.72,199.72,138.0,1224,6.0
TXN-14184,2025-06-09,CUST-0294,45,Female,Regular,Groceries,Milk,32.13,59.75,1,59.75,32.13,27.62,935,5.3
TXN-14134,2025-06-09,CUST-0008,52,Male,Regular,Groceries,Milk,32.13,59.75,2,119.5,64.26,55.24,944,4.3
TXN-10715,2025-06-09,CUST-0884,24,Male,Regular,Home & Garden,Frying Pan,11.59,15.48,1,15.48,11.59,3.89,1801,7.3
TXN-13677,2025-06-09,CUST-0112,28,Female,Regular,Home & Garden,Lamp,30.34,59.03,3,177.09,91.02,86.07,676,7.5
TXN-13867,2025-06-09,CUST-0806,21,Male,Regular,Electronics,Keyboard,107.66,156.53,2,313.06,215.32,97.74,601,8.1
TXN-13618,2025-06-09,CUST-0400,18,Male,Gold,Clothing,Socks,46.78,72.77,10,727.7,467.8,259.9,1025,10.0
TXN-14326,2025-06-09,CUST-0298,35,Female,Silver,Beauty & Health,Soap,11.95,23.02,4,92.08,47.8,44.28,852,6.9
TXN-14434,2025-06-09,CUST-0283,18,Male,Silver,Groceries,Cereal,40.44,66.69,1,66.69,40.44,26.25,428,4.1
TXN-13927,2025-06-09,CUST-0734,52,Male,Gold,Home & Garden,Frying Pan,11.59,15.48,3,46.44,34.77,11.67,1576,9.3
TXN-10698,2025-06-09,CUST-0597,36,Female,Regular,Beauty & Health,Lotion,8.66,15.35,1,15.35,8.66,6.69,1091,6.4
TXN-13621,2025-06-09,CUST-0491,29,Female,Silver,Clothing,Socks,46.78,72.77,1,72.77,46.78,25.99,1024,8.4
TXN-13160,2025-06-09,CUST-0390,32,Female,Silver,Electronics,Headphones,49.93,84.43,4,337.72,199.72,138.0,1125,7.1
TXN-13449,2025-06-09,CUST-0123,32,Male,Silver,Beauty & Health,Shampoo,25.11,45.77,1,45.77,25.11,20.66,795,5.5
TXN-14273,2025-06-10,CUST-0738,36,Male,Regular,Beauty & Health,Face Wash,9.13,14.22,2,28.44,18.26,10.18,1094,8.7
TXN-11138,2025-06-10,CUST-0939,33,Female,Regular,Groceries,Rice,16.47,23.64,10,236.4,164.7,71.7,395,5.1
TXN-12376,2025-06-10,CUST-0921,44,Female,Silver,Groceries,Eggs,28.33,56.24,4,224.96,113.32,111.64,1518,9.8
TXN-12456,2025-06-10,CUST-0288,40,Other,Silver,Groceries,Apples,18.31,24.59,1,24.59,18.31,6.28,1558,6.6
TXN-14935,2025-06-10,CUST-0150,32,Male,Regular,Home & Garden,Bed Sheets,41.27,74.29,5,371.45,206.35,165.1,1436,5.4
TXN-10404,2025-06-10,CUST-0188,36,Male,Regular,Home & Garden,Bed Sheets,41.27,74.29,1,74.29,41.27,33.02,1823,5.6
TXN-11906,2025-06-10,CUST-0739,52,Male,Regular,Home & Garden,Bed Sheets,41.27,74.29,1,74.29,41.27,33.02,1696,6.0
TXN-10626,2025-06-10,CUST-0477,28,Female,Gold,Home & Garden,Plant Pot,34.48,43.76,1,43.76,34.48,9.28,1784,6.7
TXN-11970,2025-06-10,CUST-0989,24,Male,Regular,Home & Garden,Bed Sheets,41.27,74.29,1,74.29,41.27,33.02,1686,7.5
TXN-13701,2025-06-10,CUST-0795,18,Female,Regular,Clothing,Jeans,45.05,74.05,1,74.05,45.05,29.0,1425,6.1
TXN-11079,2025-06-10,CUST-0102,41,Female,Regular,Beauty & Health,Face Wash,9.13,14.22,1,14.22,9.13,5.09,1349,4.3
TXN-11564,2025-06-10,CUST-0917,36,Male,Regular,Beauty & Health,Shampoo,25.11,45.77,2,91.54,50.22,41.32,962,3.8
TXN-10321,2025-06-10,CUST-0904,26,Female,Regular,Groceries,Apples,18.31,24.59,1,24.59,18.31,6.28,1737,7.2
TXN-10444,2025-06-10,CUST-0351,42,Male,Regular,Home & Garden,Bed Sheets,41.27,74.29,1,74.29,41.27,33.02,1816,5.3
TXN-10972,2025-06-10,CUST-0990,44,Female,Gold,Beauty & Health,Soap,11.95,23.02,1,23.02,11.95,11.07,1055,8.0
TXN-12958,2025-06-11,CUST-0549,39,Female,Silver,Groceries,Chicken,14.09,25.57,1,25.57,14.09,11.48,1761,5.1
TXN-13443,2025-06-11,CUST-0977,31,Female,Silver,Groceries,Chicken,14.09,25.57,2,51.14,28.18,22.96,1737,6.3
TXN-12776,2025-06-11,CUST-0471,29,Male,Regular,Clothing,Jeans,45.05,74.05,4,296.2,180.2,116.0,1514,8.3
TXN-10366,2025-06-11,CUST-0118,21,Male,Regular,Groceries,Cereal,40.44,66.69,1,66.69,40.44,26.25,748,7.1
TXN-14790,2025-06-11,CUST-0567,38,Female,Regular,Home & Garden,Lamp,30.34,59.03,1,59.03,30.34,28.69,575,3.8
TXN-11779,2025-06-11,CUST-0537,49,Female,Silver,Groceries,Chicken,14.09,25.57,4,102.28,56.36,45.92,1844,6.1
TXN-14717,2025-06-11,CUST-0155,18,Other,Gold,Home & Garden,Lamp,30.34,59.03,1,59.03,30.34,28.69,589,6.5
TXN-10628,2025-06-11,CUST-0920,18,Male,Regular,Clothing,Sneakers,20.09,39.7,1,39.7,20.09,19.61,743,5.1
TXN-11220,2025-06-11,CUST-0697,27,Male,Regular,Clothing,Hat,3.72,6.93,1,6.93,3.72,3.21,706,5.8
TXN-10599,2025-06-11,CUST-0149,39,Male,Regular,Electronics,Charger,85.78,132.44,1,132.44,85.78,46.66,720,6.4
TXN-11445,2025-06-11,CUST-0258,18,Female,Regular,Groceries,Apples,18.31,24.59,1,24.59,18.31,6.28,1636,3.4
TXN-10012,2025-06-12,CUST-0734,40,Male,Gold,Groceries,Chicken,14.09,25.57,3,76.71,42.27,34.44,1921,6.2
TXN-10220,2025-06-12,CUST-0841,37,Male,Regular,Electronics,USB Drive,123.53,158.32,2,316.64,247.06,69.58,1735,3.8
TXN-13225,2025-06-12,CUST-0940,37,Female,Silver,Electronics,Smartwatch,34.96,50.62,3,151.86,104.88,46.98,778,4.7
TXN-14987,2025-06-12,CUST-0113,22,Male,Silver,Groceries,Rice,16.47,23.64,5,118.2,82.35,35.85,98,6.6
TXN-10319,2025-06-12,CUST-0647,22,Female,Regular,Home & Garden,Bed Sheets,41.27,74.29,1,74.29,41.27,33.02,1829,7.0
TXN-13163,2025-06-12,CUST-0904,18,Male,Regular,Beauty & Health,Toothpaste,36.38,71.18,1,71.18,36.38,34.8,606,4.9
TXN-13206,2025-06-12,CUST-0494,53,Male,Regular,Clothing,Jeans,45.05,74.05,1,74.05,45.05,29.0,1475,7.7
TXN-12978,2025-06-12,CUST-0022,33,Male,Silver,Beauty & Health,Shampoo,25.11,45.77,2,91.54,50.22,41.32,844,4.8
TXN-10896,2025-06-12,CUST-0748,48,Female,Silver,Electronics,Smartwatch,34.96,50.62,2,101.24,69.92,31.32,951,3.5
TXN-12185,2025-06-12,CUST-0979,28,Male,Gold,Groceries,Bread,45.02,60.28,2,120.56,90.04,30.52,862,5.3
TXN-10909,2025-06-12,CUST-0037,28,Female,Silver,Groceries,Bread,45.02,60.28,5,301.4,225.1,76.3,941,6.9
TXN-13267,2025-06-12,CUST-0196,24,Male,Regular,Electronics,USB Drive,123.53,158.32,2,316.64,247.06,69.58,1509,5.1
TXN-14793,2025-06-12,CUST-0102,18,Male,Regular,Groceries,Apples,18.31,24.59,1,24.59,18.31,6.28,1392,6.9
TXN-10942,2025-06-12,CUST-0575,40,Male,Silver,Clothing,Jeans,45.05,74.05,4,296.2,180.2,116.0,1641,6.5
TXN-13839,2025-06-12,CUST-0832,64,Male,Gold,Electronics,Mouse,41.17,78.14,1,78.14,41.17,36.97,1045,7.4
TXN-14705,2025-06-12,CUST-0489,36,Male,Regular,Clothing,Hat,3.72,6.93,2,13.86,7.44,6.42,507,6.1
TXN-11359,2025-06-12,CUST-0384,29,Female,Regular,Clothing,Hat,3.72,6.93,1,6.93,3.72,3.21,694,7.7
TXN-14074,2025-06-12,CUST-0697,34,Female,Regular,Groceries,Bread,45.02,60.28,4,241.12,180.08,61.04,667,5.7
TXN-10183,2025-06-12,CUST-0193,41,Female,Silver,Groceries,Apples,18.31,24.59,10,245.9,183.1,62.8,1750,5.6
TXN-12454,2025-06-12,CUST-0811,42,Male,Regular,Clothing,Hat,3.72,6.93,1,6.93,3.72,3.21,638,6.7
TXN-12102,2025-06-13,CUST-0143,38,Male,Regular,Beauty & Health,Face Wash,9.13,14.22,2,28.44,18.26,10.18,1292,4.1
TXN-12548,2025-06-13,CUST-0612,59,Other,Regular,Clothing,Jacket,3.47,6.87,1,6.87,3.47,3.4,1324,8.3
TXN-14692,2025-06-13,CUST-0716,18,Female,Regular,Home & Garden,Lamp,30.34,59.03,1,59.03,30.34,28.69,591,5.1
TXN-11809,2025-06-13,CUST-0699,25,Male,Silver,Groceries,Milk,32.13,59.75,2,119.5,64.26,55.24,1092,7.2
TXN-12873,2025-06-13,CUST-0162,34,Male,Regular,Beauty & Health,Vitamins,4.16,7.52,5,37.6,20.8,16.8,1103,6.4
TXN-13121,2025-06-13,CUST-0153,51,Male,Regular,Electronics,Smartwatch,34.96,50.62,2,101.24,69.92,31.32,783,5.2
TXN-10586,2025-06-13,CUST-0602,34,Male,Regular,Home & Garden,Lamp,30.34,59.03,4,236.12,121.36,114.76,951,7.2
TXN-14898,2025-06-13,CUST-0430,38,Female,Gold,Groceries,Bread,45.02,60.28,2,120.56,90.04,30.52,614,8.0
TXN-14494,2025-06-13,CUST-0408,33,Male,Gold,Home & Garden,Plant Pot,34.48,43.76,1,43.76,34.48,9.28,1458,8.6
TXN-12656,2025-06-13,CUST-0959,26,Male,Regular,Electronics,Keyboard,107.66,156.53,4,626.12,430.64,195.48,698,5.8
TXN-10527,2025-06-13,CUST-0855,44,Male,Regular,Groceries,Bread,45.02,60.28,1,60.28,45.02,15.26,973,6.5
TXN-10632,2025-06-14,CUST-0177,48,Male,Regular,Clothing,Hat,3.72,6.93,1,6.93,3.72,3.21,798,6.4
TXN-12313,2025-06-14,CUST-0587,47,Female,Gold,Beauty & Health,Lotion,8.66,15.35,10,153.5,86.6,66.9,997,10.0
TXN-14453,2025-06-14,CUST-0684,47,Male,Gold,Clothing,Socks,46.78,72.77,3,218.31,140.34,77.97,973,8.8
TXN-13634,2025-06-14,CUST-0341,41,Female,Regular,Home & Garden,Lamp,30.34,59.03,1,59.03,30.34,28.69,679,8.5
TXN-14800,2025-06-14,CUST-0223,38,Female,Regular,Electronics,Smartwatch,34.96,50.62,1,50.62,34.96,15.66,637,7.4
TXN-10451,2025-06-14,CUST-0008,45,Male,Gold,Beauty & Health,Face Wash,9.13,14.22,4,56.88,36.52,20.36,1402,8.0
TXN-12890,2025-06-14,CUST-0632,69,Female,Gold,Home & Garden,Lamp,30.34,59.03,2,118.06,60.68,57.38,743,8.3
TXN-13052,2025-06-14,CUST-0888,33,Male,Silver,Clothing,T-Shirt,49.29,89.1,2,178.2,98.58,79.62,473,4.3
TXN-11585,2025-06-14,CUST-0559,21,Female,Silver,Beauty & Health,Shampoo,25.11,45.77,2,91.54,50.22,41.32,959,5.2
TXN-13515,2025-06-14,CUST-0497,33,Female,Gold,Clothing,T-Shirt,49.29,89.1,1,89.1,49.29,39.81,452,8.4
TXN-14484,2025-06-14,CUST-0864,26,Female,Regular,Home & Garden,Towel,36.45,51.3,10,513.0,364.5,148.5,645,5.7
TXN-11676,2025-06-15,CUST-0474,18,Male,Gold,Clothing,Jacket,3.47,6.87,4,27.48,13.88,13.6,1410,5.9
TXN-14835,2025-06-15,CUST-0677,30,Male,Gold,Electronics,Mouse,41.17,78.14,1,78.14,41.17,36.97,960,7.2
TXN-12118,2025-06-15,CUST-0938,58,Female,Silver,Electronics,Keyboard,107.66,156.53,4,626.12,430.64,195.48,726,9.5
TXN-12132,2025-06-15,CUST-0956,37,Female,Regular,Groceries,Milk,32.13,59.75,10,597.5,321.3,276.2,1062,7.2
TXN-14938,2025-06-15,CUST-0763,38,Other,Regular,Clothing,Sneakers,20.09,39.7,10,397.0,200.9,196.1,465,8.2
TXN-13230,2025-06-15,CUST-0599,25,Female,Regular,Electronics,Headphones,49.93,84.43,1,84.43,49.93,34.5,1115,6.3
TXN-14504,2025-06-15,CUST-0548,47,Female,Regular,Beauty & Health,Vitamins,4.16,7.52,2,15.04,8.32,6.72,1019,6.3
TXN-14806,2025-06-15,CUST-0784,38,Male,Silver,Electronics,USB Drive,123.53,158.32,1,158.32,123.53,34.79,1406,5.9
TXN-12034,2025-06-15,CUST-0451,41,Male,Gold,Clothing,Sneakers,20.09,39.7,1,39.7,20.09,19.61,640,8.2
TXN-13579,2025-06-15,CUST-0011,63,Female,Regular,Beauty & Health,Soap,11.95,23.02,3,69.06,35.85,33.21,894,5.0
TXN-12909,2025-06-15,CUST-0236,52,Female,Silver,Groceries,Apples,18.31,24.59,1,24.59,18.31,6.28,1524,7.2
TXN-14729,2025-06-15,CUST-0429,39,Male,Regular,Home & Garden,Towel,36.45,51.3,2,102.6,72.9,29.7,627,3.6
TXN-14649,2025-06-16,CUST-0834,18,Female,Silver,Clothing,Hat,3.72,6.93,3,20.79,11.16,9.63,511,7.5
TXN-13172,2025-06-16,CUST-0064,44,Female,Regular,Beauty & Health,Face Wash,9.13,14.22,1,14.22,9.13,5.09,1177,7.8
TXN-12866,2025-06-16,CUST-0616,41,Female,Regular,Clothing,Jacket,3.47,6.87,1,6.87,3.47,3.4,1291,7.2
TXN-12075,2025-06-16,CUST-0018,58,Female,Regular,Electronics,Keyboard,107.66,156.53,1,156.53,107.66,48.87,730,5.2
TXN-13471,2025-06-16,CUST-0512,50,Other,Regular,Clothing,Hat,3.72,6.93,4,27.72,14.88,12.84,589,8.1
TXN-10921,2025-06-16,CUST-0917,36,Female,Silver,Groceries,Rice,16.47,23.64,2,47.28,32.94,14.34,415,6.1
TXN-13722,2025-06-16,CUST-0740,69,Female,Gold,Beauty & Health,Vitamins,4.16,7.52,1,7.52,4.16,3.36,1056,8.9
TXN-13253,2025-06-16,CUST-0799,18,Other,Regular,Beauty & Health,Soap,11.95,23.02,1,23.02,11.95,11.07,917,4.7
TXN-11346,2025-06-16,CUST-0470,23,Male,Regular,Beauty & Health,Toothpaste,36.38,71.18,1,71.18,36.38,34.8,752,5.8
TXN-12748,2025-06-16,CUST-0903,27,Female,Regular,Beauty & Health,Face Wash,9.13,14.22,3,42.66,27.39,15.27,1220,6.6
TXN-11380,2025-06-16,CUST-0613,28,Male,Gold,Electronics,USB Drive,123.53,158.32,2,316.64,247.06,69.58,1656,8.5
TXN-13300,2025-06-16,CUST-0843,22,Female,Regular,Clothing,Hat,3.72,6.93,1,6.93,3.72,3.21,599,6.2
TXN-14608,2025-06-16,CUST-0891,38,Female,Regular,Home & Garden,Mug,5.57,9.8,1,9.8,5.57,4.23,562,6.7
TXN-12178,2025-06-16,CUST-0094,37,Female,Regular,Beauty & Health,Face Wash,9.13,14.22,1,14.22,9.13,5.09,1280,3.2
TXN-10701,2025-06-17,CUST-0928,18,Female,Regular,Beauty & Health,Shampoo,25.11,45.77,2,91.54,50.22,41.32,989,4.2
TXN-10270,2025-06-17,CUST-0860,32,Female,Regular,Clothing,Socks,46.78,72.77,1,72.77,46.78,25.99,1283,6.1
TXN-14590,2025-06-17,CUST-0325,22,Male,Silver,Groceries,Pasta,47.29,56.99,3,170.97,141.87,29.1,1026,8.2
TXN-12271,2025-06-17,CUST-0897,32,Female,Regular,Beauty & Health,Face Wash,9.13,14.22,2,28.44,18.26,10.18,1268,3.7
TXN-13145,2025-06-17,CUST-0817,29,Female,Regular,Groceries,Bread,45.02,60.28,1,60.28,45.02,15.26,764,5.0
TXN-13414,2025-06-17,CUST-0970,29,Male,Silver,Electronics,Smartwatch,34.96,50.62,1,50.62,34.96,15.66,760,6.2
TXN-14141,2025-06-17,CUST-0574,34,Female,Silver,Groceries,Bread,45.02,60.28,5,301.4,225.1,76.3,652,7.1
TXN-12621,2025-06-17,CUST-0079,24,Female,Silver,Groceries,Pasta,47.29,56.99,3,170.97,141.87,29.1,1141,5.0
TXN-10597,2025-06-17,CUST-0889,31,Female,Silver,Groceries,Apples,18.31,24.59,1,24.59,18.31,6.28,1717,5.0
TXN-10374,2025-06-17,CUST-0871,33,Male,Regular,Clothing,Jacket,3.47,6.87,1,6.87,3.47,3.4,1508,5.1
TXN-12285,2025-06-17,CUST-0606,58,Male,Silver,Groceries,Rice,16.47,23.64,5,118.2,82.35,35.85,308,7.6
TXN-13573,2025-06-17,CUST-0746,18,Other,Silver,Beauty & Health,Soap,11.95,23.02,1,23.02,11.95,11.07,897,5.4
TXN-12249,2025-06-18,CUST-0665,42,Male,Regular,Electronics,USB Drive,123.53,158.32,1,158.32,123.53,34.79,1588,5.8
TXN-14404,2025-06-18,CUST-0916,35,Female,Silver,Beauty & Health,Shampoo,25.11,45.77,1,45.77,25.11,20.66,728,7.6
TXN-12087,2025-06-18,CUST-0766,18,Female,Gold,Groceries,Bread,45.02,60.28,1,60.28,45.02,15.26,867,6.2
TXN-10076,2025-06-18,CUST-0819,26,Female,Regular,Electronics,Charger,85.78,132.44,1,132.44,85.78,46.66,760,3.7
TXN-11547,2025-06-18,CUST-0056,42,Male,Silver,Groceries,Chicken,14.09,25.57,1,25.57,14.09,11.48,1852,6.3
TXN-14668,2025-06-18,CUST-0991,18,Female,Regular,Home & Garden,Bed Sheets,41.27,74.29,1,74.29,41.27,33.02,1472,5.9
TXN-14960,2025-06-18,CUST-0988,18,Male,Silver,Electronics,Headphones,49.93,84.43,3,253.29,149.79,103.5,1011,5.8
TXN-10383,2025-06-18,CUST-0814,64,Female,Regular,Home & Garden,Frying Pan,11.59,15.48,1,15.48,11.59,3.89,1831,4.4
TXN-12042,2025-06-18,CUST-0673,42,Male,Regular,Clothing,Jeans,45.05,74.05,1,74.05,45.05,29.0,1572,3.9
TXN-14079,2025-06-18,CUST-0637,48,Male,Regular,Clothing,T-Shirt,49.29,89.1,2,178.2,98.58,79.62,422,6.4
TXN-12747,2025-06-18,CUST-0494,40,Male,Regular,Clothing,Sneakers,20.09,39.7,1,39.7,20.09,19.61,588,5.1
TXN-12468,2025-06-18,CUST-0712,38,Male,Silver,Groceries,Cereal,40.44,66.69,3,200.07,121.32,78.75,596,4.6
TXN-14471,2025-06-18,CUST-0328,34,Female,Regular,Electronics,Charger,85.78,132.44,1,132.44,85.78,46.66,445,4.9
TXN-12682,2025-06-19,CUST-0979,34,Male,Regular,Electronics,Headphones,49.93,84.43,1,84.43,49.93,34.5,1161,5.8
TXN-11851,2025-06-19,CUST-0059,51,Male,Regular,Electronics,Smartwatch,34.96,50.62,2,101.24,69.92,31.32,868,4.4
TXN-12579,2025-06-19,CUST-0006,31,Female,Regular,Home & Garden,Lamp,30.34,59.03,1,59.03,30.34,28.69,772,6.6
TXN-14931,2025-06-19,CUST-0210,33,Male,Silver,Groceries,Cereal,40.44,66.69,4,266.76,161.76,105.0,385,7.2
TXN-12104,2025-06-19,CUST-0776,48,Male,Silver,Groceries,Milk,32.13,59.75,4,239.0,128.52,110.48,1075,6.8
TXN-12149,2025-06-19,CUST-0513,22,Female,Regular,Home & Garden,Frying Pan,11.59,15.48,2,30.96,23.18,7.78,1694,4.6
TXN-12356,2025-06-19,CUST-0298,21,Female,Regular,Clothing,Jeans,45.05,74.05,1,74.05,45.05,29.0,1548,7.8
TXN-11145,2025-06-19,CUST-0342,37,Male,Regular,Electronics,Headphones,49.93,84.43,2,168.86,99.86,69.0,1239,6.4
TXN-14589,2025-06-19,CUST-0780,18,Male,Silver,Groceries,Bread,45.02,60.28,1,60.28,45.02,15.26,621,5.6
TXN-11728,2025-06-19,CUST-0525,40,Female,Regular,Clothing,T-Shirt,49.29,89.1,5,445.5,246.45,199.05,574,6.8
TXN-14909,2025-06-19,CUST-0636,49,Female,Regular,Clothing,Socks,46.78,72.77,1,72.77,46.78,25.99,935,7.2
TXN-14249,2025-06-19,CUST-0347,37,Male,Regular,Groceries,Bread,45.02,60.28,1,60.28,45.02,15.26,646,5.5
TXN-12259,2025-06-19,CUST-0930,46,Female,Silver,Home & Garden,Plant Pot,34.48,43.76,4,175.04,137.92,37.12,1646,9.6
TXN-14769,2025-06-19,CUST-0308,38,Female,Regular,Groceries,Milk,32.13,59.75,3,179.25,96.39,82.86,884,6.2
TXN-11184,2025-06-19,CUST-0274,32,Male,Regular,Groceries,Rice,16.47,23.64,4,94.56,65.88,28.68,391,7.5
TXN-12501,2025-06-20,CUST-0217,46,Male,Silver,Clothing,Hat,3.72,6.93,3,20.79,11.16,9.63,632,6.5
TXN-11218,2025-06-20,CUST-0050,47,Male,Regular,Home & Garden,Bed Sheets,41.27,74.29,1,74.29,41.27,33.02,1766,6.6
TXN-11235,2025-06-20,CUST-0943,32,Male,Regular,Electronics,Charger,85.78,132.44,1,132.44,85.78,46.66,687,6.5
TXN-13286,2025-06-20,CUST-0240,47,Other,Silver,Groceries,Milk,32.13,59.75,3,179.25,96.39,82.86,988,5.3
TXN-14265,2025-06-20,CUST-0870,41,Male,Gold,Clothing,Socks,46.78,72.77,1,72.77,46.78,25.99,988,8.3
TXN-13836,2025-06-20,CUST-0622,39,Male,Silver,Home & Garden,Bed Sheets,41.27,74.29,3,222.87,123.81,99.06,1538,5.9
TXN-14675,2025-06-20,CUST-0561,33,Female,Regular,Beauty & Health,Shampoo,25.11,45.77,10,457.7,251.1,206.6,706,6.3
TXN-10750,2025-06-20,CUST-0488,41,Male,Silver,Home & Garden,Lamp,30.34,59.03,1,59.03,30.34,28.69,945,8.2
TXN-11709,2025-06-21,CUST-0473,43,Male,Silver,Home & Garden,Towel,36.45,51.3,1,51.3,36.45,14.85,865,5.5
TXN-14210,2025-06-21,CUST-0225,23,Male,Regular,Groceries,Rice,16.47,23.64,2,47.28,32.94,14.34,180,7.8
TXN-14193,2025-06-21,CUST-0756,30,Female,Gold,Electronics,Headphones,49.93,84.43,1,84.43,49.93,34.5,1051,8.2
TXN-13731,2025-06-21,CUST-0264,41,Male,Regular,Electronics,Headphones,49.93,84.43,1,84.43,49.93,34.5,1091,7.7
TXN-14710,2025-06-21,CUST-0412,40,Female,Gold,Clothing,Sneakers,20.09,39.7,2,79.4,40.18,39.22,490,7.6
TXN-14200,2025-06-21,CUST-0734,35,Female,Regular,Beauty & Health,Shampoo,25.11,45.77,3,137.31,75.33,61.98,754,7.3
TXN-10287,2025-06-21,CUST-0510,28,Male,Silver,Home & Garden,Bed Sheets,41.27,74.29,1,74.29,41.27,33.02,1840,5.6
TXN-10807,2025-06-21,CUST-0657,19,Male,Gold,Beauty & Health,Toothpaste,36.38,71.18,2,142.36,72.76,69.6,798,5.8
TXN-13799,2025-06-21,CUST-0915,59,Female,Regular,Electronics,Smartwatch,34.96,50.62,2,101.24,69.92,31.32,727,4.2
TXN-11726,2025-06-21,CUST-0221,36,Male,Regular,Home & Garden,Frying Pan,11.59,15.48,3,46.44,34.77,11.67,1714,5.8
TXN-12006,2025-06-22,CUST-0958,42,Other,Regular,Home & Garden,Mug,5.57,9.8,2,19.6,11.14,8.46,764,4.7
TXN-13199,2025-06-22,CUST-0385,28,Female,Regular,Home & Garden,Bed Sheets,41.27,74.29,1,74.29,41.27,33.02,1587,4.6
TXN-10787,2025-06-22,CUST-0165,49,Female,Gold,Electronics,Headphones,49.93,84.43,1,84.43,49.93,34.5,1289,7.3
TXN-11683,2025-06-22,CUST-0826,26,Male,Gold,Clothing,Jeans,45.05,74.05,1,74.05,45.05,29.0,1592,6.2
TXN-12763,2025-06-22,CUST-0676,46,Female,Regular,Clothing,Sneakers,20.09,39.7,1,39.7,20.09,19.61,587,5.4
TXN-11734,2025-06-22,CUST-0553,36,Male,Silver,Beauty & Health,Toothpaste,36.38,71.18,5,355.9,181.9,174.0,714,8.0
TXN-13689,2025-06-22,CUST-0156,21,Male,Regular,Home & Garden,Towel,36.45,51.3,3,153.9,109.35,44.55,702,4.6
TXN-10815,2025-06-22,CUST-0685,43,Male,Gold,Home & Garden,Towel,36.45,51.3,1,51.3,36.45,14.85,941,7.1
TXN-14808,2025-06-22,CUST-0621,32,Male,Regular,Home & Garden,Towel,36.45,51.3,2,102.6,72.9,29.7,624,5.7
TXN-13467,2025-06-22,CUST-0370,18,Male,Regular,Groceries,Apples,18.31,24.59,4,98.36,73.24,25.12,1483,6.8
TXN-13984,2025-06-22,CUST-0847,59,Male,Regular,Beauty & Health,Vitamins,4.16,7.52,2,15.04,8.32,6.72,1045,5.5
TXN-14116,2025-06-22,CUST-0306,33,Female,Silver,Home & Garden,Frying Pan,11.59,15.48,2,30.96,23.18,7.78,1531,5.7
TXN-13805,2025-06-23,CUST-0440,41,Male,Regular,Electronics,USB Drive,123.53,158.32,2,316.64,247.06,69.58,1470,4.6
TXN-12020,2025-06-23,CUST-0473,32,Male,Silver,Groceries,Apples,18.31,24.59,1,24.59,18.31,6.28,1587,7.2
TXN-12052,2025-06-23,CUST-0718,36,Male,Regular,Electronics,Mouse,41.17,78.14,1,78.14,41.17,36.97,1153,5.9
TXN-12922,2025-06-23,CUST-0918,18,Male,Gold,Beauty & Health,Soap,11.95,23.02,1,23.02,11.95,11.07,924,9.5
TXN-12820,2025-06-23,CUST-0008,39,Male,Silver,Groceries,Cereal,40.44,66.69,5,333.45,202.2,131.25,551,7.5
TXN-12969,2025-06-23,CUST-0572,43,Female,Regular,Home & Garden,Towel,36.45,51.3,1,51.3,36.45,14.85,782,6.9
TXN-11721,2025-06-23,CUST-0441,36,Male,Regular,Beauty & Health,Toothpaste,36.38,71.18,1,71.18,36.38,34.8,729,6.7
TXN-10054,2025-06-23,CUST-0505,32,Female,Silver,Beauty & Health,Soap,11.95,23.02,1,23.02,11.95,11.07,1093,3.4
TXN-13388,2025-06-23,CUST-0432,29,Female,Regular,Groceries,Chicken,14.09,25.57,3,76.71,42.27,34.44,1740,6.0
TXN-13261,2025-06-23,CUST-0055,26,Female,Regular,Groceries,Cereal,40.44,66.69,2,133.38,80.88,52.5,515,5.4
TXN-12217,2025-06-23,CUST-0413,25,Female,Silver,Electronics,Charger,85.78,132.44,3,397.32,257.34,139.98,610,6.8
TXN-13308,2025-06-23,CUST-0621,18,Male,Silver,Beauty & Health,Toothpaste,36.38,71.18,1,71.18,36.38,34.8,603,6.2
TXN-10016,2025-06-23,CUST-0451,35,Female,Regular,Groceries,Rice,16.47,23.64,10,236.4,164.7,71.7,512,9.4
TXN-11441,2025-06-23,CUST-0510,29,Male,Gold,Home & Garden,Towel,36.45,51.3,3,153.9,109.35,44.55,880,8.4
TXN-11010,2025-06-24,CUST-0644,28,Male,Regular,Home & Garden,Frying Pan,11.59,15.48,3,46.44,34.77,11.67,1792,5.0
TXN-10517,2025-06-24,CUST-0473,18,Male,Regular,Groceries,Bread,45.02,60.28,1,60.28,45.02,15.26,976,4.6
TXN-14959,2025-06-24,CUST-0303,42,Female,Silver,Groceries,Eggs,28.33,56.24,1,56.24,28.33,27.91,1336,7.1
TXN-14462,2025-06-24,CUST-0607,31,Female,Regular,Beauty & Health,Toothpaste,36.38,71.18,2,142.36,72.76,69.6,525,5.6
TXN-12554,2025-06-24,CUST-0904,56,Female,Regular,Groceries,Rice,16.47,23.64,2,47.28,32.94,14.34,295,5.2
TXN-13336,2025-06-24,CUST-0590,28,Female,Regular,Clothing,Socks,46.78,72.77,4,291.08,187.12,103.96,1060,6.1
TXN-10461,2025-06-24,CUST-0686,31,Male,Gold,Home & Garden,Plant Pot,34.48,43.76,3,131.28,103.44,27.84,1799,7.5
TXN-11985,2025-06-24,CUST-0332,52,Male,Gold,Electronics,Mouse,41.17,78.14,1,78.14,41.17,36.97,1155,8.8
TXN-13109,2025-06-24,CUST-0779,33,Female,Gold,Beauty & Health,Toothpaste,36.38,71.18,1,71.18,36.38,34.8,612,6.1
TXN-13881,2025-06-24,CUST-0160,37,Female,Regular,Beauty & Health,Toothpaste,36.38,71.18,1,71.18,36.38,34.8,561,6.2
TXN-10136,2025-06-24,CUST-0370,31,Male,Regular,Groceries,Rice,16.47,23.64,1,23.64,16.47,7.17,499,7.0
TXN-11455,2025-06-24,CUST-0778,48,Female,Regular,Beauty & Health,Toothpaste,36.38,71.18,1,71.18,36.38,34.8,751,7.0
TXN-13746,2025-06-25,CUST-0533,30,Female,Gold,Electronics,Mouse,41.17,78.14,1,78.14,41.17,36.97,1051,6.5
TXN-14234,2025-06-25,CUST-0881,46,Female,Regular,Home & Garden,Towel,36.45,51.3,1,51.3,36.45,14.85,684,4.3
TXN-10641,2025-06-25,CUST-0195,18,Female,Silver,Electronics,Mouse,41.17,78.14,1,78.14,41.17,36.97,1257,5.1
TXN-12790,2025-06-25,CUST-0745,67,Male,Regular,Electronics,Smartwatch,34.96,50.62,3,151.86,104.88,46.98,827,5.5
TXN-13014,2025-06-25,CUST-0005,29,Female,Silver,Home & Garden,Towel,36.45,51.3,1,51.3,36.45,14.85,781,7.2
TXN-12956,2025-06-25,CUST-0053,36,Female,Regular,Groceries,Milk,32.13,59.75,1,59.75,32.13,27.62,1005,6.6
TXN-12608,2025-06-25,CUST-0031,44,Female,Regular,Home & Garden,Mug,5.57,9.8,2,19.6,11.14,8.46,711,5.7
TXN-12917,2025-06-25,CUST-0942,43,Male,Gold,Clothing,Jeans,45.05,74.05,5,370.25,225.25,145.0,1501,8.7
TXN-10689,2025-06-25,CUST-0457,42,Female,Silver,Groceries,Rice,16.47,23.64,3,70.92,49.41,21.51,447,4.9
TXN-12312,2025-06-25,CUST-0747,40,Female,Regular,Groceries,Eggs,28.33,56.24,2,112.48,56.66,55.82,1532,5.3
TXN-13808,2025-06-26,CUST-0342,18,Female,Gold,Electronics,Keyboard,107.66,156.53,1,156.53,107.66,48.87,603,7.9
TXN-12357,2025-06-26,CUST-0173,22,Female,Regular,Home & Garden,Bed Sheets,41.27,74.29,3,222.87,123.81,99.06,1666,5.6
TXN-11485,2025-06-26,CUST-0603,32,Male,Regular,Home & Garden,Bed Sheets,41.27,74.29,10,742.9,412.7,330.2,1721,6.4
TXN-13463,2025-06-26,CUST-0493,25,Female,Regular,Beauty & Health,Toothpaste,36.38,71.18,1,71.18,36.38,34.8,591,3.5
TXN-13607,2025-06-26,CUST-0648,25,Male,Silver,Beauty & Health,Vitamins,4.16,7.52,1,7.52,4.16,3.36,1061,6.2
TXN-11637,2025-06-26,CUST-0166,48,Female,Gold,Clothing,Jacket,3.47,6.87,3,20.61,10.41,10.2,1414,8.2
TXN-12027,2025-06-26,CUST-0030,41,Male,Silver,Groceries,Apples,18.31,24.59,1,24.59,18.31,6.28,1586,5.9
TXN-13506,2025-06-26,CUST-0161,48,Male,Regular,Groceries,Apples,18.31,24.59,1,24.59,18.31,6.28,1482,8.0
TXN-10598,2025-06-26,CUST-0877,62,Female,Regular,Clothing,Hat,3.72,6.93,2,13.86,7.44,6.42,799,7.3
TXN-12161,2025-06-27,CUST-0215,28,Female,Regular,Groceries,Chicken,14.09,25.57,1,25.57,14.09,11.48,1813,6.3
TXN-12520,2025-06-27,CUST-0165,54,Male,Regular,Beauty & Health,Soap,11.95,23.02,1,23.02,11.95,11.07,953,5.5
TXN-13223,2025-06-27,CUST-0449,45,Female,Regular,Groceries,Chicken,14.09,25.57,2,51.14,28.18,22.96,1749,3.8
TXN-14460,2025-06-27,CUST-0861,33,Female,Regular,Home & Garden,Bed Sheets,41.27,74.29,1,74.29,41.27,33.02,1493,6.0
TXN-13998,2025-06-27,CUST-0015,20,Female,Regular,Clothing,T-Shirt,49.29,89.1,1,89.1,49.29,39.81,427,4.1
TXN-12613,2025-06-27,CUST-0938,34,Female,Regular,Groceries,Chicken,14.09,25.57,4,102.28,56.36,45.92,1780,6.7
TXN-11360,2025-06-27,CUST-0794,48,Male,Regular,Groceries,Pasta,47.29,56.99,2,113.98,94.58,19.4,1203,4.8
TXN-13423,2025-06-27,CUST-0504,29,Male,Regular,Groceries,Apples,18.31,24.59,1,24.59,18.31,6.28,1491,5.6
TXN-12920,2025-06-27,CUST-0041,35,Male,Silver,Electronics,Keyboard,107.66,156.53,2,313.06,215.32,97.74,679,7.3
TXN-12967,2025-06-27,CUST-0996,20,Male,Gold,Clothing,Jeans,45.05,74.05,1,74.05,45.05,29.0,1498,8.9
TXN-10077,2025-06-27,CUST-0064,41,Female,Regular,Beauty & Health,Lotion,8.66,15.35,1,15.35,8.66,6.69,1136,4.3
TXN-10454,2025-06-27,CUST-0546,52,Male,Silver,Groceries,Apples,18.31,24.59,1,24.59,18.31,6.28,1730,7.8
TXN-12536,2025-06-27,CUST-0516,20,Female,Regular,Home & Garden,Bed Sheets,41.27,74.29,3,222.87,123.81,99.06,1647,6.2
TXN-14899,2025-06-27,CUST-0257,63,Female,Silver,Electronics,Charger,85.78,132.44,1,132.44,85.78,46.66,422,4.7
TXN-14372,2025-06-28,CUST-0122,36,Male,Silver,Beauty & Health,Toothpaste,36.38,71.18,1,71.18,36.38,34.8,534,4.9
TXN-12981,2025-06-28,CUST-0915,58,Female,Regular,Beauty & Health,Toothpaste,36.38,71.18,1,71.18,36.38,34.8,625,7.7
TXN-14189,2025-06-28,CUST-0269,41,Female,Silver,Beauty & Health,Lotion,8.66,15.35,1,15.35,8.66,6.69,910,5.6
TXN-11322,2025-06-28,CUST-0739,27,Female,Regular,Electronics,Smartwatch,34.96,50.62,2,101.24,69.92,31.32,911,5.4
TXN-12277,2025-06-28,CUST-0411,37,Female,Gold,Groceries,Eggs,28.33,56.24,2,112.48,56.66,55.82,1538,8.6
TXN-14304,2025-06-28,CUST-0609,24,Female,Silver,Clothing,T-Shirt,49.29,89.1,1,89.1,49.29,39.81,400,6.2
TXN-14829,2025-06-28,CUST-0907,19,Female,Regular,Clothing,Hat,3.72,6.93,1,6.93,3.72,3.21,501,5.8
TXN-13310,2025-06-28,CUST-0608,31,Female,Gold,Groceries,Eggs,28.33,56.24,4,224.96,113.32,111.64,1456,7.0
TXN-14478,2025-06-28,CUST-0465,29,Male,Silver,Clothing,Socks,46.78,72.77,1,72.77,46.78,25.99,967,5.8
TXN-10849,2025-06-28,CUST-0009,18,Female,Regular,Electronics,Smartwatch,34.96,50.62,2,101.24,69.92,31.32,953,4.9
TXN-14932,2025-06-28,CUST-0692,31,Female,Silver,Groceries,Pasta,47.29,56.99,2,113.98,94.58,19.4,1002,5.4
TXN-12951,2025-06-28,CUST-0069,25,Male,Regular,Groceries,Eggs,28.33,56.24,4,224.96,113.32,111.64,1486,9.1
TXN-10269,2025-06-28,CUST-0445,44,Female,Regular,Home & Garden,Mug,5.57,9.8,1,9.8,5.57,4.23,857,5.8
TXN-12397,2025-06-28,CUST-0430,20,Male,Regular,Groceries,Eggs,28.33,56.24,1,56.24,28.33,27.91,1516,7.6
TXN-14834,2025-06-28,CUST-0048,46,Female,Gold,Clothing,Sneakers,20.09,39.7,4,158.8,80.36,78.44,481,7.2
TXN-11108,2025-06-28,CUST-0692,34,Female,Regular,Beauty & Health,Face Wash,9.13,14.22,10,142.2,91.3,50.9,1338,7.5
TXN-12709,2025-06-29,CUST-0701,54,Female,Regular,Groceries,Rice,16.47,23.64,4,94.56,65.88,28.68,288,7.4
TXN-11740,2025-06-29,CUST-0030,35,Female,Regular,Groceries,Milk,32.13,59.75,3,179.25,96.39,82.86,1094,7.1
TXN-11834,2025-06-29,CUST-0873,43,Female,Regular,Electronics,Charger,85.78,132.44,1,132.44,85.78,46.66,644,5.3
TXN-10707,2025-06-29,CUST-0720,30,Male,Regular,Home & Garden,Mug,5.57,9.8,1,9.8,5.57,4.23,846,5.8
TXN-14274,2025-06-29,CUST-0085,35,Other,Silver,Groceries,Rice,16.47,23.64,10,236.4,164.7,71.7,163,7.0
TXN-12602,2025-06-29,CUST-0202,33,Female,Regular,Groceries,Bread,45.02,60.28,2,120.56,90.04,30.52,830,7.9
TXN-13084,2025-06-29,CUST-0426,36,Male,Silver,Groceries,Pasta,47.29,56.99,2,113.98,94.58,19.4,1112,6.9
TXN-10948,2025-06-29,CUST-0179,40,Female,Regular,Home & Garden,Frying Pan,11.59,15.48,2,30.96,23.18,7.78,1796,3.9
TXN-13516,2025-06-29,CUST-0129,22,Male,Regular,Home & Garden,Towel,36.45,51.3,4,205.2,145.8,59.4,731,8.1
TXN-12033,2025-06-29,CUST-0660,22,Male,Silver,Groceries,Apples,18.31,24.59,10,245.9,183.1,62.8,1576,6.0
TXN-10510,2025-06-29,CUST-0321,24,Male,Silver,Clothing,Sneakers,20.09,39.7,3,119.1,60.27,58.83,754,7.5
TXN-13840,2025-06-29,CUST-0077,48,Female,Regular,Groceries,Bread,45.02,60.28,1,60.28,45.02,15.26,674,7.3
TXN-14298,2025-06-30,CUST-0054,53,Other,Silver,Electronics,Smartwatch,34.96,50.62,4,202.48,139.84,62.64,688,6.7
TXN-13822,2025-06-30,CUST-0671,29,Male,Regular,Beauty & Health,Face Wash,9.13,14.22,4,56.88,36.52,20.36,1129,5.2
TXN-14918,2025-06-30,CUST-0719,26,Male,Regular,Electronics,Headphones,49.93,84.43,2,168.86,99.86,69.0,1014,4.5
TXN-14512,2025-06-30,CUST-0488,30,Female,Silver,Clothing,Jacket,3.47,6.87,4,27.48,13.88,13.6,1151,9.2
TXN-10135,2025-06-30,CUST-0010,41,Female,Regular,Groceries,Bread,45.02,60.28,1,60.28,45.02,15.26,1001,5.6
TXN-11200,2025-06-30,CUST-0102,41,Female,Regular,Groceries,Apples,18.31,24.59,1,24.59,18.31,6.28,1672,4.5
TXN-13610,2025-06-30,CUST-0988,32,Male,Regular,Home & Garden,Towel,36.45,51.3,2,102.6,72.9,29.7,720,4.2
TXN-14375,2025-06-30,CUST-0350,39,Female,Regular,Groceries,Pasta,47.29,56.99,1,56.99,47.29,9.7,1038,5.4
TXN-13550,2025-06-30,CUST-0550,36,Male,Regular,Home & Garden,Bed Sheets,41.27,74.29,1,74.29,41.27,33.02,1568,3.8
TXN-11131,2025-06-30,CUST-0799,27,Male,Silver,Groceries,Pasta,47.29,56.99,3,170.97,141.87,29.1,1218,3.9
TXN-12965,2025-06-30,CUST-0260,22,Male,Regular,Groceries,Chicken,14.09,25.57,4,102.28,56.36,45.92,1757,6.8
TXN-14525,2025-06-30,CUST-0471,49,Male,Silver,Clothing,Jeans,45.05,74.05,2,148.1,90.1,58.0,1367,6.7
TXN-14246,2025-06-30,CUST-0354,32,Female,Silver,Electronics,Keyboard,107.66,156.53,4,626.12,430.64,195.48,560,4.8
TXN-11895,2025-07-01,CUST-0808,40,Female,Silver,Home & Garden,Mug,5.57,9.8,1,9.8,5.57,4.23,772,5.2
TXN-12038,2025-07-01,CUST-0340,29,Female,Regular,Groceries,Pasta,47.29,56.99,1,56.99,47.29,9.7,1163,6.1
TXN-12302,2025-07-01,CUST-0883,20,Male,Silver,Clothing,Sneakers,20.09,39.7,2,79.4,40.18,39.22,626,7.3
TXN-11096,2025-07-01,CUST-0786,18,Female,Regular,Groceries,Pasta,47.29,56.99,2,113.98,94.58,19.4,1223,6.5
TXN-10105,2025-07-01,CUST-0689,28,Male,Silver,Home & Garden,Lamp,30.34,59.03,10,590.3,303.4,286.9,987,7.4
TXN-14500,2025-07-01,CUST-0821,33,Male,Silver,Home & Garden,Lamp,30.34,59.03,10,590.3,303.4,286.9,601,7.9
TXN-12485,2025-07-01,CUST-0905,36,Female,Regular,Beauty & Health,Soap,11.95,23.02,3,69.06,35.85,33.21,954,6.8
TXN-11335,2025-07-01,CUST-0514,35,Female,Silver,Home & Garden,Bed Sheets,41.27,74.29,5,371.45,206.35,165.1,1752,6.2
TXN-12123,2025-07-01,CUST-0377,54,Female,Silver,Electronics,Charger,85.78,132.44,1,132.44,85.78,46.66,614,5.5
TXN-13205,2025-07-01,CUST-0046,66,Female,Regular,Electronics,Keyboard,107.66,156.53,1,156.53,107.66,48.87,662,3.5
TXN-12943,2025-07-01,CUST-0916,33,Female,Regular,Clothing,Socks,46.78,72.77,1,72.77,46.78,25.99,1082,7.7
TXN-13725,2025-07-01,CUST-0056,42,Female,Regular,Electronics,Headphones,49.93,84.43,3,253.29,149.79,103.5,1092,6.9
TXN-10488,2025-07-02,CUST-0286,52,Other,Silver,Home & Garden,Frying Pan,11.59,15.48,1,15.48,11.59,3.89,1820,6.1
TXN-11022,2025-07-02,CUST-0288,34,Female,Regular,Groceries,Bread,45.02,60.28,1,60.28,45.02,15.26,936,4.1
TXN-14251,2025-07-02,CUST-0653,33,Male,Regular,Home & Garden,Plant Pot,34.48,43.76,2,87.52,68.96,18.56,1486,7.0
TXN-13073,2025-07-02,CUST-0229,20,Male,Silver,Beauty & Health,Toothpaste,36.38,71.18,3,213.54,109.14,104.4,614,8.0
TXN-12972,2025-07-02,CUST-0158,41,Male,Regular,Home & Garden,Frying Pan,11.59,15.48,3,46.44,34.77,11.67,1660,6.1
TXN-10273,2025-07-02,CUST-0124,31,Male,Regular,Groceries,Apples,18.31,24.59,1,24.59,18.31,6.28,1738,7.1
TXN-10493,2025-07-02,CUST-0901,38,Female,Regular,Electronics,USB Drive,123.53,158.32,1,158.32,123.53,34.79,1719,7.1
TXN-13263,2025-07-02,CUST-0085,24,Male,Regular,Clothing,Sneakers,20.09,39.7,2,79.4,40.18,39.22,562,6.3
TXN-13027,2025-07-02,CUST-0098,22,Female,Regular,Electronics,Charger,85.78,132.44,5,662.2,428.9,233.3,550,8.8
TXN-10090,2025-07-02,CUST-0502,43,Male,Gold,Electronics,Headphones,49.93,84.43,1,84.43,49.93,34.5,1329,9.5
TXN-11776,2025-07-02,CUST-0196,38,Male,Silver,Groceries,Pasta,47.29,56.99,1,56.99,47.29,9.7,1177,5.3
TXN-13901,2025-07-03,CUST-0973,26,Male,Regular,Home & Garden,Mug,5.57,9.8,5,49.0,27.85,21.15,617,5.5
TXN-13089,2025-07-03,CUST-0773,52,Female,Regular,Electronics,USB Drive,123.53,158.32,4,633.28,494.12,139.16,1519,6.5
TXN-13013,2025-07-03,CUST-0553,46,Other,Silver,Clothing,T-Shirt,49.29,89.1,2,178.2,98.58,79.62,491,4.2
TXN-10562,2025-07-03,CUST-0888,23,Female,Silver,Beauty & Health,Lotion,8.66,15.35,2,30.7,17.32,13.38,1109,8.3
TXN-12883,2025-07-03,CUST-0080,58,Female,Regular,Home & Garden,Lamp,30.34,59.03,1,59.03,30.34,28.69,745,4.0
TXN-10020,2025-07-03,CUST-0442,36,Male,Regular,Clothing,Hat,3.72,6.93,1,6.93,3.72,3.21,834,7.0
TXN-12228,2025-07-03,CUST-0607,31,Male,Regular,Clothing,Socks,46.78,72.77,4,291.08,187.12,103.96,1150,7.8
TXN-12592,2025-07-03,CUST-0200,48,Male,Regular,Home & Garden,Lamp,30.34,59.03,1,59.03,30.34,28.69,768,5.4
TXN-14262,2025-07-03,CUST-0079,20,Female,Regular,Home & Garden,Frying Pan,11.59,15.48,1,15.48,11.59,3.89,1523,5.7
TXN-10892,2025-07-03,CUST-0731,47,Female,Regular,Clothing,Jeans,45.05,74.05,1,74.05,45.05,29.0,1647,4.2
TXN-12934,2025-07-03,CUST-0587,46,Male,Silver,Home & Garden,Bed Sheets,41.27,74.29,1,74.29,41.27,33.02,1610,5.2
TXN-12880,2025-07-03,CUST-0091,41,Other,Silver,Groceries,Cereal,40.44,66.69,4,266.76,161.76,105.0,543,8.2
TXN-13255,2025-07-03,CUST-0707,37,Female,Regular,Clothing,Sneakers,20.09,39.7,1,39.7,20.09,19.61,564,5.7
TXN-12125,2025-07-03,CUST-0172,38,Female,Regular,Beauty & Health,Vitamins,4.16,7.52,2,15.04,8.32,6.72,1165,6.0
TXN-10102,2025-07-03,CUST-0219,27,Male,Silver,Home & Garden,Towel,36.45,51.3,10,513.0,364.5,148.5,1003,6.1
TXN-14219,2025-07-03,CUST-0599,27,Female,Silver,Groceries,Bread,45.02,60.28,2,120.56,90.04,30.52,647,4.8
TXN-12266,2025-07-03,CUST-0032,38,Other,Regular,Beauty & Health,Toothpaste,36.38,71.18,5,355.9,181.9,174.0,676,6.9
TXN-10034,2025-07-03,CUST-0584,33,Female,Regular,Beauty & Health,Shampoo,25.11,45.77,10,457.7,251.1,206.6,1031,6.1
TXN-11731,2025-07-03,CUST-0108,32,Female,Silver,Clothing,Jacket,3.47,6.87,2,13.74,6.94,6.8,1392,5.2
TXN-13177,2025-07-04,CUST-0496,33,Female,Silver,Clothing,Socks,46.78,72.77,1,72.77,46.78,25.99,1073,6.3
TXN-13567,2025-07-04,CUST-0815,33,Male,Gold,Home & Garden,Towel,36.45,51.3,4,205.2,145.8,59.4,726,10.0
TXN-11546,2025-07-04,CUST-0952,37,Male,Regular,Electronics,Mouse,41.17,78.14,1,78.14,41.17,36.97,1176,4.9
TXN-11410,2025-07-04,CUST-0492,43,Female,Regular,Home & Garden,Lamp,30.34,59.03,1,59.03,30.34,28.69,877,5.1
TXN-14972,2025-07-04,CUST-0506,41,Female,Regular,Clothing,Hat,3.72,6.93,2,13.86,7.44,6.42,480,5.8
TXN-14077,2025-07-04,CUST-0477,25,Female,Silver,Home & Garden,Lamp,30.34,59.03,1,59.03,30.34,28.69,645,6.1
TXN-11246,2025-07-04,CUST-0998,51,Male,Regular,Electronics,Smartwatch,34.96,50.62,1,50.62,34.96,15.66,926,5.9
TXN-11017,2025-07-04,CUST-0122,52,Male,Silver,Groceries,Bread,45.02,60.28,1,60.28,45.02,15.26,937,4.5
TXN-14734,2025-07-04,CUST-0938,61,Male,Regular,Home & Garden,Lamp,30.34,59.03,2,118.06,60.68,57.38,587,6.0
TXN-14443,2025-07-04,CUST-0325,18,Female,Regular,Electronics,Mouse,41.17,78.14,1,78.14,41.17,36.97,1004,4.3
TXN-14629,2025-07-05,CUST-0404,31,Male,Regular,Groceries,Cereal,40.44,66.69,1,66.69,40.44,26.25,410,4.6
TXN-14620,2025-07-05,CUST-0706,45,Male,Gold,Home & Garden,Towel,36.45,51.3,1,51.3,36.45,14.85,636,7.3
TXN-13361,2025-07-05,CUST-0954,47,Female,Regular,Clothing,Hat,3.72,6.93,2,13.86,7.44,6.42,594,5.3
TXN-10154,2025-07-05,CUST-0419,27,Male,Regular,Home & Garden,Bed Sheets,41.27,74.29,1,74.29,41.27,33.02,1843,6.0
TXN-10246,2025-07-05,CUST-0837,33,Female,Gold,Groceries,Cereal,40.44,66.69,2,133.38,80.88,52.5,758,7.1
TXN-14519,2025-07-05,CUST-0022,28,Female,Gold,Clothing,Socks,46.78,72.77,5,363.85,233.9,129.95,962,9.0
TXN-12150,2025-07-05,CUST-0890,42,Female,Regular,Clothing,T-Shirt,49.29,89.1,1,89.1,49.29,39.81,553,6.5
TXN-12361,2025-07-05,CUST-0349,34,Female,Regular,Groceries,Chicken,14.09,25.57,2,51.14,28.18,22.96,1797,5.7
TXN-13947,2025-07-05,CUST-0361,23,Male,Regular,Home & Garden,Mug,5.57,9.8,1,9.8,5.57,4.23,611,6.7
TXN-11449,2025-07-05,CUST-0515,18,Male,Regular,Groceries,Bread,45.02,60.28,1,60.28,45.02,15.26,917,6.2
TXN-13545,2025-07-05,CUST-0398,25,Female,Silver,Clothing,Socks,46.78,72.77,1,72.77,46.78,25.99,1046,5.6
TXN-13468,2025-07-05,CUST-0934,18,Male,Silver,Groceries,Rice,16.47,23.64,5,118.2,82.35,35.85,239,6.0
TXN-12481,2025-07-06,CUST-0598,42,Male,Regular,Groceries,Bread,45.02,60.28,3,180.84,135.06,45.78,849,6.9
TXN-13896,2025-07-06,CUST-0516,26,Female,Regular,Home & Garden,Frying Pan,11.59,15.48,5,77.4,57.95,19.45,1579,9.1
TXN-12250,2025-07-06,CUST-0882,27,Male,Gold,Groceries,Chicken,14.09,25.57,3,76.71,42.27,34.44,1805,9.1
TXN-13691,2025-07-06,CUST-0666,31,Female,Regular,Electronics,Charger,85.78,132.44,1,132.44,85.78,46.66,501,6.2
TXN-11804,2025-07-06,CUST-0861,30,Male,Regular,Electronics,Keyboard,107.66,156.53,1,156.53,107.66,48.87,746,6.9
TXN-11177,2025-07-06,CUST-0756,30,Male,Silver,Home & Garden,Mug,5.57,9.8,1,9.8,5.57,4.23,818,6.4
TXN-11090,2025-07-06,CUST-0167,57,Female,Regular,Groceries,Cereal,40.44,66.69,1,66.69,40.44,26.25,686,6.7
TXN-11675,2025-07-06,CUST-0127,30,Female,Regular,Home & Garden,Towel,36.45,51.3,1,51.3,36.45,14.85,866,5.4
TXN-11750,2025-07-06,CUST-0689,24,Male,Regular,Beauty & Health,Vitamins,4.16,7.52,1,7.52,4.16,3.36,1221,6.4
TXN-10476,2025-07-06,CUST-0773,42,Male,Gold,Electronics,Smartwatch,34.96,50.62,2,101.24,69.92,31.32,978,9.7
TXN-13511,2025-07-06,CUST-0906,33,Other,Regular,Clothing,Socks,46.78,72.77,1,72.77,46.78,25.99,1055,7.6
TXN-14805,2025-07-06,CUST-0652,20,Male,Regular,Groceries,Chicken,14.09,25.57,1,25.57,14.09,11.48,1615,7.2
TXN-11146,2025-07-06,CUST-0876,49,Male,Regular,Electronics,USB Drive,123.53,158.32,1,158.32,123.53,34.79,1672,5.9
TXN-14650,2025-07-06,CUST-0770,25,Male,Silver,Beauty & Health,Vitamins,4.16,7.52,1,7.52,4.16,3.36,988,6.8
TXN-10640,2025-07-06,CUST-0915,53,Male,Silver,Beauty & Health,Face Wash,9.13,14.22,1,14.22,9.13,5.09,1382,7.0
TXN-11362,2025-07-07,CUST-0959,25,Male,Regular,Clothing,Socks,46.78,72.77,3,218.31,140.34,77.97,1209,6.4
TXN-12924,2025-07-07,CUST-0758,35,Male,Regular,Groceries,Apples,18.31,24.59,5,122.95,91.55,31.4,1519,4.7
TXN-13194,2025-07-07,CUST-0640,20,Male,Regular,Electronics,Charger,85.78,132.44,2,264.88,171.56,93.32,542,4.1
TXN-13802,2025-07-07,CUST-0028,38,Female,Regular,Clothing,T-Shirt,49.29,89.1,10,891.0,492.9,398.1,433,8.4
TXN-12836,2025-07-07,CUST-0743,25,Female,Silver,Electronics,Mouse,41.17,78.14,1,78.14,41.17,36.97,1109,5.0
TXN-14202,2025-07-07,CUST-0490,37,Male,Regular,Home & Garden,Towel,36.45,51.3,1,51.3,36.45,14.85,685,5.3
TXN-13551,2025-07-07,CUST-0849,28,Female,Silver,Groceries,Rice,16.47,23.64,5,118.2,82.35,35.85,226,7.5
TXN-10796,2025-07-07,CUST-0806,32,Female,Regular,Clothing,Hat,3.72,6.93,1,6.93,3.72,3.21,767,6.2
TXN-13444,2025-07-07,CUST-0411,44,Male,Regular,Groceries,Pasta,47.29,56.99,1,56.99,47.29,9.7,1087,8.6
TXN-14551,2025-07-07,CUST-0399,51,Male,Regular,Groceries,Cereal,40.44,66.69,1,66.69,40.44,26.25,421,5.8
TXN-12805,2025-07-07,CUST-0388,45,Male,Regular,Beauty & Health,Vitamins,4.16,7.52,1,7.52,4.16,3.36,1119,6.6
TXN-12912,2025-07-07,CUST-0154,57,Female,Regular,Clothing,Socks,46.78,72.77,1,72.77,46.78,25.99,1088,5.7
TXN-12141,2025-07-07,CUST-0620,33,Male,Silver,Electronics,Smartwatch,34.96,50.62,2,101.24,69.92,31.32,854,6.9
TXN-14697,2025-07-08,CUST-0711,18,Female,Silver,Home & Garden,Bed Sheets,41.27,74.29,1,74.29,41.27,33.02,1470,6.0
TXN-14856,2025-07-08,CUST-0319,18,Female,Gold,Electronics,Mouse,41.17,78.14,10,781.4,411.7,369.7,949,7.7
TXN-14941,2025-07-08,CUST-0153,51,Female,Regular,Home & Garden,Bed Sheets,41.27,74.29,1,74.29,41.27,33.02,1435,8.0
TXN-12163,2025-07-08,CUST-0339,20,Female,Regular,Beauty & Health,Lotion,8.66,15.35,10,153.5,86.6,66.9,1026,4.9
TXN-14553,2025-07-08,CUST-0040,37,Male,Regular,Beauty & Health,Lotion,8.66,15.35,3,46.05,25.98,20.07,900,5.1
TXN-14367,2025-07-08,CUST-0138,27,Male,Regular,Electronics,Keyboard,107.66,156.53,5,782.65,538.3,244.35,541,7.4
TXN-13400,2025-07-08,CUST-0528,37,Male,Silver,Electronics,Headphones,49.93,84.43,2,168.86,99.86,69.0,1099,6.6
TXN-10447,2025-07-08,CUST-0820,20,Male,Regular,Home & Garden,Frying Pan,11.59,15.48,2,30.96,23.18,7.78,1827,6.8
TXN-14809,2025-07-08,CUST-0935,47,Female,Silver,Beauty & Health,Toothpaste,36.38,71.18,1,71.18,36.38,34.8,472,4.6
TXN-11297,2025-07-08,CUST-0929,41,Male,Regular,Beauty & Health,Soap,11.95,23.02,1,23.02,11.95,11.07,1023,6.2
TXN-12267,2025-07-08,CUST-0876,36,Female,Silver,Home & Garden,Plant Pot,34.48,43.76,1,43.76,34.48,9.28,1645,5.3
TXN-14022,2025-07-08,CUST-0920,50,Male,Regular,Home & Garden,Frying Pan,11.59,15.48,10,154.8,115.9,38.9,1560,7.8
TXN-13874,2025-07-08,CUST-0245,29,Female,Gold,Electronics,Mouse,41.17,78.14,1,78.14,41.17,36.97,1044,6.5
TXN-10761,2025-07-08,CUST-0258,33,Female,Regular,Home & Garden,Bed Sheets,41.27,74.29,1,74.29,41.27,33.02,1786,6.3
TXN-14651,2025-07-08,CUST-0123,31,Male,Regular,Electronics,USB Drive,123.53,158.32,2,316.64,247.06,69.58,1409,6.5
TXN-13306,2025-07-09,CUST-0432,18,Female,Regular,Clothing,Hat,3.72,6.93,2,13.86,7.44,6.42,596,6.0
TXN-12997,2025-07-09,CUST-0680,32,Female,Regular,Groceries,Milk,32.13,59.75,1,59.75,32.13,27.62,1001,8.5
TXN-13214,2025-07-09,CUST-0883,41,Female,Silver,Clothing,Socks,46.78,72.77,4,291.08,187.12,103.96,1069,4.6
TXN-13906,2025-07-09,CUST-0149,27,Female,Silver,Home & Garden,Mug,5.57,9.8,1,9.8,5.57,4.23,614,5.0
TXN-10743,2025-07-09,CUST-0191,40,Female,Regular,Electronics,USB Drive,123.53,158.32,2,316.64,247.06,69.58,1682,5.2
TXN-10299,2025-07-09,CUST-0610,26,Male,Silver,Home & Garden,Lamp,30.34,59.03,1,59.03,30.34,28.69,975,5.2
TXN-11914,2025-07-09,CUST-0406,50,Male,Regular,Clothing,Hat,3.72,6.93,4,27.72,14.88,12.84,669,9.4
TXN-14211,2025-07-09,CUST-0369,47,Male,Silver,Beauty & Health,Soap,11.95,23.02,2,46.04,23.9,22.14,864,4.7
TXN-10806,2025-07-09,CUST-0176,53,Female,Silver,Groceries,Apples,18.31,24.59,1,24.59,18.31,6.28,1696,6.0
TXN-12532,2025-07-09,CUST-0153,43,Male,Gold,Electronics,Headphones,49.93,84.43,2,168.86,99.86,69.0,1173,7.9
TXN-12070,2025-07-09,CUST-0434,43,Female,Gold,Groceries,Rice,16.47,23.64,4,94.56,65.88,28.68,323,10.0
TXN-13590,2025-07-10,CUST-0890,40,Male,Silver,Electronics,Keyboard,107.66,156.53,2,313.06,215.32,97.74,642,5.4
TXN-13549,2025-07-10,CUST-0074,21,Male,Gold,Clothing,Jeans,45.05,74.05,10,740.5,450.5,290.0,1439,8.7
TXN-14238,2025-07-10,CUST-0959,23,Male,Regular,Groceries,Apples,18.31,24.59,1,24.59,18.31,6.28,1419,7.3
TXN-11393,2025-07-10,CUST-0377,30,Male,Regular,Clothing,T-Shirt,49.29,89.1,5,445.5,246.45,199.05,597,5.6
TXN-13085,2025-07-10,CUST-0305,22,Male,Regular,Electronics,USB Drive,123.53,158.32,1,158.32,123.53,34.79,1523,5.0
TXN-12990,2025-07-10,CUST-0413,42,Male,Regular,Home & Garden,Bed Sheets,41.27,74.29,3,222.87,123.81,99.06,1603,7.1
TXN-10250,2025-07-10,CUST-0757,19,Female,Regular,Electronics,Charger,85.78,132.44,1,132.44,85.78,46.66,754,3.7
TXN-10365,2025-07-10,CUST-0390,20,Female,Silver,Clothing,Jacket,3.47,6.87,1,6.87,3.47,3.4,1509,8.0
TXN-12961,2025-07-10,CUST-0237,18,Male,Regular,Beauty & Health,Shampoo,25.11,45.77,1,45.77,25.11,20.66,850,7.8
TXN-12582,2025-07-10,CUST-0278,32,Female,Regular,Groceries,Rice,16.47,23.64,1,23.64,16.47,7.17,294,6.6
TXN-14928,2025-07-10,CUST-0857,18,Male,Silver,Home & Garden,Towel,36.45,51.3,2,102.6,72.9,29.7,618,5.3
TXN-11213,2025-07-10,CUST-0769,20,Female,Silver,Home & Garden,Plant Pot,34.48,43.76,4,175.04,137.92,37.12,1725,6.8
TXN-14486,2025-07-10,CUST-0660,33,Female,Silver,Home & Garden,Mug,5.57,9.8,10,98.0,55.7,42.3,571,6.9
TXN-11069,2025-07-10,CUST-0299,47,Female,Regular,Clothing,Sneakers,20.09,39.7,1,39.7,20.09,19.61,689,8.6
TXN-14712,2025-07-10,CUST-0327,22,Female,Regular,Electronics,Smartwatch,34.96,50.62,5,253.1,174.8,78.3,642,8.0
TXN-11893,2025-07-11,CUST-0136,55,Female,Silver,Groceries,Apples,18.31,24.59,3,73.77,54.93,18.84,1593,7.0
TXN-11326,2025-07-11,CUST-0877,35,Male,Silver,Groceries,Apples,18.31,24.59,10,245.9,183.1,62.8,1653,4.7
TXN-14429,2025-07-11,CUST-0577,49,Female,Regular,Home & Garden,Frying Pan,11.59,15.48,3,46.44,34.77,11.67,1506,5.6
TXN-11733,2025-07-11,CUST-0958,23,Male,Silver,Beauty & Health,Soap,11.95,23.02,4,92.08,47.8,44.28,986,7.5
TXN-13645,2025-07-11,CUST-0038,20,Male,Silver,Home & Garden,Plant Pot,34.48,43.76,2,87.52,68.96,18.56,1538,7.4
TXN-10564,2025-07-11,CUST-0726,20,Female,Regular,Beauty & Health,Face Wash,9.13,14.22,3,42.66,27.39,15.27,1396,5.3
TXN-10340,2025-07-11,CUST-0889,23,Male,Silver,Groceries,Cereal,40.44,66.69,1,66.69,40.44,26.25,749,6.8
TXN-11309,2025-07-11,CUST-0817,24,Female,Silver,Home & Garden,Plant Pot,34.48,43.76,1,43.76,34.48,9.28,1719,5.1
TXN-10999,2025-07-11,CUST-0675,40,Female,Regular,Electronics,Smartwatch,34.96,50.62,1,50.62,34.96,15.66,939,5.3
TXN-13707,2025-07-11,CUST-0009,37,Female,Silver,Beauty & Health,Shampoo,25.11,45.77,5,228.85,125.55,103.3,775,7.2
TXN-13473,2025-07-11,CUST-0370,55,Female,Silver,Home & Garden,Lamp,30.34,59.03,1,59.03,30.34,28.69,696,6.0
TXN-13509,2025-07-11,CUST-0717,35,Male,Regular,Groceries,Chicken,14.09,25.57,10,255.7,140.9,114.8,1725,8.2
TXN-14057,2025-07-11,CUST-0387,32,Female,Regular,Electronics,Keyboard,107.66,156.53,1,156.53,107.66,48.87,583,6.4
TXN-12576,2025-07-11,CUST-0619,33,Female,Regular,Home & Garden,Bed Sheets,41.27,74.29,1,74.29,41.27,33.02,1643,5.8
TXN-12425,2025-07-11,CUST-0981,18,Male,Regular,Electronics,Smartwatch,34.96,50.62,1,50.62,34.96,15.66,845,6.2
TXN-13523,2025-07-12,CUST-0813,38,Male,Silver,Groceries,Eggs,28.33,56.24,1,56.24,28.33,27.91,1441,5.1
TXN-12203,2025-07-12,CUST-0196,48,Female,Regular,Beauty & Health,Face Wash,9.13,14.22,1,14.22,9.13,5.09,1273,5.7
TXN-12446,2025-07-12,CUST-0735,21,Male,Regular,Groceries,Chicken,14.09,25.57,4,102.28,56.36,45.92,1790,6.0
TXN-11945,2025-07-12,CUST-0925,22,Female,Silver,Clothing,Jacket,3.47,6.87,1,6.87,3.47,3.4,1377,8.0
TXN-11575,2025-07-12,CUST-0163,25,Female,Regular,Beauty & Health,Shampoo,25.11,45.77,1,45.77,25.11,20.66,961,6.1
TXN-14603,2025-07-12,CUST-0935,38,Male,Silver,Beauty & Health,Lotion,8.66,15.35,1,15.35,8.66,6.69,899,7.0
TXN-14221,2025-07-12,CUST-0995,18,Female,Regular,Home & Garden,Bed Sheets,41.27,74.29,4,297.16,165.08,132.08,1502,7.4
TXN-14523,2025-07-12,CUST-0790,29,Female,Silver,Groceries,Cereal,40.44,66.69,1,66.69,40.44,26.25,423,6.2
TXN-13197,2025-07-12,CUST-0977,36,Male,Regular,Clothing,Hat,3.72,6.93,2,13.86,7.44,6.42,601,6.1
TXN-10108,2025-07-13,CUST-0234,37,Female,Regular,Groceries,Bread,45.02,60.28,1,60.28,45.02,15.26,1002,4.4
TXN-13012,2025-07-13,CUST-0105,30,Female,Regular,Groceries,Chicken,14.09,25.57,1,25.57,14.09,11.48,1756,6.2
TXN-13128,2025-07-13,CUST-0145,24,Male,Silver,Groceries,Cereal,40.44,66.69,1,66.69,40.44,26.25,524,4.7
TXN-13829,2025-07-13,CUST-0663,28,Female,Regular,Clothing,Sneakers,20.09,39.7,2,79.4,40.18,39.22,531,5.0
TXN-10494,2025-07-13,CUST-0826,40,Male,Regular,Groceries,Eggs,28.33,56.24,1,56.24,28.33,27.91,1668,6.5
TXN-12941,2025-07-14,CUST-0330,30,Female,Regular,Electronics,Charger,85.78,132.44,1,132.44,85.78,46.66,558,6.9
TXN-11428,2025-07-14,CUST-0603,27,Male,Regular,Electronics,Charger,85.78,132.44,1,132.44,85.78,46.66,673,6.4
TXN-11865,2025-07-14,CUST-0724,49,Female,Silver,Groceries,Bread,45.02,60.28,4,241.12,180.08,61.04,890,9.2
TXN-13245,2025-07-14,CUST-0970,39,Male,Regular,Home & Garden,Bed Sheets,41.27,74.29,1,74.29,41.27,33.02,1585,5.4
TXN-13241,2025-07-14,CUST-0764,31,Male,Regular,Home & Garden,Lamp,30.34,59.03,5,295.15,151.7,143.45,715,5.5
TXN-10969,2025-07-14,CUST-0021,46,Female,Regular,Clothing,Jacket,3.47,6.87,1,6.87,3.47,3.4,1472,6.8
TXN-13087,2025-07-14,CUST-0101,20,Female,Regular,Groceries,Cereal,40.44,66.69,4,266.76,161.76,105.0,525,6.7
TXN-11464,2025-07-14,CUST-0439,22,Female,Gold,Groceries,Pasta,47.29,56.99,1,56.99,47.29,9.7,1200,5.7
TXN-14891,2025-07-14,CUST-0821,34,Other,Regular,Electronics,Charger,85.78,132.44,3,397.32,257.34,139.98,423,7.4
TXN-13781,2025-07-14,CUST-0958,32,Female,Regular,Groceries,Milk,32.13,59.75,1,59.75,32.13,27.62,957,7.0
TXN-13447,2025-07-14,CUST-0774,33,Male,Regular,Clothing,Sneakers,20.09,39.7,2,79.4,40.18,39.22,552,4.7
TXN-10693,2025-07-14,CUST-0243,24,Male,Regular,Home & Garden,Lamp,30.34,59.03,1,59.03,30.34,28.69,949,7.7
TXN-13671,2025-07-14,CUST-0090,49,Female,Silver,Home & Garden,Bed Sheets,41.27,74.29,1,74.29,41.27,33.02,1548,5.6
TXN-14880,2025-07-14,CUST-0482,47,Female,Regular,Home & Garden,Plant Pot,34.48,43.76,1,43.76,34.48,9.28,1410,3.6
TXN-12662,2025-07-14,CUST-0269,39,Female,Regular,Electronics,Headphones,49.93,84.43,2,168.86,99.86,69.0,1164,6.8
TXN-12826,2025-07-14,CUST-0537,46,Male,Regular,Beauty & Health,Vitamins,4.16,7.52,10,75.2,41.6,33.6,1108,5.7
TXN-14470,2025-07-14,CUST-0474,35,Male,Silver,Clothing,Socks,46.78,72.77,1,72.77,46.78,25.99,968,6.3
TXN-14997,2025-07-14,CUST-0848,33,Male,Regular,Beauty & Health,Lotion,8.66,15.35,1,15.35,8.66,6.69,870,6.9
TXN-13058,2025-07-14,CUST-0079,47,Male,Regular,Home & Garden,Plant Pot,34.48,43.76,3,131.28,103.44,27.84,1583,4.9
TXN-10357,2025-07-14,CUST-0066,35,Female,Regular,Clothing,Jeans,45.05,74.05,3,222.15,135.15,87.0,1681,7.8
TXN-13031,2025-07-14,CUST-0865,27,Female,Regular,Groceries,Eggs,28.33,56.24,2,112.48,56.66,55.82,1482,5.6
TXN-11406,2025-07-15,CUST-0536,21,Male,Silver,Electronics,USB Drive,123.53,158.32,2,316.64,247.06,69.58,1652,4.6
TXN-13945,2025-07-15,CUST-0253,27,Female,Regular,Electronics,Keyboard,107.66,156.53,1,156.53,107.66,48.87,594,7.1
TXN-10509,2025-07-15,CUST-0689,22,Male,Silver,Electronics,USB Drive,123.53,158.32,4,633.28,494.12,139.16,1714,6.3
TXN-14086,2025-07-15,CUST-0679,18,Female,Silver,Groceries,Apples,18.31,24.59,1,24.59,18.31,6.28,1429,5.9
TXN-13174,2025-07-15,CUST-0696,29,Female,Silver,Home & Garden,Bed Sheets,41.27,74.29,1,74.29,41.27,33.02,1588,5.9
TXN-12507,2025-07-15,CUST-0858,54,Female,Silver,Electronics,Mouse,41.17,78.14,1,78.14,41.17,36.97,1136,7.1
TXN-12570,2025-07-15,CUST-0865,20,Male,Regular,Clothing,Jacket,3.47,6.87,1,6.87,3.47,3.4,1319,6.3
TXN-13821,2025-07-15,CUST-0421,42,Male,Regular,Beauty & Health,Shampoo,25.11,45.77,2,91.54,50.22,41.32,769,5.6
TXN-11357,2025-07-15,CUST-0979,43,Male,Regular,Electronics,Smartwatch,34.96,50.62,3,151.86,104.88,46.98,907,7.1
TXN-10254,2025-07-15,CUST-0372,34,Female,Regular,Electronics,Keyboard,107.66,156.53,1,156.53,107.66,48.87,857,4.1
TXN-14330,2025-07-15,CUST-0175,32,Male,Regular,Home & Garden,Towel,36.45,51.3,1,51.3,36.45,14.85,662,5.7
TXN-13102,2025-07-15,CUST-0318,33,Other,Regular,Groceries,Apples,18.31,24.59,4,98.36,73.24,25.12,1506,8.5
TXN-10848,2025-07-15,CUST-0515,24,Female,Regular,Electronics,Headphones,49.93,84.43,1,84.43,49.93,34.5,1273,4.0
TXN-11998,2025-07-15,CUST-0387,37,Female,Regular,Home & Garden,Lamp,30.34,59.03,1,59.03,30.34,28.69,827,6.5
TXN-13783,2025-07-15,CUST-0459,66,Female,Silver,Beauty & Health,Soap,11.95,23.02,1,23.02,11.95,11.07,885,6.2
TXN-14658,2025-07-15,CUST-0362,22,Female,Gold,Electronics,Headphones,49.93,84.43,2,168.86,99.86,69.0,1029,6.2
TXN-13004,2025-07-15,CUST-0823,51,Male,Regular,Groceries,Bread,45.02,60.28,1,60.28,45.02,15.26,792,5.5
TXN-13351,2025-07-15,CUST-0068,39,Female,Regular,Home & Garden,Lamp,30.34,59.03,1,59.03,30.34,28.69,704,7.9
TXN-10692,2025-07-15,CUST-0646,30,Female,Regular,Clothing,Socks,46.78,72.77,3,218.31,140.34,77.97,1258,7.0
TXN-10882,2025-07-15,CUST-0015,23,Male,Regular,Electronics,Charger,85.78,132.44,5,662.2,428.9,233.3,701,8.5
TXN-12960,2025-07-15,CUST-0997,41,Male,Regular,Home & Garden,Plant Pot,34.48,43.76,1,43.76,34.48,9.28,1595,8.6
TXN-12067,2025-07-15,CUST-0761,30,Female,Silver,Home & Garden,Towel,36.45,51.3,1,51.3,36.45,14.85,835,5.6
TXN-14591,2025-07-15,CUST-1000,26,Female,Silver,Home & Garden,Lamp,30.34,59.03,2,118.06,60.68,57.38,596,3.8
TXN-12056,2025-07-15,CUST-0671,41,Male,Regular,Electronics,Headphones,49.93,84.43,1,84.43,49.93,34.5,1197,7.2
TXN-10989,2025-07-16,CUST-0671,37,Male,Silver,Groceries,Eggs,28.33,56.24,1,56.24,28.33,27.91,1627,7.6
TXN-10779,2025-07-16,CUST-0230,25,Female,Silver,Electronics,Mouse,41.17,78.14,1,78.14,41.17,36.97,1253,4.4
TXN-13497,2025-07-16,CUST-0728,35,Male,Silver,Groceries,Milk,32.13,59.75,1,59.75,32.13,27.62,981,7.8
TXN-12346,2025-07-16,CUST-0014,27,Male,Regular,Beauty & Health,Toothpaste,36.38,71.18,1,71.18,36.38,34.8,670,3.2
TXN-10936,2025-07-16,CUST-0359,33,Female,Regular,Groceries,Apples,18.31,24.59,10,245.9,183.1,62.8,1680,8.4
TXN-11663,2025-07-16,CUST-0624,40,Male,Regular,Clothing,Hat,3.72,6.93,1,6.93,3.72,3.21,682,5.7
TXN-13307,2025-07-16,CUST-0767,38,Male,Gold,Groceries,Bread,45.02,60.28,5,301.4,225.1,76.3,727,6.4
TXN-12175,2025-07-16,CUST-0900,34,Female,Regular,Clothing,Jacket,3.47,6.87,1,6.87,3.47,3.4,1364,5.6
TXN-11664,2025-07-16,CUST-0282,55,Other,Regular,Electronics,Smartwatch,34.96,50.62,1,50.62,34.96,15.66,879,7.3
TXN-12878,2025-07-16,CUST-0326,45,Male,Silver,Electronics,Headphones,49.93,84.43,1,84.43,49.93,34.5,1141,5.6
TXN-14351,2025-07-16,CUST-0869,26,Male,Silver,Groceries,Milk,32.13,59.75,1,59.75,32.13,27.62,918,7.0
TXN-12930,2025-07-16,CUST-0722,20,Female,Gold,Groceries,Chicken,14.09,25.57,4,102.28,56.36,45.92,1762,6.2
TXN-12464,2025-07-16,CUST-0743,29,Female,Regular,Clothing,Jeans,45.05,74.05,1,74.05,45.05,29.0,1536,6.5
TXN-10725,2025-07-16,CUST-0872,18,Male,Gold,Home & Garden,Bed Sheets,41.27,74.29,4,297.16,165.08,132.08,1804,7.6
TXN-13280,2025-07-16,CUST-0908,39,Female,Regular,Groceries,Cereal,40.44,66.69,2,133.38,80.88,52.5,512,7.6
TXN-14653,2025-07-16,CUST-0320,38,Female,Gold,Beauty & Health,Toothpaste,36.38,71.18,1,71.18,36.38,34.8,479,6.3
TXN-11434,2025-07-16,CUST-0377,40,Female,Regular,Beauty & Health,Lotion,8.66,15.35,2,30.7,17.32,13.38,1062,6.2
TXN-12014,2025-07-16,CUST-0293,30,Male,Regular,Groceries,Rice,16.47,23.64,1,23.64,16.47,7.17,334,6.9
TXN-14570,2025-07-17,CUST-0669,41,Male,Regular,Groceries,Chicken,14.09,25.57,1,25.57,14.09,11.48,1635,6.1
TXN-11171,2025-07-17,CUST-0867,47,Female,Regular,Groceries,Eggs,28.33,56.24,10,562.4,283.3,279.1,1603,4.3
TXN-10368,2025-07-17,CUST-0306,32,Female,Regular,Electronics,Charger,85.78,132.44,2,264.88,171.56,93.32,749,7.3
TXN-14120,2025-07-17,CUST-0068,42,Male,Silver,Groceries,Milk,32.13,59.75,1,59.75,32.13,27.62,946,6.1
TXN-14498,2025-07-17,CUST-0735,53,Female,Gold,Groceries,Pasta,47.29,56.99,2,113.98,94.58,19.4,1033,7.8
TXN-10182,2025-07-17,CUST-0535,19,Female,Regular,Electronics,USB Drive,123.53,158.32,1,158.32,123.53,34.79,1737,4.7
TXN-11402,2025-07-17,CUST-0435,25,Female,Regular,Beauty & Health,Vitamins,4.16,7.52,1,7.52,4.16,3.36,1254,8.4
TXN-13325,2025-07-17,CUST-0525,18,Male,Regular,Groceries,Cereal,40.44,66.69,2,133.38,80.88,52.5,504,5.6
TXN-10819,2025-07-17,CUST-0026,22,Male,Regular,Clothing,T-Shirt,49.29,89.1,1,89.1,49.29,39.81,648,6.4
TXN-14501,2025-07-17,CUST-0691,30,Male,Regular,Beauty & Health,Toothpaste,36.38,71.18,3,213.54,109.14,104.4,502,5.7
TXN-11791,2025-07-17,CUST-0074,18,Male,Regular,Clothing,T-Shirt,49.29,89.1,2,178.2,98.58,79.62,569,3.6
TXN-11327,2025-07-17,CUST-0536,41,Male,Silver,Groceries,Apples,18.31,24.59,3,73.77,54.93,18.84,1650,7.9
TXN-13679,2025-07-17,CUST-0325,29,Female,Regular,Home & Garden,Towel,36.45,51.3,1,51.3,36.45,14.85,705,6.9
TXN-11868,2025-07-18,CUST-0388,23,Male,Gold,Groceries,Apples,18.31,24.59,1,24.59,18.31,6.28,1596,9.0
TXN-14576,2025-07-18,CUST-0617,38,Male,Gold,Electronics,Keyboard,107.66,156.53,2,313.06,215.32,97.74,538,6.6
TXN-14600,2025-07-18,CUST-0400,18,Female,Gold,Groceries,Eggs,28.33,56.24,2,112.48,56.66,55.82,1366,9.4
TXN-13791,2025-07-18,CUST-0803,33,Male,Silver,Clothing,Socks,46.78,72.77,1,72.77,46.78,25.99,1011,7.6
TXN-10001,2025-07-18,CUST-0563,33,Male,Regular,Electronics,Charger,85.78,132.44,2,264.88,171.56,93.32,762,3.9
TXN-14405,2025-07-18,CUST-0743,42,Female,Regular,Clothing,Sneakers,20.09,39.7,3,119.1,60.27,58.83,500,6.2
TXN-12085,2025-07-18,CUST-0127,27,Female,Silver,Clothing,Sneakers,20.09,39.7,1,39.7,20.09,19.61,633,4.6
TXN-10199,2025-07-18,CUST-0125,49,Female,Regular,Groceries,Bread,45.02,60.28,1,60.28,45.02,15.26,997,8.0
TXN-10686,2025-07-18,CUST-0281,41,Male,Regular,Home & Garden,Plant Pot,34.48,43.76,2,87.52,68.96,18.56,1779,7.8
TXN-14332,2025-07-18,CUST-0123,18,Male,Regular,Clothing,Jacket,3.47,6.87,2,13.74,6.94,6.8,1171,6.2
TXN-11227,2025-07-18,CUST-0876,18,Female,Gold,Home & Garden,Frying Pan,11.59,15.48,4,61.92,46.36,15.56,1753,7.4
TXN-12739,2025-07-19,CUST-0733,26,Female,Regular,Electronics,USB Drive,123.53,158.32,1,158.32,123.53,34.79,1552,6.5
TXN-12443,2025-07-19,CUST-0881,33,Male,Silver,Home & Garden,Frying Pan,11.59,15.48,2,30.96,23.18,7.78,1686,5.0
TXN-10650,2025-07-19,CUST-0035,27,Female,Regular,Beauty & Health,Toothpaste,36.38,71.18,2,142.36,72.76,69.6,816,7.6
TXN-14343,2025-07-19,CUST-0871,23,Male,Gold,Clothing,Jacket,3.47,6.87,1,6.87,3.47,3.4,1170,8.8
TXN-10147,2025-07-19,CUST-0681,37,Male,Regular,Electronics,USB Drive,123.53,158.32,2,316.64,247.06,69.58,1739,5.4
TXN-10911,2025-07-19,CUST-0587,24,Male,Silver,Electronics,Smartwatch,34.96,50.62,3,151.86,104.88,46.98,948,6.7
TXN-11047,2025-07-19,CUST-0865,26,Male,Regular,Groceries,Bread,45.02,60.28,5,301.4,225.1,76.3,929,8.4
TXN-10703,2025-07-19,CUST-0293,48,Male,Regular,Home & Garden,Towel,36.45,51.3,2,102.6,72.9,29.7,946,6.1
TXN-11241,2025-07-19,CUST-0718,18,Male,Regular,Home & Garden,Mug,5.57,9.8,2,19.6,11.14,8.46,810,5.8
TXN-12984,2025-07-19,CUST-0521,38,Male,Regular,Beauty & Health,Shampoo,25.11,45.77,3,137.31,75.33,61.98,841,6.7
TXN-13833,2025-07-19,CUST-0421,25,Male,Silver,Clothing,Sneakers,20.09,39.7,3,119.1,60.27,58.83,528,6.9
TXN-12646,2025-07-19,CUST-0122,25,Female,Regular,Home & Garden,Mug,5.57,9.8,2,19.6,11.14,8.46,704,5.2
TXN-12483,2025-07-19,CUST-0307,18,Female,Regular,Home & Garden,Towel,36.45,51.3,2,102.6,72.9,29.7,819,4.9
TXN-11123,2025-07-19,CUST-0959,28,Male,Regular,Home & Garden,Bed Sheets,41.27,74.29,2,148.58,82.54,66.04,1768,5.7
TXN-10898,2025-07-19,CUST-0174,18,Female,Silver,Groceries,Chicken,14.09,25.57,2,51.14,28.18,22.96,1874,7.9
TXN-11012,2025-07-19,CUST-0099,40,Male,Silver,Clothing,T-Shirt,49.29,89.1,2,178.2,98.58,79.62,640,8.3
TXN-13353,2025-07-19,CUST-0683,30,Male,Regular,Home & Garden,Frying Pan,11.59,15.48,2,30.96,23.18,7.78,1625,6.2
TXN-12146,2025-07-19,CUST-0824,63,Male,Regular,Electronics,Smartwatch,34.96,50.62,1,50.62,34.96,15.66,853,6.5
TXN-12819,2025-07-20,CUST-0539,18,Female,Gold,Electronics,Smartwatch,34.96,50.62,4,202.48,139.84,62.64,821,10.0
TXN-10624,2025-07-20,CUST-0413,41,Female,Gold,Electronics,Mouse,41.17,78.14,5,390.7,205.85,184.85,1258,9.7
TXN-11589,2025-07-20,CUST-0477,26,Male,Regular,Electronics,Mouse,41.17,78.14,1,78.14,41.17,36.97,1170,7.4
TXN-11622,2025-07-20,CUST-0191,21,Female,Regular,Clothing,Sneakers,20.09,39.7,5,198.5,100.45,98.05,661,4.8
TXN-14766,2025-07-20,CUST-0767,53,Female,Regular,Clothing,Socks,46.78,72.77,2,145.54,93.56,51.98,951,5.1
TXN-13034,2025-07-20,CUST-0479,33,Other,Regular,Clothing,T-Shirt,49.29,89.1,1,89.1,49.29,39.81,489,4.4
TXN-13843,2025-07-20,CUST-0844,31,Male,Silver,Beauty & Health,Face Wash,9.13,14.22,3,42.66,27.39,15.27,1122,6.5
TXN-14277,2025-07-20,CUST-0474,38,Male,Silver,Groceries,Milk,32.13,59.75,1,59.75,32.13,27.62,933,5.1
TXN-14728,2025-07-20,CUST-0078,32,Female,Silver,Beauty & Health,Soap,11.95,23.02,1,23.02,11.95,11.07,828,5.6
TXN-10267,2025-07-20,CUST-0272,36,Male,Regular,Home & Garden,Towel,36.45,51.3,1,51.3,36.45,14.85,986,6.3
TXN-14993,2025-07-21,CUST-0201,37,Female,Regular,Clothing,T-Shirt,49.29,89.1,2,178.2,98.58,79.62,351,6.3
TXN-11125,2025-07-21,CUST-0413,39,Female,Silver,Groceries,Cereal,40.44,66.69,1,66.69,40.44,26.25,683,4.6
TXN-14655,2025-07-21,CUST-0326,21,Male,Regular,Beauty & Health,Soap,11.95,23.02,1,23.02,11.95,11.07,829,6.1
TXN-10094,2025-07-21,CUST-0307,18,Female,Silver,Electronics,Headphones,49.93,84.43,4,337.72,199.72,138.0,1325,9.2
TXN-14337,2025-07-21,CUST-0095,21,Male,Regular,Beauty & Health,Toothpaste,36.38,71.18,1,71.18,36.38,34.8,535,7.8
TXN-14797,2025-07-21,CUST-0955,48,Other,Gold,Beauty & Health,Face Wash,9.13,14.22,1,14.22,9.13,5.09,1078,5.7
TXN-10380,2025-07-21,CUST-0164,18,Female,Silver,Groceries,Eggs,28.33,56.24,2,112.48,56.66,55.82,1680,5.6
TXN-10949,2025-07-21,CUST-0876,31,Female,Regular,Home & Garden,Frying Pan,11.59,15.48,1,15.48,11.59,3.89,1795,6.6
TXN-13421,2025-07-21,CUST-0288,46,Female,Silver,Home & Garden,Plant Pot,34.48,43.76,1,43.76,34.48,9.28,1554,7.1
TXN-12893,2025-07-21,CUST-0875,27,Male,Regular,Groceries,Eggs,28.33,56.24,1,56.24,28.33,27.91,1493,5.7
TXN-11159,2025-07-21,CUST-0739,33,Female,Silver,Beauty & Health,Lotion,8.66,15.35,10,153.5,86.6,66.9,1073,8.4
TXN-14226,2025-07-21,CUST-0237,18,Female,Regular,Home & Garden,Lamp,30.34,59.03,1,59.03,30.34,28.69,633,4.4
TXN-14391,2025-07-21,CUST-0072,37,Male,Regular,Clothing,Jeans,45.05,74.05,2,148.1,90.1,58.0,1379,6.5
TXN-13312,2025-07-21,CUST-0862,25,Male,Silver,Beauty & Health,Face Wash,9.13,14.22,10,142.2,91.3,50.9,1152,6.5
TXN-13499,2025-07-21,CUST-0643,38,Male,Regular,Home & Garden,Towel,36.45,51.3,1,51.3,36.45,14.85,745,6.3
TXN-10754,2025-07-22,CUST-0765,20,Female,Regular,Clothing,Jeans,45.05,74.05,1,74.05,45.05,29.0,1655,4.0
TXN-14599,2025-07-22,CUST-0652,24,Male,Silver,Beauty & Health,Toothpaste,36.38,71.18,10,711.8,363.8,348.0,480,8.8
TXN-14344,2025-07-22,CUST-0458,18,Female,Silver,Groceries,Milk,32.13,59.75,10,597.5,321.3,276.2,919,6.3
TXN-12479,2025-07-22,CUST-0249,32,Female,Regular,Clothing,Hat,3.72,6.93,3,20.79,11.16,9.63,635,6.1
TXN-11436,2025-07-22,CUST-0636,21,Female,Silver,Beauty & Health,Vitamins,4.16,7.52,4,30.08,16.64,13.44,1250,9.5
TXN-13445,2025-07-22,CUST-0349,50,Female,Silver,Clothing,Jeans,45.05,74.05,2,148.1,90.1,58.0,1459,7.7
TXN-12460,2025-07-22,CUST-0143,35,Female,Regular,Beauty & Health,Vitamins,4.16,7.52,1,7.52,4.16,3.36,1141,7.3
TXN-12062,2025-07-22,CUST-0410,45,Male,Silver,Beauty & Health,Shampoo,25.11,45.77,10,457.7,251.1,206.6,909,4.8
TXN-14065,2025-07-22,CUST-0125,45,Male,Regular,Electronics,Mouse,41.17,78.14,1,78.14,41.17,36.97,1035,8.8
TXN-11039,2025-07-22,CUST-0755,28,Male,Silver,Beauty & Health,Toothpaste,36.38,71.18,2,142.36,72.76,69.6,776,4.6
TXN-13534,2025-07-22,CUST-0266,40,Male,Silver,Clothing,Jeans,45.05,74.05,4,296.2,180.2,116.0,1452,7.6
TXN-10045,2025-07-22,CUST-0436,41,Female,Silver,Electronics,Smartwatch,34.96,50.62,1,50.62,34.96,15.66,1001,3.3
TXN-14381,2025-07-22,CUST-0839,18,Male,Silver,Electronics,Mouse,41.17,78.14,1,78.14,41.17,36.97,1006,6.6
TXN-14476,2025-07-22,CUST-0309,18,Female,Regular,Home & Garden,Plant Pot,34.48,43.76,1,43.76,34.48,9.28,1463,7.5
TXN-13859,2025-07-22,CUST-0123,45,Female,Regular,Groceries,Eggs,28.33,56.24,3,168.72,84.99,83.73,1420,6.8
TXN-13886,2025-07-23,CUST-0020,39,Male,Regular,Groceries,Eggs,28.33,56.24,10,562.4,283.3,279.1,1406,6.4
TXN-11240,2025-07-23,CUST-0044,53,Male,Regular,Clothing,Socks,46.78,72.77,1,72.77,46.78,25.99,1221,7.3
TXN-11215,2025-07-23,CUST-0294,29,Male,Regular,Electronics,Mouse,41.17,78.14,4,312.56,164.68,147.88,1210,7.7
TXN-13862,2025-07-23,CUST-0175,34,Male,Silver,Electronics,Headphones,49.93,84.43,10,844.3,499.3,345.0,1079,8.2
TXN-12782,2025-07-23,CUST-0822,18,Male,Silver,Clothing,Sneakers,20.09,39.7,1,39.7,20.09,19.61,586,8.1
TXN-13401,2025-07-23,CUST-0007,19,Female,Gold,Groceries,Eggs,28.33,56.24,1,56.24,28.33,27.91,1448,5.5
TXN-13127,2025-07-23,CUST-0954,19,Female,Silver,Home & Garden,Lamp,30.34,59.03,1,59.03,30.34,28.69,723,6.6
TXN-10657,2025-07-23,CUST-0560,30,Other,Regular,Home & Garden,Towel,36.45,51.3,1,51.3,36.45,14.85,954,6.3
TXN-14174,2025-07-23,CUST-0503,45,Female,Regular,Groceries,Cereal,40.44,66.69,2,133.38,80.88,52.5,446,8.2
TXN-13216,2025-07-23,CUST-0540,26,Male,Regular,Electronics,Mouse,41.17,78.14,10,781.4,411.7,369.7,1074,9.0
TXN-13751,2025-07-23,CUST-0916,31,Female,Silver,Beauty & Health,Toothpaste,36.38,71.18,1,71.18,36.38,34.8,569,6.9
TXN-11129,2025-07-23,CUST-0054,38,Male,Regular,Groceries,Eggs,28.33,56.24,3,168.72,84.99,83.73,1616,5.4
TXN-14719,2025-07-23,CUST-0887,57,Male,Regular,Groceries,Milk,32.13,59.75,4,239.0,128.52,110.48,892,6.2
TXN-11639,2025-07-23,CUST-0772,37,Male,Regular,Beauty & Health,Vitamins,4.16,7.52,3,22.56,12.48,10.08,1227,4.3
TXN-14716,2025-07-23,CUST-0013,43,Male,Silver,Clothing,Socks,46.78,72.77,1,72.77,46.78,25.99,954,8.7
TXN-14275,2025-07-23,CUST-0938,50,Female,Regular,Electronics,Headphones,49.93,84.43,2,168.86,99.86,69.0,1047,3.4
TXN-13756,2025-07-23,CUST-0184,29,Male,Regular,Groceries,Rice,16.47,23.64,1,23.64,16.47,7.17,216,6.2
TXN-14497,2025-07-24,CUST-0645,29,Female,Regular,Groceries,Chicken,14.09,25.57,10,255.7,140.9,114.8,1639,4.7
TXN-12551,2025-07-24,CUST-0352,20,Male,Regular,Electronics,Headphones,49.93,84.43,1,84.43,49.93,34.5,1172,5.4
TXN-13069,2025-07-24,CUST-0587,18,Male,Regular,Clothing,Jeans,45.05,74.05,5,370.25,225.25,145.0,1488,6.6
TXN-11790,2025-07-24,CUST-0980,53,Male,Regular,Clothing,Sneakers,20.09,39.7,1,39.7,20.09,19.61,646,5.2
TXN-14153,2025-07-24,CUST-0893,37,Female,Gold,Electronics,Headphones,49.93,84.43,4,337.72,199.72,138.0,1053,8.5
TXN-12555,2025-07-24,CUST-0453,24,Female,Silver,Clothing,T-Shirt,49.29,89.1,2,178.2,98.58,79.62,519,6.4
TXN-12886,2025-07-24,CUST-0923,26,Male,Regular,Electronics,Charger,85.78,132.44,1,132.44,85.78,46.66,560,5.6
TXN-11703,2025-07-24,CUST-0989,45,Male,Regular,Groceries,Chicken,14.09,25.57,1,25.57,14.09,11.48,1851,4.5
TXN-11681,2025-07-24,CUST-0163,27,Female,Regular,Home & Garden,Frying Pan,11.59,15.48,1,15.48,11.59,3.89,1731,6.3
TXN-13914,2025-07-24,CUST-0163,20,Female,Regular,Groceries,Apples,18.31,24.59,1,24.59,18.31,6.28,1448,6.7
TXN-13853,2025-07-24,CUST-0734,43,Male,Regular,Groceries,Cereal,40.44,66.69,1,66.69,40.44,26.25,463,6.2
TXN-10571,2025-07-25,CUST-0774,18,Other,Regular,Beauty & Health,Lotion,8.66,15.35,1,15.35,8.66,6.69,1098,5.1
TXN-10591,2025-07-25,CUST-0841,40,Male,Regular,Clothing,Socks,46.78,72.77,4,291.08,187.12,103.96,1264,4.8
TXN-11299,2025-07-25,CUST-0643,35,Female,Silver,Clothing,Hat,3.72,6.93,5,34.65,18.6,16.05,697,8.3
TXN-12964,2025-07-25,CUST-0837,57,Male,Regular,Groceries,Rice,16.47,23.64,4,94.56,65.88,28.68,270,6.1
TXN-13517,2025-07-25,CUST-0805,47,Female,Silver,Home & Garden,Lamp,30.34,59.03,2,118.06,60.68,57.38,694,4.0
TXN-12091,2025-07-25,CUST-0580,28,Male,Regular,Clothing,Socks,46.78,72.77,5,363.85,233.9,129.95,1168,9.0
TXN-13844,2025-07-25,CUST-0260,50,Male,Regular,Beauty & Health,Toothpaste,36.38,71.18,1,71.18,36.38,34.8,563,5.0
TXN-11302,2025-07-25,CUST-0433,41,Male,Regular,Groceries,Rice,16.47,23.64,1,23.64,16.47,7.17,389,5.6
TXN-10579,2025-07-25,CUST-0851,44,Female,Silver,Home & Garden,Towel,36.45,51.3,1,51.3,36.45,14.85,963,7.0
TXN-13904,2025-07-25,CUST-0702,27,Female,Gold,Home & Garden,Mug,5.57,9.8,2,19.6,11.14,8.46,615,8.1
TXN-11024,2025-07-25,CUST-0529,33,Female,Regular,Beauty & Health,Lotion,8.66,15.35,1,15.35,8.66,6.69,1085,7.5
TXN-13955,2025-07-25,CUST-0219,24,Male,Regular,Electronics,Mouse,41.17,78.14,1,78.14,41.17,36.97,1041,4.6
TXN-12809,2025-07-25,CUST-0685,28,Female,Regular,Electronics,Mouse,41.17,78.14,2,156.28,82.34,73.94,1111,5.2
TXN-14201,2025-07-25,CUST-0343,37,Female,Regular,Electronics,USB Drive,123.53,158.32,2,316.64,247.06,69.58,1442,5.7
TXN-12623,2025-07-25,CUST-0643,31,Other,Regular,Groceries,Apples,18.31,24.59,1,24.59,18.31,6.28,1556,4.8
TXN-10700,2025-07-25,CUST-0530,18,Male,Silver,Beauty & Health,Shampoo,25.11,45.77,2,91.54,50.22,41.32,991,4.4
TXN-12647,2025-07-25,CUST-0250,20,Female,Regular,Groceries,Pasta,47.29,56.99,2,113.98,94.58,19.4,1137,4.2
TXN-12498,2025-07-25,CUST-0191,44,Male,Regular,Beauty & Health,Shampoo,25.11,45.77,2,91.54,50.22,41.32,880,6.0
TXN-13983,2025-07-25,CUST-0988,52,Female,Regular,Clothing,Jacket,3.47,6.87,1,6.87,3.47,3.4,1195,6.3
TXN-11682,2025-07-26,CUST-0483,18,Male,Silver,Groceries,Apples,18.31,24.59,1,24.59,18.31,6.28,1603,5.1
TXN-13790,2025-07-26,CUST-0809,25,Female,Gold,Clothing,Socks,46.78,72.77,3,218.31,140.34,77.97,1012,8.9
TXN-11318,2025-07-26,CUST-0246,31,Female,Regular,Groceries,Milk,32.13,59.75,1,59.75,32.13,27.62,1127,4.9
TXN-13529,2025-07-26,CUST-0039,23,Female,Gold,Home & Garden,Towel,36.45,51.3,1,51.3,36.45,14.85,730,7.3
TXN-14009,2025-07-26,CUST-0560,25,Male,Silver,Groceries,Pasta,47.29,56.99,10,569.9,472.9,97.0,1056,7.8
TXN-13665,2025-07-26,CUST-0678,43,Female,Regular,Electronics,Mouse,41.17,78.14,2,156.28,82.34,73.94,1057,4.8
TXN-13571,2025-07-26,CUST-0632,24,Male,Silver,Home & Garden,Lamp,30.34,59.03,2,118.06,60.68,57.38,692,7.5
TXN-14473,2025-07-26,CUST-0874,47,Female,Silver,Home & Garden,Plant Pot,34.48,43.76,3,131.28,103.44,27.84,1464,7.3
TXN-11870,2025-07-26,CUST-0986,40,Male,Silver,Groceries,Cereal,40.44,66.69,10,666.9,404.4,262.5,620,6.3
TXN-12219,2025-07-26,CUST-0337,20,Female,Silver,Electronics,USB Drive,123.53,158.32,1,158.32,123.53,34.79,1594,8.5
TXN-13190,2025-07-27,CUST-0138,50,Female,Regular,Groceries,Apples,18.31,24.59,1,24.59,18.31,6.28,1499,4.0
TXN-11761,2025-07-27,CUST-0817,46,Male,Regular,Groceries,Eggs,28.33,56.24,4,224.96,113.32,111.64,1575,7.2
TXN-14910,2025-07-27,CUST-0694,18,Female,Silver,Groceries,Pasta,47.29,56.99,2,113.98,94.58,19.4,1005,6.2
TXN-11939,2025-07-27,CUST-0717,45,Female,Silver,Clothing,Hat,3.72,6.93,5,34.65,18.6,16.05,664,6.9
TXN-13639,2025-07-27,CUST-0057,39,Female,Silver,Home & Garden,Frying Pan,11.59,15.48,3,46.44,34.77,11.67,1607,8.5
TXN-13103,2025-07-27,CUST-0396,18,Male,Silver,Electronics,Keyboard,107.66,156.53,1,156.53,107.66,48.87,671,7.4
TXN-11247,2025-07-27,CUST-0469,35,Female,Regular,Beauty & Health,Face Wash,9.13,14.22,1,14.22,9.13,5.09,1333,7.2
TXN-12587,2025-07-27,CUST-0337,28,Female,Silver,Beauty & Health,Soap,11.95,23.02,3,69.06,35.85,33.21,947,7.3
TXN-10197,2025-07-27,CUST-0098,28,Female,Gold,Groceries,Milk,32.13,59.75,2,119.5,64.26,55.24,1182,8.4
TXN-14791,2025-07-27,CUST-0572,35,Male,Silver,Electronics,Mouse,41.17,78.14,10,781.4,411.7,369.7,969,6.4
TXN-11400,2025-07-27,CUST-0379,23,Female,Regular,Clothing,Hat,3.72,6.93,2,13.86,7.44,6.42,692,4.0
TXN-14149,2025-07-27,CUST-0898,41,Female,Regular,Clothing,Sneakers,20.09,39.7,1,39.7,20.09,19.61,510,7.6
TXN-14121,2025-07-27,CUST-0082,36,Female,Regular,Home & Garden,Lamp,30.34,59.03,1,59.03,30.34,28.69,643,6.7
TXN-13020,2025-07-27,CUST-0167,26,Female,Regular,Groceries,Apples,18.31,24.59,3,73.77,54.93,18.84,1515,6.6
TXN-13144,2025-07-27,CUST-0403,40,Male,Regular,Beauty & Health,Soap,11.95,23.02,1,23.02,11.95,11.07,919,6.5
TXN-14738,2025-07-28,CUST-0958,37,Female,Regular,Groceries,Cereal,40.44,66.69,4,266.76,161.76,105.0,406,7.0
TXN-14413,2025-07-28,CUST-0566,34,Female,Regular,Groceries,Rice,16.47,23.64,3,70.92,49.41,21.51,142,8.0
TXN-14534,2025-07-28,CUST-0134,34,Male,Silver,Electronics,Mouse,41.17,78.14,3,234.42,123.51,110.91,998,5.8
TXN-13304,2025-07-28,CUST-0918,43,Female,Regular,Home & Garden,Plant Pot,34.48,43.76,1,43.76,34.48,9.28,1564,4.0
TXN-12690,2025-07-28,CUST-0516,18,Male,Regular,Clothing,T-Shirt,49.29,89.1,2,178.2,98.58,79.62,508,5.1
TXN-10652,2025-07-28,CUST-0203,45,Male,Regular,Beauty & Health,Shampoo,25.11,45.77,1,45.77,25.11,20.66,994,7.3
TXN-10870,2025-07-28,CUST-0975,50,Male,Silver,Beauty & Health,Vitamins,4.16,7.52,10,75.2,41.6,33.6,1298,5.0
TXN-14322,2025-07-28,CUST-0760,34,Male,Regular,Groceries,Chicken,14.09,25.57,1,25.57,14.09,11.48,1657,4.8
TXN-10218,2025-07-28,CUST-0105,36,Male,Silver,Electronics,Keyboard,107.66,156.53,2,313.06,215.32,97.74,859,5.2
TXN-11533,2025-07-28,CUST-0568,24,Male,Silver,Clothing,T-Shirt,49.29,89.1,1,89.1,49.29,39.81,593,4.4
TXN-10335,2025-07-28,CUST-0136,32,Female,Regular,Home & Garden,Plant Pot,34.48,43.76,1,43.76,34.48,9.28,1811,6.2
TXN-10791,2025-07-28,CUST-0103,36,Male,Gold,Beauty & Health,Vitamins,4.16,7.52,2,15.04,8.32,6.72,1310,7.0
TXN-12430,2025-07-28,CUST-0864,18,Male,Regular,Electronics,USB Drive,123.53,158.32,1,158.32,123.53,34.79,1569,5.7
TXN-13888,2025-07-28,CUST-0409,38,Female,Regular,Home & Garden,Bed Sheets,41.27,74.29,4,297.16,165.08,132.08,1529,8.7
TXN-13366,2025-07-29,CUST-0815,18,Male,Regular,Home & Garden,Plant Pot,34.48,43.76,1,43.76,34.48,9.28,1557,4.5
TXN-11071,2025-07-29,CUST-0583,24,Female,Regular,Groceries,Pasta,47.29,56.99,1,56.99,47.29,9.7,1226,6.5
TXN-11430,2025-07-29,CUST-0061,60,Female,Silver,Clothing,Socks,46.78,72.77,2,145.54,93.56,51.98,1202,7.6
TXN-14767,2025-07-29,CUST-0478,47,Female,Regular,Home & Garden,Plant Pot,34.48,43.76,1,43.76,34.48,9.28,1422,8.2
TXN-12128,2025-07-29,CUST-0019,51,Female,Silver,Clothing,Socks,46.78,72.77,1,72.77,46.78,25.99,1167,7.9
TXN-14061,2025-07-29,CUST-0899,20,Male,Regular,Electronics,Keyboard,107.66,156.53,4,626.12,430.64,195.48,579,4.6
TXN-12699,2025-07-29,CUST-0045,35,Male,Regular,Beauty & Health,Shampoo,25.11,45.77,2,91.54,50.22,41.32,863,5.7
TXN-13146,2025-07-29,CUST-0468,49,Female,Gold,Groceries,Bread,45.02,60.28,4,241.12,180.08,61.04,760,7.1
TXN-14491,2025-07-29,CUST-0522,26,Male,Regular,Electronics,Mouse,41.17,78.14,1,78.14,41.17,36.97,1001,7.9
TXN-14921,2025-07-29,CUST-0450,29,Other,Regular,Home & Garden,Bed Sheets,41.27,74.29,4,297.16,165.08,132.08,1441,7.1
TXN-13682,2025-07-29,CUST-0590,32,Female,Silver,Electronics,Smartwatch,34.96,50.62,2,101.24,69.92,31.32,741,6.4
TXN-10821,2025-07-30,CUST-0180,29,Female,Silver,Groceries,Bread,45.02,60.28,2,120.56,90.04,30.52,948,5.5
TXN-11540,2025-07-30,CUST-0199,37,Female,Regular,Clothing,Jacket,3.47,6.87,1,6.87,3.47,3.4,1441,7.5
TXN-11645,2025-07-30,CUST-0394,50,Female,Regular,Home & Garden,Lamp,30.34,59.03,1,59.03,30.34,28.69,858,3.8
TXN-14780,2025-07-30,CUST-0189,37,Male,Regular,Beauty & Health,Face Wash,9.13,14.22,4,56.88,36.52,20.36,1080,8.6
TXN-12559,2025-07-30,CUST-0857,26,Female,Regular,Clothing,Jacket,3.47,6.87,1,6.87,3.47,3.4,1323,8.1
TXN-10491,2025-07-30,CUST-0003,38,Male,Silver,Home & Garden,Towel,36.45,51.3,1,51.3,36.45,14.85,974,6.4
TXN-11075,2025-07-30,CUST-0486,61,Male,Regular,Beauty & Health,Vitamins,4.16,7.52,2,15.04,8.32,6.72,1274,7.3
TXN-14271,2025-07-30,CUST-0857,51,Male,Regular,Groceries,Rice,16.47,23.64,4,94.56,65.88,28.68,173,6.7
TXN-11980,2025-07-30,CUST-0456,46,Male,Regular,Home & Garden,Lamp,30.34,59.03,10,590.3,303.4,286.9,828,8.2
TXN-13850,2025-07-30,CUST-0478,52,Female,Regular,Home & Garden,Mug,5.57,9.8,1,9.8,5.57,4.23,628,5.6
TXN-13370,2025-07-30,CUST-0572,41,Female,Silver,Beauty & Health,Soap,11.95,23.02,1,23.02,11.95,11.07,909,7.0
TXN-10354,2025-07-30,CUST-0250,27,Male,Regular,Beauty & Health,Lotion,8.66,15.35,3,46.05,25.98,20.07,1114,5.9
TXN-10467,2025-07-30,CUST-0053,54,Female,Regular,Groceries,Chicken,14.09,25.57,1,25.57,14.09,11.48,1906,4.7
TXN-10648,2025-07-30,CUST-0900,18,Male,Regular,Beauty & Health,Vitamins,4.16,7.52,1,7.52,4.16,3.36,1320,5.3
TXN-10125,2025-07-30,CUST-0922,44,Female,Regular,Clothing,Socks,46.78,72.77,2,145.54,93.56,51.98,1295,6.3
TXN-11890,2025-07-30,CUST-0942,39,Female,Regular,Beauty & Health,Face Wash,9.13,14.22,1,14.22,9.13,5.09,1304,5.4
TXN-13574,2025-07-30,CUST-0002,29,Female,Regular,Clothing,Jacket,3.47,6.87,10,68.7,34.7,34.0,1229,7.0
TXN-11014,2025-07-31,CUST-0882,18,Male,Regular,Beauty & Health,Soap,11.95,23.02,1,23.02,11.95,11.07,1053,4.2
TXN-13537,2025-07-31,CUST-0980,22,Other,Silver,Clothing,Sneakers,20.09,39.7,3,119.1,60.27,58.83,546,4.1
TXN-10708,2025-07-31,CUST-0661,55,Male,Regular,Groceries,Milk,32.13,59.75,1,59.75,32.13,27.62,1156,7.9
TXN-11612,2025-07-31,CUST-0254,44,Female,Regular,Home & Garden,Bed Sheets,41.27,74.29,4,297.16,165.08,132.08,1716,5.3
TXN-11236,2025-07-31,CUST-0636,26,Female,Regular,Electronics,USB Drive,123.53,158.32,1,158.32,123.53,34.79,1667,4.4
TXN-13858,2025-07-31,CUST-0376,31,Male,Regular,Clothing,Hat,3.72,6.93,10,69.3,37.2,32.1,564,6.7
TXN-13489,2025-07-31,CUST-0958,40,Male,Regular,Groceries,Pasta,47.29,56.99,1,56.99,47.29,9.7,1085,7.7
TXN-10055,2025-07-31,CUST-0373,36,Male,Silver,Groceries,Rice,16.47,23.64,10,236.4,164.7,71.7,502,9.7
TXN-14122,2025-07-31,CUST-0963,26,Male,Regular,Home & Garden,Lamp,30.34,59.03,2,118.06,60.68,57.38,641,7.1
TXN-12310,2025-07-31,CUST-0010,29,Female,Gold,Groceries,Eggs,28.33,56.24,3,168.72,84.99,83.73,1534,7.6
TXN-13697,2025-07-31,CUST-0398,25,Male,Regular,Electronics,Keyboard,107.66,156.53,3,469.59,322.98,146.61,635,6.5
TXN-11986,2025-07-31,CUST-0465,36,Male,Regular,Electronics,Mouse,41.17,78.14,1,78.14,41.17,36.97,1154,5.3
TXN-14415,2025-07-31,CUST-0143,38,Female,Gold,Electronics,USB Drive,123.53,158.32,4,633.28,494.12,139.16,1417,9.9
TXN-14624,2025-07-31,CUST-0005,46,Male,Silver,Clothing,T-Shirt,49.29,89.1,1,89.1,49.29,39.81,379,6.3
TXN-13606,2025-07-31,CUST-0693,25,Male,Regular,Home & Garden,Bed Sheets,41.27,74.29,1,74.29,41.27,33.02,1559,7.2
TXN-12318,2025-07-31,CUST-0208,34,Female,Regular,Clothing,Jeans,45.05,74.05,2,148.1,90.1,58.0,1554,5.1
TXN-13326,2025-08-01,CUST-0010,32,Female,Regular,Home & Garden,Frying Pan,11.59,15.48,3,46.44,34.77,11.67,1630,7.9
TXN-13042,2025-08-01,CUST-0749,38,Male,Silver,Beauty & Health,Vitamins,4.16,7.52,1,7.52,4.16,3.36,1100,4.7
TXN-14708,2025-08-01,CUST-0851,23,Male,Silver,Clothing,Jacket,3.47,6.87,1,6.87,3.47,3.4,1130,4.9
TXN-13258,2025-08-01,CUST-0581,44,Other,Regular,Groceries,Eggs,28.33,56.24,3,168.72,84.99,83.73,1461,7.9
TXN-11088,2025-08-01,CUST-0658,36,Male,Silver,Clothing,T-Shirt,49.29,89.1,5,445.5,246.45,199.05,632,8.6
TXN-11000,2025-08-01,CUST-0712,47,Female,Silver,Clothing,Hat,3.72,6.93,2,13.86,7.44,6.42,738,6.5
TXN-12003,2025-08-01,CUST-0722,42,Female,Regular,Clothing,Socks,46.78,72.77,1,72.77,46.78,25.99,1176,4.8
TXN-10219,2025-08-01,CUST-0027,32,Male,Regular,Beauty & Health,Shampoo,25.11,45.77,1,45.77,25.11,20.66,1021,7.3
TXN-10776,2025-08-01,CUST-0351,36,Male,Gold,Groceries,Eggs,28.33,56.24,3,168.72,84.99,83.73,1632,9.5
TXN-13619,2025-08-01,CUST-0957,25,Female,Regular,Beauty & Health,Shampoo,25.11,45.77,3,137.31,75.33,61.98,789,3.7
TXN-11198,2025-08-01,CUST-0642,18,Male,Regular,Electronics,Mouse,41.17,78.14,10,781.4,411.7,369.7,1214,8.5
TXN-11874,2025-08-01,CUST-0355,23,Female,Silver,Groceries,Rice,16.47,23.64,1,23.64,16.47,7.17,359,4.8
TXN-11020,2025-08-01,CUST-0508,36,Female,Regular,Home & Garden,Frying Pan,11.59,15.48,1,15.48,11.59,3.89,1791,4.7
TXN-11557,2025-08-01,CUST-0691,46,Female,Regular,Electronics,Headphones,49.93,84.43,2,168.86,99.86,69.0,1228,6.0
TXN-10504,2025-08-01,CUST-0605,45,Male,Regular,Electronics,Charger,85.78,132.44,2,264.88,171.56,93.32,729,5.2
TXN-14208,2025-08-01,CUST-0109,23,Female,Regular,Clothing,T-Shirt,49.29,89.1,10,891.0,492.9,398.1,410,8.3
TXN-13498,2025-08-01,CUST-0148,46,Male,Regular,Electronics,Headphones,49.93,84.43,1,84.43,49.93,34.5,1095,6.5
TXN-11892,2025-08-02,CUST-0533,54,Male,Regular,Beauty & Health,Vitamins,4.16,7.52,1,7.52,4.16,3.36,1200,6.4
TXN-11781,2025-08-02,CUST-0366,50,Male,Silver,Electronics,Smartwatch,34.96,50.62,3,151.86,104.88,46.98,871,6.5
TXN-12673,2025-08-02,CUST-0821,28,Male,Regular,Groceries,Bread,45.02,60.28,4,241.12,180.08,61.04,822,8.1
TXN-14397,2025-08-02,CUST-0080,44,Female,Gold,Electronics,Charger,85.78,132.44,2,264.88,171.56,93.32,448,8.7
TXN-11209,2025-08-02,CUST-0274,31,Female,Regular,Clothing,Hat,3.72,6.93,5,34.65,18.6,16.05,707,8.1
TXN-10646,2025-08-02,CUST-0465,30,Male,Silver,Beauty & Health,Face Wash,9.13,14.22,2,28.44,18.26,10.18,1380,4.7
TXN-11478,2025-08-02,CUST-0503,24,Female,Regular,Groceries,Apples,18.31,24.59,1,24.59,18.31,6.28,1633,5.4
TXN-14827,2025-08-02,CUST-0344,26,Female,Regular,Beauty & Health,Toothpaste,36.38,71.18,3,213.54,109.14,104.4,469,7.5
TXN-10386,2025-08-02,CUST-0371,18,Other,Regular,Home & Garden,Plant Pot,34.48,43.76,1,43.76,34.48,9.28,1802,6.5
TXN-10210,2025-08-02,CUST-0819,47,Male,Regular,Clothing,Socks,46.78,72.77,2,145.54,93.56,51.98,1290,4.1
TXN-12083,2025-08-03,CUST-0911,26,Female,Silver,Beauty & Health,Toothpaste,36.38,71.18,1,71.18,36.38,34.8,700,7.5
TXN-14776,2025-08-03,CUST-0769,41,Female,Regular,Clothing,Jeans,45.05,74.05,3,222.15,135.15,87.0,1355,6.1
TXN-10442,2025-08-03,CUST-0833,18,Male,Regular,Beauty & Health,Soap,11.95,23.02,1,23.02,11.95,11.07,1076,4.5
TXN-14454,2025-08-03,CUST-0782,49,Female,Silver,Clothing,Jeans,45.05,74.05,5,370.25,225.25,145.0,1374,9.3
TXN-13562,2025-08-03,CUST-0113,21,Female,Regular,Home & Garden,Mug,5.57,9.8,2,19.6,11.14,8.46,648,8.1
TXN-14082,2025-08-03,CUST-0756,39,Female,Regular,Clothing,Hat,3.72,6.93,1,6.93,3.72,3.21,560,4.9
TXN-14209,2025-08-03,CUST-0194,32,Male,Regular,Home & Garden,Lamp,30.34,59.03,3,177.09,91.02,86.07,634,4.2
TXN-11274,2025-08-03,CUST-0252,33,Male,Silver,Clothing,Jacket,3.47,6.87,5,34.35,17.35,17.0,1450,5.3
TXN-11813,2025-08-03,CUST-0674,42,Other,Regular,Groceries,Apples,18.31,24.59,1,24.59,18.31,6.28,1598,5.9
TXN-12812,2025-08-03,CUST-0882,22,Male,Regular,Beauty & Health,Shampoo,25.11,45.77,1,45.77,25.11,20.66,855,5.4
TXN-11306,2025-08-03,CUST-0543,30,Male,Regular,Beauty & Health,Face Wash,9.13,14.22,2,28.44,18.26,10.18,1328,5.6
TXN-10541,2025-08-03,CUST-0355,27,Male,Silver,Electronics,USB Drive,123.53,158.32,2,316.64,247.06,69.58,1708,7.0
TXN-14403,2025-08-03,CUST-0264,29,Female,Regular,Groceries,Rice,16.47,23.64,2,47.28,32.94,14.34,145,8.1
TXN-11418,2025-08-03,CUST-0287,54,Male,Gold,Clothing,T-Shirt,49.29,89.1,1,89.1,49.29,39.81,596,6.9
TXN-14612,2025-08-04,CUST-0434,30,Male,Regular,Clothing,Jacket,3.47,6.87,1,6.87,3.47,3.4,1137,5.3
TXN-11598,2025-08-04,CUST-0225,29,Male,Gold,Electronics,Keyboard,107.66,156.53,1,156.53,107.66,48.87,757,7.1
TXN-12472,2025-08-04,CUST-0658,30,Male,Regular,Home & Garden,Mug,5.57,9.8,3,29.4,16.71,12.69,736,7.5
TXN-12084,2025-08-04,CUST-0536,18,Female,Gold,Electronics,Charger,85.78,132.44,1,132.44,85.78,46.66,616,6.2
TXN-11854,2025-08-04,CUST-0206,22,Male,Regular,Electronics,Mouse,41.17,78.14,2,156.28,82.34,73.94,1161,5.7
TXN-10033,2025-08-04,CUST-0970,40,Female,Silver,Groceries,Pasta,47.29,56.99,5,284.95,236.45,48.5,1289,8.4
TXN-12409,2025-08-04,CUST-0359,42,Female,Regular,Clothing,Socks,46.78,72.77,1,72.77,46.78,25.99,1130,6.5
TXN-11878,2025-08-04,CUST-0496,18,Male,Regular,Groceries,Chicken,14.09,25.57,2,51.14,28.18,22.96,1839,4.6
TXN-13943,2025-08-04,CUST-0088,31,Male,Regular,Electronics,Charger,85.78,132.44,10,1324.4,857.8,466.6,481,7.5
TXN-12572,2025-08-04,CUST-0522,53,Female,Silver,Electronics,Mouse,41.17,78.14,2,156.28,82.34,73.94,1134,8.0
TXN-12942,2025-08-04,CUST-0350,44,Other,Regular,Electronics,Keyboard,107.66,156.53,3,469.59,322.98,146.61,676,5.5
TXN-11732,2025-08-04,CUST-0008,47,Female,Regular,Groceries,Rice,16.47,23.64,3,70.92,49.41,21.51,363,7.3
TXN-10568,2025-08-04,CUST-0111,38,Male,Regular,Home & Garden,Towel,36.45,51.3,2,102.6,72.9,29.7,964,4.8
TXN-11811,2025-08-05,CUST-0619,25,Male,Regular,Groceries,Chicken,14.09,25.57,3,76.71,42.27,34.44,1841,7.1
TXN-13980,2025-08-05,CUST-0531,48,Female,Regular,Clothing,Jacket,3.47,6.87,2,13.74,6.94,6.8,1196,7.3
TXN-11822,2025-08-05,CUST-0010,48,Male,Regular,Beauty & Health,Vitamins,4.16,7.52,1,7.52,4.16,3.36,1203,6.0
TXN-12275,2025-08-05,CUST-0421,39,Female,Regular,Home & Garden,Bed Sheets,41.27,74.29,2,148.58,82.54,66.04,1676,4.6
TXN-14568,2025-08-05,CUST-0560,44,Male,Regular,Electronics,Headphones,49.93,84.43,2,168.86,99.86,69.0,1039,4.8
TXN-12363,2025-08-05,CUST-0922,46,Male,Regular,Beauty & Health,Lotion,8.66,15.35,3,46.05,25.98,20.07,994,5.6
TXN-14951,2025-08-05,CUST-0720,25,Female,Silver,Beauty & Health,Shampoo,25.11,45.77,1,45.77,25.11,20.66,699,6.3
TXN-12521,2025-08-05,CUST-0357,42,Female,Regular,Beauty & Health,Vitamins,4.16,7.52,1,7.52,4.16,3.36,1136,4.2
TXN-10600,2025-08-05,CUST-0783,44,Male,Regular,Groceries,Chicken,14.09,25.57,2,51.14,28.18,22.96,1892,6.5
TXN-12672,2025-08-05,CUST-0947,40,Female,Regular,Groceries,Apples,18.31,24.59,3,73.77,54.93,18.84,1551,7.8
TXN-10323,2025-08-05,CUST-0319,56,Female,Regular,Beauty & Health,Shampoo,25.11,45.77,3,137.31,75.33,61.98,1014,7.0
TXN-11465,2025-08-05,CUST-0599,40,Female,Silver,Beauty & Health,Vitamins,4.16,7.52,4,30.08,16.64,13.44,1243,7.1
TXN-12237,2025-08-05,CUST-0633,45,Female,Silver,Beauty & Health,Soap,11.95,23.02,2,46.04,23.9,22.14,972,6.1
TXN-12795,2025-08-05,CUST-0420,46,Female,Silver,Home & Garden,Bed Sheets,41.27,74.29,1,74.29,41.27,33.02,1613,3.6
TXN-14635,2025-08-05,CUST-0571,32,Female,Regular,Groceries,Eggs,28.33,56.24,5,281.2,141.65,139.55,1360,7.8
TXN-12308,2025-08-05,CUST-0331,41,Female,Regular,Beauty & Health,Soap,11.95,23.02,1,23.02,11.95,11.07,965,4.6
TXN-14903,2025-08-06,CUST-0243,50,Female,Silver,Home & Garden,Lamp,30.34,59.03,5,295.15,151.7,143.45,545,7.4
TXN-12041,2025-08-06,CUST-0385,39,Male,Regular,Home & Garden,Mug,5.57,9.8,1,9.8,5.57,4.23,759,6.6
TXN-14748,2025-08-06,CUST-0441,34,Male,Regular,Home & Garden,Lamp,30.34,59.03,4,236.12,121.36,114.76,577,8.0
TXN-10490,2025-08-06,CUST-0358,30,Male,Regular,Clothing,T-Shirt,49.29,89.1,2,178.2,98.58,79.62,663,4.7
TXN-14854,2025-08-06,CUST-0220,36,Male,Regular,Groceries,Cereal,40.44,66.69,5,333.45,202.2,131.25,400,9.4
TXN-11574,2025-08-06,CUST-0055,18,Male,Regular,Home & Garden,Frying Pan,11.59,15.48,1,15.48,11.59,3.89,1738,6.7
TXN-10982,2025-08-06,CUST-0179,36,Female,Silver,Groceries,Chicken,14.09,25.57,1,25.57,14.09,11.48,1872,6.7
TXN-11698,2025-08-06,CUST-0884,38,Male,Regular,Clothing,Socks,46.78,72.77,1,72.77,46.78,25.99,1187,4.7
TXN-10879,2025-08-06,CUST-0160,45,Female,Regular,Home & Garden,Mug,5.57,9.8,2,19.6,11.14,8.46,832,6.6
TXN-14689,2025-08-06,CUST-0713,52,Female,Regular,Clothing,Sneakers,20.09,39.7,1,39.7,20.09,19.61,493,6.6
TXN-12648,2025-08-06,CUST-0421,28,Male,Regular,Clothing,T-Shirt,49.29,89.1,4,356.4,197.16,159.24,513,6.7
TXN-11905,2025-08-06,CUST-0056,43,Female,Silver,Home & Garden,Lamp,30.34,59.03,1,59.03,30.34,28.69,839,7.1
TXN-14721,2025-08-07,CUST-0064,46,Male,Regular,Groceries,Apples,18.31,24.59,1,24.59,18.31,6.28,1398,5.7
TXN-12471,2025-08-07,CUST-0859,39,Male,Regular,Groceries,Pasta,47.29,56.99,1,56.99,47.29,9.7,1148,5.7
TXN-14480,2025-08-07,CUST-0685,46,Female,Gold,Home & Garden,Plant Pot,34.48,43.76,4,175.04,137.92,37.12,1459,9.7
TXN-12465,2025-08-07,CUST-0325,45,Female,Gold,Home & Garden,Lamp,30.34,59.03,1,59.03,30.34,28.69,782,6.5
TXN-11992,2025-08-07,CUST-0330,33,Male,Silver,Groceries,Bread,45.02,60.28,3,180.84,135.06,45.78,871,7.6
TXN-12733,2025-08-07,CUST-0088,56,Male,Regular,Electronics,Keyboard,107.66,156.53,1,156.53,107.66,48.87,695,5.2
TXN-14477,2025-08-07,CUST-0520,18,Female,Silver,Home & Garden,Bed Sheets,41.27,74.29,3,222.87,123.81,99.06,1490,6.7
TXN-14979,2025-08-07,CUST-0387,31,Female,Regular,Beauty & Health,Lotion,8.66,15.35,1,15.35,8.66,6.69,876,7.3
TXN-11931,2025-08-07,CUST-0719,37,Male,Regular,Beauty & Health,Vitamins,4.16,7.52,1,7.52,4.16,3.36,1187,8.1
TXN-11775,2025-08-07,CUST-0836,32,Female,Regular,Groceries,Rice,16.47,23.64,2,47.28,32.94,14.34,361,5.3
TXN-13006,2025-08-07,CUST-0648,31,Male,Silver,Home & Garden,Plant Pot,34.48,43.76,1,43.76,34.48,9.28,1591,6.0
TXN-12630,2025-08-07,CUST-0803,43,Female,Silver,Groceries,Rice,16.47,23.64,1,23.64,16.47,7.17,292,6.4
TXN-13404,2025-08-07,CUST-0654,55,Female,Gold,Clothing,Jacket,3.47,6.87,5,34.35,17.35,17.0,1246,9.1
TXN-14300,2025-08-07,CUST-0865,21,Female,Gold,Electronics,Mouse,41.17,78.14,1,78.14,41.17,36.97,1015,5.3
TXN-13548,2025-08-07,CUST-0306,33,Female,Regular,Electronics,Charger,85.78,132.44,5,662.2,428.9,233.3,509,8.5
TXN-13320,2025-08-07,CUST-0513,25,Male,Regular,Electronics,Headphones,49.93,84.43,1,84.43,49.93,34.5,1102,5.3
TXN-14562,2025-08-07,CUST-0358,29,Male,Regular,Home & Garden,Towel,36.45,51.3,4,205.2,145.8,59.4,637,8.6
TXN-13092,2025-08-08,CUST-0336,30,Female,Regular,Electronics,Mouse,41.17,78.14,10,781.4,411.7,369.7,1094,8.0
TXN-14995,2025-08-08,CUST-0482,29,Female,Regular,Home & Garden,Lamp,30.34,59.03,1,59.03,30.34,28.69,539,6.8
TXN-11036,2025-08-08,CUST-0438,27,Male,Silver,Groceries,Bread,45.02,60.28,1,60.28,45.02,15.26,934,7.0
TXN-14424,2025-08-08,CUST-0878,37,Female,Regular,Home & Garden,Plant Pot,34.48,43.76,3,131.28,103.44,27.84,1475,4.1
TXN-12341,2025-08-08,CUST-0574,40,Female,Gold,Groceries,Pasta,47.29,56.99,2,113.98,94.58,19.4,1150,8.9
TXN-10415,2025-08-08,CUST-0314,38,Female,Regular,Groceries,Milk,32.13,59.75,5,298.75,160.65,138.1,1173,6.5
TXN-14850,2025-08-08,CUST-0771,35,Male,Regular,Groceries,Eggs,28.33,56.24,1,56.24,28.33,27.91,1350,3.8
TXN-12114,2025-08-08,CUST-0282,25,Male,Regular,Electronics,Smartwatch,34.96,50.62,1,50.62,34.96,15.66,856,3.9
TXN-14203,2025-08-08,CUST-0433,53,Male,Regular,Electronics,Mouse,41.17,78.14,2,156.28,82.34,73.94,1019,6.5
TXN-12283,2025-08-08,CUST-0108,20,Female,Regular,Beauty & Health,Vitamins,4.16,7.52,3,22.56,12.48,10.08,1156,6.3
TXN-10326,2025-08-08,CUST-0180,41,Female,Regular,Beauty & Health,Shampoo,25.11,45.77,1,45.77,25.11,20.66,1013,5.5
TXN-14177,2025-08-08,CUST-0883,49,Male,Silver,Electronics,USB Drive,123.53,158.32,1,158.32,123.53,34.79,1444,7.4
TXN-13871,2025-08-08,CUST-0767,18,Male,Regular,Beauty & Health,Vitamins,4.16,7.52,1,7.52,4.16,3.36,1050,6.7
TXN-11729,2025-08-08,CUST-0016,44,Female,Regular,Beauty & Health,Soap,11.95,23.02,1,23.02,11.95,11.07,990,6.0
TXN-10372,2025-08-08,CUST-0855,50,Female,Gold,Electronics,Headphones,49.93,84.43,1,84.43,49.93,34.5,1310,5.4
TXN-13111,2025-08-09,CUST-0014,27,Male,Regular,Home & Garden,Lamp,30.34,59.03,1,59.03,30.34,28.69,724,4.0
TXN-12723,2025-08-09,CUST-0606,20,Male,Regular,Beauty & Health,Face Wash,9.13,14.22,1,14.22,9.13,5.09,1223,6.7
TXN-11187,2025-08-09,CUST-0046,31,Female,Regular,Beauty & Health,Toothpaste,36.38,71.18,1,71.18,36.38,34.8,759,5.1
TXN-11348,2025-08-09,CUST-0939,25,Female,Regular,Beauty & Health,Vitamins,4.16,7.52,10,75.2,41.6,33.6,1256,5.2
TXN-10285,2025-08-09,CUST-0797,42,Female,Regular,Clothing,Hat,3.72,6.93,2,13.86,7.44,6.42,818,4.6
TXN-14839,2025-08-09,CUST-0890,19,Male,Gold,Home & Garden,Lamp,30.34,59.03,4,236.12,121.36,114.76,564,9.6
TXN-11363,2025-08-09,CUST-0338,38,Female,Regular,Home & Garden,Frying Pan,11.59,15.48,1,15.48,11.59,3.89,1742,3.6
TXN-11900,2025-08-09,CUST-0654,47,Male,Regular,Home & Garden,Towel,36.45,51.3,2,102.6,72.9,29.7,851,5.3
TXN-13662,2025-08-09,CUST-0734,37,Male,Regular,Groceries,Chicken,14.09,25.57,1,25.57,14.09,11.48,1713,6.3
TXN-13270,2025-08-09,CUST-0492,41,Female,Regular,Groceries,Bread,45.02,60.28,1,60.28,45.02,15.26,747,7.6
TXN-12231,2025-08-10,CUST-0296,54,Female,Regular,Clothing,Jacket,3.47,6.87,10,68.7,34.7,34.0,1348,6.9
TXN-14382,2025-08-10,CUST-0642,18,Male,Gold,Clothing,T-Shirt,49.29,89.1,1,89.1,49.29,39.81,395,7.2
TXN-13071,2025-08-10,CUST-0441,47,Female,Regular,Clothing,T-Shirt,49.29,89.1,2,178.2,98.58,79.62,471,7.5
TXN-14803,2025-08-10,CUST-0147,29,Female,Silver,Clothing,Hat,3.72,6.93,1,6.93,3.72,3.21,502,4.7
TXN-12043,2025-08-10,CUST-0487,28,Female,Regular,Home & Garden,Lamp,30.34,59.03,1,59.03,30.34,28.69,826,7.0
TXN-13730,2025-08-10,CUST-0014,45,Male,Regular,Groceries,Apples,18.31,24.59,3,73.77,54.93,18.84,1465,8.4
TXN-14704,2025-08-10,CUST-0297,52,Male,Regular,Home & Garden,Plant Pot,34.48,43.76,1,43.76,34.48,9.28,1428,7.4
TXN-12474,2025-08-10,CUST-0458,32,Male,Regular,Beauty & Health,Face Wash,9.13,14.22,1,14.22,9.13,5.09,1237,8.7
TXN-14244,2025-08-10,CUST-0335,38,Male,Silver,Electronics,Charger,85.78,132.44,1,132.44,85.78,46.66,454,5.6
TXN-11315,2025-08-11,CUST-0494,39,Male,Silver,Groceries,Rice,16.47,23.64,1,23.64,16.47,7.17,388,4.0
TXN-13078,2025-08-11,CUST-0431,34,Female,Gold,Clothing,Jeans,45.05,74.05,1,74.05,45.05,29.0,1486,8.4
TXN-12294,2025-08-11,CUST-0623,36,Female,Silver,Electronics,Keyboard,107.66,156.53,1,156.53,107.66,48.87,718,5.5
TXN-12800,2025-08-11,CUST-0210,35,Male,Regular,Clothing,Socks,46.78,72.77,4,291.08,187.12,103.96,1110,5.6
TXN-13535,2025-08-11,CUST-0149,32,Female,Regular,Clothing,Socks,46.78,72.77,5,363.85,233.9,129.95,1050,6.6
TXN-13561,2025-08-11,CUST-0990,18,Female,Regular,Groceries,Milk,32.13,59.75,1,59.75,32.13,27.62,967,7.0
TXN-13577,2025-08-11,CUST-0078,19,Male,Silver,Electronics,Mouse,41.17,78.14,1,78.14,41.17,36.97,1060,8.1
TXN-10474,2025-08-11,CUST-0476,26,Female,Regular,Home & Garden,Towel,36.45,51.3,2,102.6,72.9,29.7,979,4.8
TXN-11059,2025-08-11,CUST-0313,47,Male,Regular,Groceries,Milk,32.13,59.75,1,59.75,32.13,27.62,1142,4.9
TXN-11693,2025-08-11,CUST-0178,32,Male,Regular,Electronics,Smartwatch,34.96,50.62,1,50.62,34.96,15.66,877,4.1
TXN-13956,2025-08-11,CUST-0577,33,Male,Regular,Electronics,Smartwatch,34.96,50.62,1,50.62,34.96,15.66,722,5.5
TXN-11742,2025-08-11,CUST-0093,18,Female,Silver,Electronics,USB Drive,123.53,158.32,10,1583.2,1235.3,347.9,1636,6.7
TXN-10834,2025-08-12,CUST-0175,24,Female,Silver,Clothing,T-Shirt,49.29,89.1,1,89.1,49.29,39.81,647,6.4
TXN-11086,2025-08-12,CUST-0597,36,Female,Silver,Home & Garden,Frying Pan,11.59,15.48,3,46.44,34.77,11.67,1783,7.6
TXN-13495,2025-08-12,CUST-0652,40,Male,Silver,Home & Garden,Mug,5.57,9.8,3,29.4,16.71,12.69,650,8.0
TXN-12305,2025-08-12,CUST-0098,18,Male,Regular,Electronics,Headphones,49.93,84.43,4,337.72,199.72,138.0,1185,4.9
TXN-11592,2025-08-12,CUST-0990,51,Female,Regular,Home & Garden,Plant Pot,34.48,43.76,1,43.76,34.48,9.28,1694,7.0
TXN-11747,2025-08-12,CUST-0746,42,Female,Regular,Electronics,Keyboard,107.66,156.53,2,313.06,215.32,97.74,750,6.0
TXN-12171,2025-08-12,CUST-0937,25,Female,Regular,Clothing,Sneakers,20.09,39.7,1,39.7,20.09,19.61,630,4.9
TXN-11696,2025-08-12,CUST-0332,48,Female,Regular,Groceries,Cereal,40.44,66.69,3,200.07,121.32,78.75,633,5.9
TXN-12716,2025-08-12,CUST-0294,48,Female,Regular,Beauty & Health,Lotion,8.66,15.35,1,15.35,8.66,6.69,980,7.7
TXN-12411,2025-08-12,CUST-0247,54,Female,Silver,Clothing,Socks,46.78,72.77,1,72.77,46.78,25.99,1129,7.2
TXN-12350,2025-08-12,CUST-0384,42,Female,Gold,Home & Garden,Bed Sheets,41.27,74.29,2,148.58,82.54,66.04,1670,7.5
TXN-14056,2025-08-12,CUST-0679,53,Female,Regular,Electronics,Keyboard,107.66,156.53,4,626.12,430.64,195.48,584,7.9
TXN-14983,2025-08-12,CUST-0199,40,Male,Regular,Groceries,Cereal,40.44,66.69,1,66.69,40.44,26.25,384,7.1
TXN-10869,2025-08-13,CUST-0239,45,Female,Regular,Beauty & Health,Soap,11.95,23.02,2,46.04,23.9,22.14,1062,6.4
TXN-13786,2025-08-13,CUST-0420,58,Male,Regular,Home & Garden,Lamp,30.34,59.03,2,118.06,60.68,57.38,667,6.3
TXN-11504,2025-08-13,CUST-0496,34,Male,Regular,Electronics,USB Drive,123.53,158.32,3,474.96,370.59,104.37,1648,6.6
TXN-11272,2025-08-13,CUST-0955,22,Female,Gold,Clothing,Jacket,3.47,6.87,1,6.87,3.47,3.4,1455,9.1
TXN-11162,2025-08-13,CUST-0913,44,Female,Regular,Clothing,Sneakers,20.09,39.7,1,39.7,20.09,19.61,688,8.2
TXN-10263,2025-08-13,CUST-0924,44,Male,Regular,Groceries,Cereal,40.44,66.69,3,200.07,121.32,78.75,755,3.7
TXN-14811,2025-08-13,CUST-0528,18,Female,Regular,Electronics,Mouse,41.17,78.14,1,78.14,41.17,36.97,963,7.0
TXN-14442,2025-08-13,CUST-0429,28,Male,Regular,Electronics,Mouse,41.17,78.14,1,78.14,41.17,36.97,1005,5.0
TXN-13319,2025-08-13,CUST-0987,35,Female,Regular,Groceries,Milk,32.13,59.75,2,119.5,64.26,55.24,985,6.0
TXN-11754,2025-08-13,CUST-0147,49,Male,Silver,Electronics,Keyboard,107.66,156.53,1,156.53,107.66,48.87,749,7.0
TXN-12417,2025-08-13,CUST-0824,40,Female,Regular,Home & Garden,Plant Pot,34.48,43.76,2,87.52,68.96,18.56,1640,5.8
TXN-11437,2025-08-13,CUST-0631,41,Male,Regular,Electronics,Mouse,41.17,78.14,3,234.42,123.51,110.91,1193,6.3
TXN-12342,2025-08-14,CUST-0030,49,Female,Regular,Groceries,Rice,16.47,23.64,1,23.64,16.47,7.17,302,7.0
TXN-14887,2025-08-14,CUST-0420,29,Male,Regular,Clothing,Socks,46.78,72.77,2,145.54,93.56,51.98,937,6.6
TXN-11712,2025-08-14,CUST-0453,73,Male,Silver,Home & Garden,Plant Pot,34.48,43.76,1,43.76,34.48,9.28,1687,7.7
TXN-12609,2025-08-14,CUST-0056,23,Male,Regular,Home & Garden,Frying Pan,11.59,15.48,1,15.48,11.59,3.89,1676,4.2
TXN-11915,2025-08-14,CUST-0312,29,Female,Regular,Beauty & Health,Lotion,8.66,15.35,2,30.7,17.32,13.38,1044,7.0
TXN-14552,2025-08-14,CUST-0241,26,Female,Silver,Groceries,Pasta,47.29,56.99,2,113.98,94.58,19.4,1031,4.7
TXN-12839,2025-08-14,CUST-0845,27,Female,Silver,Beauty & Health,Toothpaste,36.38,71.18,2,142.36,72.76,69.6,632,5.4
TXN-14917,2025-08-14,CUST-0313,33,Male,Silver,Groceries,Chicken,14.09,25.57,4,102.28,56.36,45.92,1601,7.1
TXN-12097,2025-08-15,CUST-0779,18,Female,Regular,Beauty & Health,Face Wash,9.13,14.22,1,14.22,9.13,5.09,1294,7.3
TXN-12066,2025-08-15,CUST-0495,44,Female,Silver,Clothing,Hat,3.72,6.93,2,13.86,7.44,6.42,655,6.5
TXN-14816,2025-08-15,CUST-0923,21,Female,Regular,Electronics,Smartwatch,34.96,50.62,2,101.24,69.92,31.32,635,5.9
TXN-14376,2025-08-15,CUST-0552,22,Female,Gold,Electronics,Keyboard,107.66,156.53,1,156.53,107.66,48.87,540,6.5
TXN-11006,2025-08-15,CUST-0572,58,Female,Gold,Clothing,Sneakers,20.09,39.7,5,198.5,100.45,98.05,699,7.0
TXN-11713,2025-08-15,CUST-0122,54,Female,Silver,Home & Garden,Frying Pan,11.59,15.48,10,154.8,115.9,38.9,1718,8.9
TXN-12802,2025-08-15,CUST-0187,46,Other,Gold,Clothing,T-Shirt,49.29,89.1,1,89.1,49.29,39.81,499,7.4
TXN-10234,2025-08-15,CUST-0877,24,Female,Regular,Beauty & Health,Face Wash,9.13,14.22,2,28.44,18.26,10.18,1417,6.1
TXN-13152,2025-08-15,CUST-0172,27,Male,Gold,Clothing,Jacket,3.47,6.87,2,13.74,6.94,6.8,1264,7.9
TXN-14309,2025-08-15,CUST-0858,42,Female,Silver,Beauty & Health,Toothpaste,36.38,71.18,1,71.18,36.38,34.8,536,4.4
TXN-14522,2025-08-15,CUST-0650,39,Female,Silver,Beauty & Health,Face Wash,9.13,14.22,1,14.22,9.13,5.09,1087,4.9
TXN-14508,2025-08-15,CUST-0513,18,Male,Silver,Beauty & Health,Vitamins,4.16,7.52,5,37.6,20.8,16.8,1014,7.8
TXN-11050,2025-08-15,CUST-0657,33,Female,Regular,Home & Garden,Towel,36.45,51.3,3,153.9,109.35,44.55,907,5.9
TXN-10769,2025-08-15,CUST-0720,32,Male,Regular,Home & Garden,Lamp,30.34,59.03,1,59.03,30.34,28.69,934,4.0
TXN-10003,2025-08-16,CUST-0335,20,Other,Silver,Clothing,Jeans,45.05,74.05,1,74.05,45.05,29.0,1713,5.0
TXN-10157,2025-08-16,CUST-0448,46,Male,Regular,Groceries,Bread,45.02,60.28,2,120.56,90.04,30.52,999,5.7
TXN-10621,2025-08-16,CUST-0813,52,Male,Regular,Groceries,Pasta,47.29,56.99,2,113.98,94.58,19.4,1240,4.8
TXN-11109,2025-08-16,CUST-0539,36,Female,Silver,Groceries,Pasta,47.29,56.99,1,56.99,47.29,9.7,1221,6.6
TXN-10669,2025-08-16,CUST-0022,36,Female,Regular,Clothing,Hat,3.72,6.93,3,20.79,11.16,9.63,793,7.4
TXN-13143,2025-08-16,CUST-0759,18,Male,Gold,Clothing,Jeans,45.05,74.05,5,370.25,225.25,145.0,1476,7.6
TXN-12923,2025-08-16,CUST-0475,39,Female,Silver,Clothing,Hat,3.72,6.93,1,6.93,3.72,3.21,610,5.8
TXN-13164,2025-08-16,CUST-0599,26,Male,Regular,Electronics,Smartwatch,34.96,50.62,1,50.62,34.96,15.66,781,5.1
TXN-13964,2025-08-16,CUST-0251,18,Male,Regular,Beauty & Health,Lotion,8.66,15.35,1,15.35,8.66,6.69,928,5.4
TXN-14302,2025-08-16,CUST-0629,44,Female,Regular,Beauty & Health,Shampoo,25.11,45.77,3,137.31,75.33,61.98,739,7.5
TXN-13403,2025-08-16,CUST-0954,19,Female,Regular,Beauty & Health,Shampoo,25.11,45.77,1,45.77,25.11,20.66,807,7.8
TXN-10673,2025-08-16,CUST-0915,21,Male,Regular,Groceries,Eggs,28.33,56.24,10,562.4,283.3,279.1,1641,8.0
TXN-14761,2025-08-16,CUST-0371,50,Female,Regular,Clothing,Hat,3.72,6.93,1,6.93,3.72,3.21,506,5.2
TXN-10498,2025-08-16,CUST-0952,50,Female,Silver,Beauty & Health,Toothpaste,36.38,71.18,1,71.18,36.38,34.8,821,5.4
TXN-11654,2025-08-16,CUST-0832,55,Female,Gold,Electronics,Smartwatch,34.96,50.62,1,50.62,34.96,15.66,880,7.2
TXN-10037,2025-08-16,CUST-0810,38,Female,Regular,Clothing,Socks,46.78,72.77,1,72.77,46.78,25.99,1304,5.1
TXN-14435,2025-08-16,CUST-0464,26,Male,Regular,Home & Garden,Plant Pot,34.48,43.76,5,218.8,172.4,46.4,1470,5.1
TXN-12719,2025-08-16,CUST-0836,39,Female,Regular,Beauty & Health,Shampoo,25.11,45.77,2,91.54,50.22,41.32,860,6.6
TXN-12538,2025-08-17,CUST-0019,49,Female,Regular,Groceries,Chicken,14.09,25.57,1,25.57,14.09,11.48,1786,5.1
TXN-13920,2025-08-17,CUST-0720,21,Male,Regular,Electronics,Keyboard,107.66,156.53,3,469.59,322.98,146.61,596,5.8
TXN-14198,2025-08-17,CUST-0159,44,Female,Regular,Groceries,Cereal,40.44,66.69,1,66.69,40.44,26.25,441,8.6
TXN-14773,2025-08-17,CUST-0973,28,Male,Silver,Home & Garden,Bed Sheets,41.27,74.29,1,74.29,41.27,33.02,1463,3.8
TXN-12201,2025-08-17,CUST-0645,20,Male,Silver,Groceries,Chicken,14.09,25.57,2,51.14,28.18,22.96,1809,6.7
TXN-10123,2025-08-17,CUST-0788,42,Male,Regular,Electronics,Charger,85.78,132.44,2,264.88,171.56,93.32,757,6.3
TXN-11521,2025-08-17,CUST-0876,26,Female,Regular,Groceries,Apples,18.31,24.59,1,24.59,18.31,6.28,1631,6.5
TXN-14282,2025-08-17,CUST-0956,37,Female,Silver,Beauty & Health,Soap,11.95,23.02,4,92.08,47.8,44.28,858,6.3
TXN-12841,2025-08-17,CUST-0121,33,Female,Regular,Groceries,Eggs,28.33,56.24,1,56.24,28.33,27.91,1499,4.4
TXN-14757,2025-08-17,CUST-0117,45,Female,Silver,Groceries,Milk,32.13,59.75,2,119.5,64.26,55.24,887,4.7
TXN-14607,2025-08-17,CUST-0700,36,Female,Silver,Beauty & Health,Vitamins,4.16,7.52,5,37.6,20.8,16.8,1001,5.7
TXN-10381,2025-08-17,CUST-0028,36,Male,Silver,Home & Garden,Mug,5.57,9.8,3,29.4,16.71,12.69,849,8.9
TXN-13057,2025-08-17,CUST-0465,39,Male,Regular,Beauty & Health,Face Wash,9.13,14.22,3,42.66,27.39,15.27,1192,6.1
TXN-12534,2025-08-17,CUST-0676,20,Male,Silver,Home & Garden,Lamp,30.34,59.03,1,59.03,30.34,28.69,774,7.0
TXN-13271,2025-08-17,CUST-0494,29,Female,Regular,Groceries,Chicken,14.09,25.57,5,127.85,70.45,57.4,1744,8.0
TXN-14019,2025-08-17,CUST-0012,23,Female,Silver,Beauty & Health,Toothpaste,36.38,71.18,1,71.18,36.38,34.8,547,6.8
TXN-13237,2025-08-18,CUST-0271,50,Female,Regular,Groceries,Bread,45.02,60.28,1,60.28,45.02,15.26,749,4.9
TXN-11991,2025-08-18,CUST-0162,44,Female,Regular,Groceries,Chicken,14.09,25.57,10,255.7,140.9,114.8,1828,6.3
TXN-14033,2025-08-18,CUST-0959,43,Male,Regular,Electronics,USB Drive,123.53,158.32,1,158.32,123.53,34.79,1449,4.2
TXN-13383,2025-08-18,CUST-0255,18,Male,Regular,Groceries,Milk,32.13,59.75,1,59.75,32.13,27.62,982,4.6
TXN-10971,2025-08-18,CUST-0618,47,Other,Silver,Clothing,Jacket,3.47,6.87,1,6.87,3.47,3.4,1471,7.0
TXN-11332,2025-08-18,CUST-0470,41,Male,Regular,Electronics,Smartwatch,34.96,50.62,1,50.62,34.96,15.66,910,6.9
TXN-11411,2025-08-18,CUST-0704,46,Female,Regular,Clothing,Jeans,45.05,74.05,4,296.2,180.2,116.0,1617,5.4
TXN-10755,2025-08-18,CUST-0949,39,Female,Silver,Clothing,Sneakers,20.09,39.7,10,397.0,200.9,196.1,724,6.3
TXN-14777,2025-08-18,CUST-0664,22,Female,Regular,Groceries,Apples,18.31,24.59,3,73.77,54.93,18.84,1393,4.8
TXN-14569,2025-08-18,CUST-0030,36,Other,Regular,Beauty & Health,Toothpaste,36.38,71.18,4,284.72,145.52,139.2,493,8.4
TXN-12107,2025-08-18,CUST-0223,51,Male,Regular,Electronics,Headphones,49.93,84.43,3,253.29,149.79,103.5,1192,6.8
TXN-12244,2025-08-18,CUST-0210,39,Male,Silver,Clothing,Socks,46.78,72.77,1,72.77,46.78,25.99,1149,4.4
TXN-11273,2025-08-18,CUST-0343,25,Female,Silver,Beauty & Health,Soap,11.95,23.02,1,23.02,11.95,11.07,1024,6.5
TXN-12136,2025-08-18,CUST-0030,42,Male,Regular,Electronics,Charger,85.78,132.44,1,132.44,85.78,46.66,613,7.1
TXN-13362,2025-08-18,CUST-0297,29,Male,Regular,Home & Garden,Plant Pot,34.48,43.76,4,175.04,137.92,37.12,1558,5.7
TXN-10471,2025-08-18,CUST-0389,26,Male,Regular,Beauty & Health,Lotion,8.66,15.35,2,30.7,17.32,13.38,1112,7.7
TXN-10271,2025-08-18,CUST-0704,46,Other,Gold,Groceries,Bread,45.02,60.28,4,241.12,180.08,61.04,991,9.3
TXN-13505,2025-08-18,CUST-0969,28,Male,Regular,Beauty & Health,Vitamins,4.16,7.52,1,7.52,4.16,3.36,1076,5.8
TXN-14456,2025-08-19,CUST-0030,48,Female,Regular,Clothing,Socks,46.78,72.77,2,145.54,93.56,51.98,971,7.4
TXN-10803,2025-08-19,CUST-0226,35,Other,Silver,Clothing,T-Shirt,49.29,89.1,3,267.3,147.87,119.43,649,6.0
TXN-11760,2025-08-19,CUST-0058,32,Female,Silver,Clothing,Jeans,45.05,74.05,4,296.2,180.2,116.0,1588,8.5
TXN-10168,2025-08-19,CUST-0679,30,Female,Regular,Groceries,Rice,16.47,23.64,1,23.64,16.47,7.17,496,6.9
TXN-13748,2025-08-19,CUST-0645,26,Female,Regular,Groceries,Bread,45.02,60.28,1,60.28,45.02,15.26,677,8.1
TXN-11979,2025-08-19,CUST-0975,40,Female,Regular,Clothing,Hat,3.72,6.93,1,6.93,3.72,3.21,661,6.6
TXN-13140,2025-08-19,CUST-0664,41,Female,Silver,Home & Garden,Frying Pan,11.59,15.48,1,15.48,11.59,3.89,1653,4.9
TXN-12189,2025-08-19,CUST-0497,49,Female,Gold,Groceries,Chicken,14.09,25.57,1,25.57,14.09,11.48,1811,6.5
TXN-12988,2025-08-19,CUST-0489,39,Male,Gold,Groceries,Eggs,28.33,56.24,1,56.24,28.33,27.91,1484,8.5
TXN-12010,2025-08-20,CUST-0685,23,Female,Regular,Beauty & Health,Lotion,8.66,15.35,1,15.35,8.66,6.69,1040,5.5
TXN-11370,2025-08-20,CUST-0189,30,Male,Silver,Groceries,Apples,18.31,24.59,10,245.9,183.1,62.8,1638,6.9
TXN-12779,2025-08-20,CUST-0549,28,Male,Gold,Home & Garden,Mug,5.57,9.8,1,9.8,5.57,4.23,701,7.3
TXN-12007,2025-08-20,CUST-0405,46,Female,Silver,Beauty & Health,Toothpaste,36.38,71.18,2,142.36,72.76,69.6,702,7.4
TXN-11896,2025-08-20,CUST-0773,38,Male,Regular,Beauty & Health,Vitamins,4.16,7.52,2,15.04,8.32,6.72,1198,7.6
TXN-14347,2025-08-20,CUST-0228,38,Male,Gold,Home & Garden,Mug,5.57,9.8,1,9.8,5.57,4.23,594,5.7
TXN-13717,2025-08-20,CUST-0034,37,Female,Regular,Clothing,T-Shirt,49.29,89.1,1,89.1,49.29,39.81,447,5.2
TXN-10569,2025-08-20,CUST-0090,31,Female,Silver,Groceries,Apples,18.31,24.59,1,24.59,18.31,6.28,1720,5.9
TXN-10726,2025-08-20,CUST-0634,27,Female,Silver,Home & Garden,Mug,5.57,9.8,4,39.2,22.28,16.92,839,6.9
TXN-12037,2025-08-20,CUST-0805,40,Male,Regular,Groceries,Pasta,47.29,56.99,1,56.99,47.29,9.7,1164,5.9
TXN-13486,2025-08-20,CUST-0800,39,Male,Silver,Beauty & Health,Vitamins,4.16,7.52,2,15.04,8.32,6.72,1077,6.8
TXN-14183,2025-08-20,CUST-0790,18,Male,Silver,Groceries,Bread,45.02,60.28,3,180.84,135.06,45.78,649,6.7
TXN-10531,2025-08-20,CUST-0203,35,Male,Gold,Groceries,Milk,32.13,59.75,10,597.5,321.3,276.2,1159,6.6
TXN-12207,2025-08-20,CUST-0784,18,Male,Regular,Home & Garden,Mug,5.57,9.8,1,9.8,5.57,4.23,749,6.2
TXN-12160,2025-08-20,CUST-0053,32,Male,Gold,Clothing,Socks,46.78,72.77,10,727.7,467.8,259.9,1156,7.9
TXN-12421,2025-08-21,CUST-0476,41,Female,Regular,Clothing,Sneakers,20.09,39.7,1,39.7,20.09,19.61,616,3.9
TXN-14736,2025-08-21,CUST-0523,23,Female,Silver,Beauty & Health,Toothpaste,36.38,71.18,4,284.72,145.52,139.2,475,9.2
TXN-12552,2025-08-21,CUST-0720,35,Female,Regular,Electronics,Keyboard,107.66,156.53,1,156.53,107.66,48.87,709,6.0
TXN-14674,2025-08-21,CUST-0526,45,Female,Regular,Clothing,Socks,46.78,72.77,3,218.31,140.34,77.97,955,6.7
TXN-11173,2025-08-21,CUST-0668,35,Male,Regular,Groceries,Bread,45.02,60.28,1,60.28,45.02,15.26,925,5.8
TXN-12816,2025-08-21,CUST-0244,18,Other,Regular,Clothing,Socks,46.78,72.77,5,363.85,233.9,129.95,1105,7.7
TXN-11773,2025-08-21,CUST-0096,47,Male,Silver,Clothing,Sneakers,20.09,39.7,2,79.4,40.18,39.22,647,7.7
TXN-13982,2025-08-21,CUST-0717,30,Male,Regular,Groceries,Milk,32.13,59.75,1,59.75,32.13,27.62,951,6.5
TXN-10780,2025-08-21,CUST-0722,41,Female,Silver,Clothing,Jacket,3.47,6.87,2,13.74,6.94,6.8,1489,6.6
TXN-10885,2025-08-21,CUST-0119,44,Other,Regular,Clothing,Hat,3.72,6.93,2,13.86,7.44,6.42,746,6.8
TXN-10184,2025-08-21,CUST-0343,32,Female,Regular,Home & Garden,Towel,36.45,51.3,2,102.6,72.9,29.7,999,6.0
TXN-14581,2025-08-21,CUST-0671,18,Male,Silver,Groceries,Rice,16.47,23.64,2,47.28,32.94,14.34,123,6.5
TXN-10485,2025-08-21,CUST-0541,51,Male,Regular,Electronics,Keyboard,107.66,156.53,2,313.06,215.32,97.74,844,5.4
TXN-12332,2025-08-21,CUST-0094,30,Other,Gold,Beauty & Health,Vitamins,4.16,7.52,3,22.56,12.48,10.08,1152,7.7
TXN-10449,2025-08-22,CUST-0497,30,Male,Silver,Home & Garden,Frying Pan,11.59,15.48,2,30.96,23.18,7.78,1825,4.8
TXN-10583,2025-08-22,CUST-0839,44,Female,Silver,Electronics,USB Drive,123.53,158.32,10,1583.2,1235.3,347.9,1693,7.7
TXN-14276,2025-08-22,CUST-0707,24,Male,Silver,Groceries,Cereal,40.44,66.69,1,66.69,40.44,26.25,439,4.3
TXN-11697,2025-08-22,CUST-0129,32,Male,Regular,Clothing,Jacket,3.47,6.87,10,68.7,34.7,34.0,1395,5.3
TXN-11339,2025-08-22,CUST-0156,23,Female,Silver,Clothing,Sneakers,20.09,39.7,1,39.7,20.09,19.61,668,8.7
TXN-14468,2025-08-22,CUST-0953,28,Male,Regular,Beauty & Health,Toothpaste,36.38,71.18,10,711.8,363.8,348.0,515,9.2
TXN-13648,2025-08-22,CUST-0056,30,Male,Regular,Groceries,Rice,16.47,23.64,2,47.28,32.94,14.34,222,7.8
TXN-14358,2025-08-22,CUST-0253,41,Female,Silver,Electronics,Mouse,41.17,78.14,2,156.28,82.34,73.94,1007,4.7
TXN-11212,2025-08-22,CUST-0599,18,Female,Regular,Beauty & Health,Lotion,8.66,15.35,1,15.35,8.66,6.69,1072,5.9
TXN-10835,2025-08-22,CUST-0446,19,Male,Regular,Clothing,T-Shirt,49.29,89.1,1,89.1,49.29,39.81,646,6.7
TXN-14194,2025-08-22,CUST-0722,52,Female,Silver,Electronics,Headphones,49.93,84.43,1,84.43,49.93,34.5,1050,4.3
TXN-14495,2025-08-22,CUST-0563,38,Female,Regular,Groceries,Eggs,28.33,56.24,1,56.24,28.33,27.91,1373,4.5
TXN-11233,2025-08-22,CUST-0724,39,Female,Regular,Home & Garden,Bed Sheets,41.27,74.29,2,148.58,82.54,66.04,1763,6.4
TXN-11208,2025-08-22,CUST-0326,20,Male,Silver,Clothing,Sneakers,20.09,39.7,4,158.8,80.36,78.44,680,6.2
TXN-10021,2025-08-22,CUST-0228,35,Male,Regular,Home & Garden,Lamp,30.34,59.03,2,118.06,60.68,57.38,1013,6.7
TXN-14786,2025-08-23,CUST-0273,19,Male,Regular,Electronics,Smartwatch,34.96,50.62,3,151.86,104.88,46.98,638,4.4
TXN-14514,2025-08-23,CUST-0678,31,Male,Regular,Beauty & Health,Face Wash,9.13,14.22,1,14.22,9.13,5.09,1088,8.0
TXN-13302,2025-08-23,CUST-0520,29,Male,Regular,Home & Garden,Plant Pot,34.48,43.76,10,437.6,344.8,92.8,1565,7.9
TXN-13433,2025-08-23,CUST-0610,50,Female,Regular,Home & Garden,Frying Pan,11.59,15.48,2,30.96,23.18,7.78,1618,6.8
TXN-10977,2025-08-23,CUST-0318,18,Female,Regular,Groceries,Pasta,47.29,56.99,1,56.99,47.29,9.7,1231,6.0
TXN-10052,2025-08-23,CUST-0368,27,Male,Silver,Groceries,Eggs,28.33,56.24,4,224.96,113.32,111.64,1688,7.9
TXN-11524,2025-08-23,CUST-0125,34,Female,Regular,Electronics,Mouse,41.17,78.14,4,312.56,164.68,147.88,1178,8.0
TXN-13354,2025-08-23,CUST-0480,35,Female,Silver,Groceries,Cereal,40.44,66.69,2,133.38,80.88,52.5,502,5.9
TXN-12355,2025-08-23,CUST-0516,33,Other,Regular,Beauty & Health,Face Wash,9.13,14.22,5,71.1,45.65,25.45,1252,6.7
TXN-14336,2025-08-23,CUST-0614,24,Female,Regular,Groceries,Rice,16.47,23.64,1,23.64,16.47,7.17,148,5.7
TXN-11496,2025-08-23,CUST-0521,25,Female,Regular,Beauty & Health,Toothpaste,36.38,71.18,1,71.18,36.38,34.8,745,6.7
TXN-13218,2025-08-23,CUST-0884,20,Female,Silver,Electronics,Mouse,41.17,78.14,2,156.28,82.34,73.94,1072,5.0
TXN-12987,2025-08-24,CUST-0466,40,Female,Regular,Electronics,USB Drive,123.53,158.32,2,316.64,247.06,69.58,1526,7.9
TXN-14976,2025-08-24,CUST-0751,23,Male,Gold,Home & Garden,Plant Pot,34.48,43.76,1,43.76,34.48,9.28,1409,9.5
TXN-14235,2025-08-24,CUST-0868,25,Female,Regular,Electronics,Smartwatch,34.96,50.62,4,202.48,139.84,62.64,693,6.8
TXN-11958,2025-08-24,CUST-0249,50,Female,Regular,Clothing,Jeans,45.05,74.05,2,148.1,90.1,58.0,1581,4.4
TXN-12838,2025-08-24,CUST-0366,32,Female,Regular,Groceries,Apples,18.31,24.59,2,49.18,36.62,12.56,1534,8.1
TXN-11132,2025-08-24,CUST-0633,22,Female,Silver,Home & Garden,Bed Sheets,41.27,74.29,1,74.29,41.27,33.02,1767,4.5
TXN-12849,2025-08-24,CUST-0968,28,Female,Regular,Electronics,Smartwatch,34.96,50.62,1,50.62,34.96,15.66,818,6.1
TXN-11303,2025-08-24,CUST-0614,39,Female,Gold,Clothing,Hat,3.72,6.93,2,13.86,7.44,6.42,695,7.7
TXN-12024,2025-08-24,CUST-0221,37,Female,Silver,Clothing,T-Shirt,49.29,89.1,1,89.1,49.29,39.81,556,5.2
TXN-10671,2025-08-24,CUST-0231,32,Male,Regular,Clothing,Sneakers,20.09,39.7,3,119.1,60.27,58.83,739,6.6
TXN-10141,2025-08-24,CUST-0182,58,Female,Regular,Home & Garden,Bed Sheets,41.27,74.29,4,297.16,165.08,132.08,1844,8.8
TXN-14606,2025-08-24,CUST-0843,20,Female,Gold,Electronics,Smartwatch,34.96,50.62,1,50.62,34.96,15.66,649,8.6
TXN-11929,2025-08-24,CUST-0341,38,Female,Gold,Clothing,Sneakers,20.09,39.7,1,39.7,20.09,19.61,642,6.7
TXN-11785,2025-08-24,CUST-0250,46,Male,Silver,Electronics,Keyboard,107.66,156.53,2,313.06,215.32,97.74,747,4.3
TXN-10272,2025-08-24,CUST-0673,36,Male,Silver,Electronics,USB Drive,123.53,158.32,4,633.28,494.12,139.16,1731,5.1
TXN-13961,2025-08-25,CUST-0233,37,Male,Gold,Beauty & Health,Lotion,8.66,15.35,4,61.4,34.64,26.76,929,6.6
TXN-14374,2025-08-25,CUST-0108,31,Female,Regular,Beauty & Health,Face Wash,9.13,14.22,1,14.22,9.13,5.09,1090,6.9
TXN-10644,2025-08-25,CUST-0811,42,Female,Silver,Beauty & Health,Shampoo,25.11,45.77,1,45.77,25.11,20.66,995,5.9
TXN-11219,2025-08-25,CUST-0551,38,Male,Regular,Home & Garden,Mug,5.57,9.8,1,9.8,5.57,4.23,812,4.5
TXN-14195,2025-08-25,CUST-0344,44,Female,Regular,Electronics,Keyboard,107.66,156.53,10,1565.3,1076.6,488.7,564,8.1
TXN-13863,2025-08-25,CUST-0917,29,Female,Regular,Electronics,Headphones,49.93,84.43,2,168.86,99.86,69.0,1077,7.8
TXN-12297,2025-08-25,CUST-0079,53,Other,Regular,Groceries,Chicken,14.09,25.57,2,51.14,28.18,22.96,1801,6.0
TXN-14175,2025-08-25,CUST-0483,33,Male,Gold,Groceries,Chicken,14.09,25.57,1,25.57,14.09,11.48,1670,7.5
TXN-11371,2025-08-25,CUST-0289,56,Female,Regular,Groceries,Rice,16.47,23.64,1,23.64,16.47,7.17,385,7.3
TXN-10939,2025-08-25,CUST-0758,41,Male,Silver,Clothing,Hat,3.72,6.93,1,6.93,3.72,3.21,741,6.6
TXN-11507,2025-08-25,CUST-0930,50,Other,Regular,Groceries,Apples,18.31,24.59,1,24.59,18.31,6.28,1632,7.1
TXN-14714,2025-08-25,CUST-0222,40,Female,Regular,Groceries,Milk,32.13,59.75,2,119.5,64.26,55.24,896,7.0
TXN-10318,2025-08-25,CUST-0728,18,Female,Silver,Groceries,Cereal,40.44,66.69,1,66.69,40.44,26.25,750,6.9
TXN-13779,2025-08-25,CUST-0672,23,Other,Regular,Beauty & Health,Vitamins,4.16,7.52,1,7.52,4.16,3.36,1055,6.5
TXN-11426,2025-08-25,CUST-0005,37,Other,Silver,Groceries,Apples,18.31,24.59,1,24.59,18.31,6.28,1637,7.3
TXN-13474,2025-08-25,CUST-0434,52,Female,Silver,Electronics,Headphones,49.93,84.43,1,84.43,49.93,34.5,1098,4.0
TXN-14341,2025-08-25,CUST-0872,27,Male,Regular,Electronics,Keyboard,107.66,156.53,2,313.06,215.32,97.74,552,6.2
TXN-12337,2025-08-25,CUST-0820,33,Other,Silver,Clothing,Hat,3.72,6.93,1,6.93,3.72,3.21,642,5.3
TXN-12571,2025-08-25,CUST-0708,30,Female,Regular,Clothing,Sneakers,20.09,39.7,3,119.1,60.27,58.83,605,7.6
TXN-13703,2025-08-26,CUST-0361,29,Female,Silver,Beauty & Health,Shampoo,25.11,45.77,5,228.85,125.55,103.3,784,8.0
TXN-13322,2025-08-26,CUST-0143,27,Female,Silver,Groceries,Pasta,47.29,56.99,4,227.96,189.16,38.8,1092,5.5
TXN-11278,2025-08-26,CUST-0074,61,Male,Regular,Beauty & Health,Toothpaste,36.38,71.18,4,284.72,145.52,139.2,754,6.2
TXN-14989,2025-08-26,CUST-0666,40,Female,Regular,Groceries,Chicken,14.09,25.57,1,25.57,14.09,11.48,1590,7.8
TXN-10554,2025-08-26,CUST-0959,23,Male,Regular,Clothing,Sneakers,20.09,39.7,2,79.4,40.18,39.22,752,4.8
TXN-10349,2025-08-26,CUST-0304,41,Male,Regular,Groceries,Rice,16.47,23.64,10,236.4,164.7,71.7,479,9.0
TXN-12111,2025-08-26,CUST-0425,34,Male,Regular,Beauty & Health,Face Wash,9.13,14.22,1,14.22,9.13,5.09,1291,6.1
TXN-10331,2025-08-26,CUST-0500,33,Female,Regular,Beauty & Health,Lotion,8.66,15.35,3,46.05,25.98,20.07,1117,6.9
TXN-10741,2025-08-26,CUST-0422,32,Male,Regular,Groceries,Bread,45.02,60.28,3,180.84,135.06,45.78,951,6.3
TXN-10932,2025-08-26,CUST-0354,25,Female,Regular,Groceries,Bread,45.02,60.28,1,60.28,45.02,15.26,940,8.1
TXN-14892,2025-08-26,CUST-0117,22,Male,Regular,Groceries,Eggs,28.33,56.24,10,562.4,283.3,279.1,1338,6.5
TXN-10427,2025-08-26,CUST-0325,56,Female,Silver,Groceries,Bread,45.02,60.28,1,60.28,45.02,15.26,977,5.7
TXN-12495,2025-08-26,CUST-0035,43,Male,Silver,Clothing,Sneakers,20.09,39.7,5,198.5,100.45,98.05,610,6.7
TXN-10730,2025-08-26,CUST-0672,18,Male,Regular,Groceries,Apples,18.31,24.59,2,49.18,36.62,12.56,1702,8.0
TXN-13745,2025-08-26,CUST-0784,39,Male,Regular,Home & Garden,Plant Pot,34.48,43.76,1,43.76,34.48,9.28,1535,3.8
TXN-14312,2025-08-26,CUST-0581,28,Female,Regular,Groceries,Rice,16.47,23.64,4,94.56,65.88,28.68,149,6.5
TXN-11968,2025-08-26,CUST-0674,44,Female,Regular,Home & Garden,Plant Pot,34.48,43.76,1,43.76,34.48,9.28,1669,6.0
TXN-10906,2025-08-26,CUST-0071,43,Female,Regular,Electronics,Keyboard,107.66,156.53,1,156.53,107.66,48.87,812,8.4
TXN-10367,2025-08-26,CUST-0492,53,Female,Regular,Groceries,Eggs,28.33,56.24,1,56.24,28.33,27.91,1682,4.3
TXN-13417,2025-08-26,CUST-0757,40,Female,Silver,Beauty & Health,Shampoo,25.11,45.77,5,228.85,125.55,103.3,802,6.6
TXN-12439,2025-08-26,CUST-0752,35,Female,Silver,Groceries,Cereal,40.44,66.69,1,66.69,40.44,26.25,599,3.6
TXN-10961,2025-08-27,CUST-0812,33,Male,Regular,Clothing,Sneakers,20.09,39.7,1,39.7,20.09,19.61,711,4.4
TXN-11045,2025-08-27,CUST-0604,52,Male,Regular,Clothing,Sneakers,20.09,39.7,4,158.8,80.36,78.44,695,6.5
TXN-10561,2025-08-27,CUST-0314,31,Male,Regular,Electronics,USB Drive,123.53,158.32,5,791.6,617.65,173.95,1703,5.4
TXN-11372,2025-08-27,CUST-0099,66,Male,Regular,Groceries,Bread,45.02,60.28,1,60.28,45.02,15.26,921,6.7
TXN-10612,2025-08-27,CUST-0576,40,Female,Gold,Beauty & Health,Vitamins,4.16,7.52,1,7.52,4.16,3.36,1321,5.9
TXN-11316,2025-08-27,CUST-0556,50,Female,Silver,Home & Garden,Bed Sheets,41.27,74.29,2,148.58,82.54,66.04,1757,5.0
TXN-10768,2025-08-27,CUST-0614,20,Male,Gold,Groceries,Eggs,28.33,56.24,5,281.2,141.65,139.55,1635,8.1
TXN-14637,2025-08-27,CUST-0665,55,Female,Gold,Beauty & Health,Vitamins,4.16,7.52,4,30.08,16.64,13.44,993,8.9
TXN-13272,2025-08-27,CUST-0834,18,Other,Regular,Electronics,Headphones,49.93,84.43,5,422.15,249.65,172.5,1109,7.0
TXN-12348,2025-08-27,CUST-0065,51,Male,Regular,Groceries,Cereal,40.44,66.69,2,133.38,80.88,52.5,606,8.7
TXN-11932,2025-08-27,CUST-0083,46,Female,Regular,Electronics,Charger,85.78,132.44,1,132.44,85.78,46.66,631,4.5
TXN-10373,2025-08-27,CUST-0150,26,Male,Regular,Clothing,Jeans,45.05,74.05,1,74.05,45.05,29.0,1680,5.9
TXN-14076,2025-08-27,CUST-0111,43,Female,Gold,Clothing,Socks,46.78,72.77,1,72.77,46.78,25.99,1000,5.9
TXN-13771,2025-08-27,CUST-0098,33,Female,Silver,Electronics,Keyboard,107.66,156.53,5,782.65,538.3,244.35,604,6.2
TXN-10358,2025-08-27,CUST-0144,29,Male,Silver,Home & Garden,Frying Pan,11.59,15.48,1,15.48,11.59,3.89,1832,4.5
TXN-12514,2025-08-27,CUST-0052,31,Female,Regular,Electronics,Charger,85.78,132.44,4,529.76,343.12,186.64,596,6.1
TXN-11435,2025-08-27,CUST-0216,18,Female,Regular,Home & Garden,Bed Sheets,41.27,74.29,1,74.29,41.27,33.02,1736,7.5
TXN-10406,2025-08-27,CUST-0272,25,Male,Gold,Home & Garden,Mug,5.57,9.8,1,9.8,5.57,4.23,847,10.0
TXN-13991,2025-08-27,CUST-0389,54,Male,Regular,Clothing,Sneakers,20.09,39.7,1,39.7,20.09,19.61,525,8.3
TXN-10762,2025-08-27,CUST-0117,43,Female,Gold,Clothing,Jacket,3.47,6.87,3,20.61,10.41,10.2,1492,7.6
TXN-10379,2025-08-27,CUST-0126,54,Female,Gold,Groceries,Bread,45.02,60.28,2,120.56,90.04,30.52,985,5.6
TXN-13342,2025-08-28,CUST-0935,18,Female,Silver,Electronics,USB Drive,123.53,158.32,1,158.32,123.53,34.79,1505,3.4
TXN-13660,2025-08-28,CUST-0108,42,Female,Regular,Beauty & Health,Face Wash,9.13,14.22,2,28.44,18.26,10.18,1142,6.9
TXN-14961,2025-08-28,CUST-0272,52,Female,Regular,Groceries,Chicken,14.09,25.57,1,25.57,14.09,11.48,1591,5.0
TXN-10312,2025-08-28,CUST-0313,18,Female,Gold,Beauty & Health,Vitamins,4.16,7.52,1,7.52,4.16,3.36,1331,6.4
TXN-13378,2025-08-28,CUST-0797,44,Female,Regular,Groceries,Bread,45.02,60.28,1,60.28,45.02,15.26,717,5.9
TXN-13434,2025-08-28,CUST-0608,20,Male,Regular,Electronics,Smartwatch,34.96,50.62,1,50.62,34.96,15.66,755,7.4
TXN-10988,2025-08-28,CUST-0556,20,Male,Silver,Groceries,Milk,32.13,59.75,3,179.25,96.39,82.86,1146,5.6
TXN-11269,2025-08-28,CUST-0354,39,Male,Silver,Home & Garden,Bed Sheets,41.27,74.29,4,297.16,165.08,132.08,1759,5.7
TXN-10360,2025-08-28,CUST-0398,50,Male,Regular,Home & Garden,Mug,5.57,9.8,2,19.6,11.14,8.46,855,3.8
TXN-13407,2025-08-28,CUST-0646,26,Male,Gold,Electronics,Smartwatch,34.96,50.62,4,202.48,139.84,62.64,761,7.2
TXN-14537,2025-08-28,CUST-0039,31,Male,Regular,Home & Garden,Mug,5.57,9.8,5,49.0,27.85,21.15,565,6.6
TXN-10893,2025-08-28,CUST-0267,18,Female,Silver,Beauty & Health,Lotion,8.66,15.35,3,46.05,25.98,20.07,1086,7.0
TXN-13661,2025-08-29,CUST-0627,18,Male,Regular,Clothing,Jeans,45.05,74.05,10,740.5,450.5,290.0,1428,6.0
TXN-13586,2025-08-29,CUST-0463,32,Male,Regular,Electronics,Keyboard,107.66,156.53,1,156.53,107.66,48.87,644,8.1
TXN-10361,2025-08-29,CUST-0316,32,Other,Regular,Beauty & Health,Face Wash,9.13,14.22,1,14.22,9.13,5.09,1409,4.7
TXN-10580,2025-08-29,CUST-0141,33,Male,Silver,Groceries,Apples,18.31,24.59,2,49.18,36.62,12.56,1718,7.2
TXN-11690,2025-08-29,CUST-0644,34,Female,Silver,Beauty & Health,Vitamins,4.16,7.52,2,15.04,8.32,6.72,1224,7.1
TXN-13256,2025-08-29,CUST-0716,26,Female,Silver,Home & Garden,Frying Pan,11.59,15.48,4,61.92,46.36,15.56,1634,5.5
TXN-11777,2025-08-29,CUST-0130,32,Other,Regular,Beauty & Health,Face Wash,9.13,14.22,2,28.44,18.26,10.18,1306,6.5
TXN-11201,2025-08-29,CUST-0354,53,Female,Regular,Clothing,Sneakers,20.09,39.7,4,158.8,80.36,78.44,684,4.9
TXN-14266,2025-08-29,CUST-0276,36,Male,Regular,Groceries,Chicken,14.09,25.57,10,255.7,140.9,114.8,1659,8.2
TXN-13179,2025-08-29,CUST-0513,32,Female,Regular,Beauty & Health,Toothpaste,36.38,71.18,1,71.18,36.38,34.8,605,6.4
TXN-12378,2025-08-30,CUST-0553,45,Female,Silver,Electronics,Headphones,49.93,84.43,1,84.43,49.93,34.5,1177,6.4
TXN-10901,2025-08-30,CUST-0440,24,Male,Regular,Clothing,Sneakers,20.09,39.7,2,79.4,40.18,39.22,717,4.2
TXN-14530,2025-08-30,CUST-0878,28,Female,Regular,Clothing,Jeans,45.05,74.05,1,74.05,45.05,29.0,1366,8.3
TXN-14100,2025-08-30,CUST-0701,18,Female,Gold,Electronics,Headphones,49.93,84.43,1,84.43,49.93,34.5,1067,7.1
TXN-14386,2025-08-30,CUST-0877,31,Male,Gold,Clothing,Jacket,3.47,6.87,2,13.74,6.94,6.8,1166,5.6
TXN-12023,2025-08-30,CUST-0127,23,Male,Silver,Clothing,Jacket,3.47,6.87,1,6.87,3.47,3.4,1368,4.6
TXN-12528,2025-08-30,CUST-0393,49,Female,Gold,Groceries,Milk,32.13,59.75,1,59.75,32.13,27.62,1031,10.0
TXN-10432,2025-08-30,CUST-0901,30,Male,Gold,Electronics,USB Drive,123.53,158.32,2,316.64,247.06,69.58,1724,7.9
TXN-14034,2025-08-30,CUST-0180,40,Male,Silver,Home & Garden,Lamp,30.34,59.03,5,295.15,151.7,143.45,649,6.8
TXN-10984,2025-08-30,CUST-0212,29,Male,Regular,Clothing,Sneakers,20.09,39.7,3,119.1,60.27,58.83,706,6.8
TXN-11509,2025-08-30,CUST-0909,27,Female,Regular,Clothing,Socks,46.78,72.77,1,72.77,46.78,25.99,1195,7.1
TXN-14118,2025-08-30,CUST-0131,19,Other,Regular,Home & Garden,Towel,36.45,51.3,2,102.6,72.9,29.7,687,6.5
TXN-14860,2025-08-31,CUST-0524,35,Male,Silver,Electronics,USB Drive,123.53,158.32,2,316.64,247.06,69.58,1401,6.0
TXN-11008,2025-08-31,CUST-0094,48,Female,Regular,Electronics,Keyboard,107.66,156.53,3,469.59,322.98,146.61,806,6.7
TXN-13355,2025-08-31,CUST-0902,18,Male,Regular,Groceries,Eggs,28.33,56.24,1,56.24,28.33,27.91,1451,7.3
TXN-11005,2025-08-31,CUST-0625,41,Female,Gold,Groceries,Rice,16.47,23.64,1,23.64,16.47,7.17,411,7.7
TXN-10992,2025-08-31,CUST-0636,43,Male,Regular,Electronics,Smartwatch,34.96,50.62,1,50.62,34.96,15.66,944,7.1
TXN-10011,2025-08-31,CUST-0343,21,Female,Gold,Beauty & Health,Shampoo,25.11,45.77,5,228.85,125.55,103.3,1043,7.9
TXN-13604,2025-08-31,CUST-0364,18,Female,Regular,Groceries,Rice,16.47,23.64,2,47.28,32.94,14.34,224,4.5
TXN-10790,2025-08-31,CUST-0171,44,Female,Regular,Groceries,Milk,32.13,59.75,1,59.75,32.13,27.62,1150,7.5
TXN-10201,2025-08-31,CUST-0860,45,Female,Regular,Groceries,Apples,18.31,24.59,10,245.9,183.1,62.8,1740,6.0
TXN-10604,2025-08-31,CUST-0033,43,Male,Regular,Electronics,Mouse,41.17,78.14,1,78.14,41.17,36.97,1264,7.0
TXN-13331,2025-08-31,CUST-0382,29,Female,Regular,Beauty & Health,Soap,11.95,23.02,1,23.02,11.95,11.07,912,7.4
TXN-12202,2025-09-01,CUST-0874,27,Female,Silver,Groceries,Eggs,28.33,56.24,2,112.48,56.66,55.82,1544,3.8
TXN-10914,2025-09-01,CUST-0341,46,Female,Gold,Groceries,Rice,16.47,23.64,2,47.28,32.94,14.34,417,8.6
TXN-11438,2025-09-01,CUST-0983,19,Female,Regular,Beauty & Health,Face Wash,9.13,14.22,1,14.22,9.13,5.09,1318,7.0
TXN-10479,2025-09-01,CUST-0097,18,Female,Regular,Beauty & Health,Toothpaste,36.38,71.18,1,71.18,36.38,34.8,822,7.4
TXN-10548,2025-09-01,CUST-0286,32,Male,Regular,Electronics,Smartwatch,34.96,50.62,1,50.62,34.96,15.66,965,6.7
TXN-13994,2025-09-01,CUST-0613,27,Female,Silver,Beauty & Health,Vitamins,4.16,7.52,1,7.52,4.16,3.36,1043,5.0
TXN-10314,2025-09-01,CUST-0703,18,Female,Regular,Clothing,Socks,46.78,72.77,1,72.77,46.78,25.99,1282,5.8
TXN-14559,2025-09-01,CUST-0905,23,Female,Regular,Groceries,Bread,45.02,60.28,1,60.28,45.02,15.26,622,6.1
TXN-14609,2025-09-01,CUST-0712,43,Female,Regular,Home & Garden,Bed Sheets,41.27,74.29,2,148.58,82.54,66.04,1475,6.6
TXN-12073,2025-09-01,CUST-0774,33,Female,Regular,Beauty & Health,Vitamins,4.16,7.52,1,7.52,4.16,3.36,1175,8.4
TXN-14421,2025-09-01,CUST-0393,18,Female,Regular,Home & Garden,Mug,5.57,9.8,5,49.0,27.85,21.15,584,7.6
TXN-13962,2025-09-01,CUST-0945,35,Male,Regular,Groceries,Milk,32.13,59.75,2,119.5,64.26,55.24,955,6.7
TXN-11918,2025-09-01,CUST-0353,35,Female,Silver,Groceries,Bread,45.02,60.28,2,120.56,90.04,30.52,878,5.9
TXN-14893,2025-09-02,CUST-0761,48,Male,Regular,Clothing,T-Shirt,49.29,89.1,2,178.2,98.58,79.62,355,5.4
TXN-12374,2025-09-02,CUST-0854,22,Male,Regular,Electronics,Headphones,49.93,84.43,5,422.15,249.65,172.5,1178,6.3
TXN-11310,2025-09-02,CUST-0141,52,Female,Silver,Home & Garden,Lamp,30.34,59.03,1,59.03,30.34,28.69,895,6.7
TXN-12233,2025-09-02,CUST-0517,37,Female,Gold,Beauty & Health,Toothpaste,36.38,71.18,4,284.72,145.52,139.2,681,7.6
TXN-12130,2025-09-02,CUST-0458,26,Male,Regular,Clothing,Jeans,45.05,74.05,1,74.05,45.05,29.0,1567,6.6
TXN-12780,2025-09-02,CUST-0439,28,Female,Regular,Home & Garden,Towel,36.45,51.3,2,102.6,72.9,29.7,801,5.1
TXN-14908,2025-09-02,CUST-0510,42,Male,Silver,Beauty & Health,Face Wash,9.13,14.22,4,56.88,36.52,20.36,1062,8.4
TXN-14150,2025-09-02,CUST-0449,46,Male,Regular,Electronics,Mouse,41.17,78.14,5,390.7,205.85,184.85,1026,4.5
TXN-14162,2025-09-02,CUST-0038,24,Female,Regular,Home & Garden,Plant Pot,34.48,43.76,1,43.76,34.48,9.28,1503,8.0
TXN-12138,2025-09-02,CUST-0922,36,Female,Silver,Groceries,Chicken,14.09,25.57,1,25.57,14.09,11.48,1814,5.2
TXN-10104,2025-09-02,CUST-0746,36,Female,Regular,Groceries,Rice,16.47,23.64,1,23.64,16.47,7.17,501,3.6
TXN-12296,2025-09-02,CUST-0101,32,Male,Silver,Groceries,Eggs,28.33,56.24,1,56.24,28.33,27.91,1537,7.5
TXN-10502,2025-09-02,CUST-0283,49,Female,Silver,Home & Garden,Towel,36.45,51.3,3,153.9,109.35,44.55,971,7.9
TXN-12145,2025-09-02,CUST-0108,26,Female,Silver,Clothing,Hat,3.72,6.93,2,13.86,7.44,6.42,649,4.6
TXN-14521,2025-09-03,CUST-0597,18,Male,Regular,Home & Garden,Towel,36.45,51.3,2,102.6,72.9,29.7,643,6.5
TXN-11633,2025-09-03,CUST-0384,34,Female,Silver,Home & Garden,Lamp,30.34,59.03,1,59.03,30.34,28.69,859,4.5
TXN-12047,2025-09-03,CUST-0831,27,Female,Silver,Home & Garden,Bed Sheets,41.27,74.29,4,297.16,165.08,132.08,1682,5.9
TXN-12270,2025-09-03,CUST-0881,42,Other,Regular,Beauty & Health,Toothpaste,36.38,71.18,2,142.36,72.76,69.6,674,4.8
TXN-11946,2025-09-03,CUST-0360,25,Female,Regular,Beauty & Health,Soap,11.95,23.02,4,92.08,47.8,44.28,981,4.7
TXN-14699,2025-09-03,CUST-0049,50,Male,Regular,Clothing,Sneakers,20.09,39.7,1,39.7,20.09,19.61,492,5.3
TXN-13496,2025-09-03,CUST-0967,48,Male,Regular,Beauty & Health,Lotion,8.66,15.35,1,15.35,8.66,6.69,945,7.6
TXN-10714,2025-09-03,CUST-0851,45,Female,Gold,Electronics,Keyboard,107.66,156.53,3,469.59,322.98,146.61,826,6.9
TXN-14771,2025-09-03,CUST-0495,30,Female,Regular,Clothing,Hat,3.72,6.93,1,6.93,3.72,3.21,505,6.5
TXN-11815,2025-09-03,CUST-0562,20,Male,Regular,Clothing,Jeans,45.05,74.05,2,148.1,90.1,58.0,1583,5.2
TXN-13772,2025-09-03,CUST-0826,44,Male,Regular,Electronics,Mouse,41.17,78.14,1,78.14,41.17,36.97,1049,5.1
TXN-14280,2025-09-03,CUST-0950,39,Female,Regular,Clothing,Socks,46.78,72.77,1,72.77,46.78,25.99,987,5.8
TXN-14555,2025-09-03,CUST-0867,44,Female,Regular,Groceries,Eggs,28.33,56.24,1,56.24,28.33,27.91,1370,4.1
TXN-10275,2025-09-03,CUST-0706,34,Other,Regular,Groceries,Pasta,47.29,56.99,2,113.98,94.58,19.4,1268,6.4
TXN-11789,2025-09-03,CUST-0058,29,Male,Regular,Home & Garden,Lamp,30.34,59.03,2,118.06,60.68,57.38,850,5.4
TXN-11867,2025-09-03,CUST-0163,30,Female,Regular,Home & Garden,Lamp,30.34,59.03,3,177.09,91.02,86.07,845,7.2
TXN-10450,2025-09-03,CUST-0428,26,Male,Silver,Clothing,T-Shirt,49.29,89.1,1,89.1,49.29,39.81,668,6.9
TXN-14145,2025-09-03,CUST-0967,61,Male,Silver,Home & Garden,Plant Pot,34.48,43.76,2,87.52,68.96,18.56,1505,3.9
TXN-14622,2025-09-04,CUST-0444,42,Male,Regular,Electronics,Mouse,41.17,78.14,1,78.14,41.17,36.97,988,6.6
TXN-14213,2025-09-04,CUST-0773,22,Male,Gold,Clothing,T-Shirt,49.29,89.1,2,178.2,98.58,79.62,408,7.5
TXN-14542,2025-09-04,CUST-0623,38,Male,Silver,Electronics,Smartwatch,34.96,50.62,10,506.2,349.6,156.6,656,9.0
TXN-10400,2025-09-04,CUST-0776,29,Male,Regular,Home & Garden,Mug,5.57,9.8,1,9.8,5.57,4.23,848,6.2
TXN-10663,2025-09-04,CUST-0650,25,Female,Gold,Groceries,Chicken,14.09,25.57,1,25.57,14.09,11.48,1886,6.7
TXN-13875,2025-09-04,CUST-0133,45,Male,Regular,Groceries,Eggs,28.33,56.24,4,224.96,113.32,111.64,1416,4.8
TXN-11971,2025-09-04,CUST-0130,35,Male,Regular,Clothing,Jacket,3.47,6.87,1,6.87,3.47,3.4,1371,7.0
TXN-14783,2025-09-04,CUST-0245,18,Male,Silver,Home & Garden,Plant Pot,34.48,43.76,1,43.76,34.48,9.28,1421,6.0
TXN-13608,2025-09-04,CUST-0998,35,Female,Regular,Groceries,Chicken,14.09,25.57,4,102.28,56.36,45.92,1721,5.6
TXN-13359,2025-09-04,CUST-0955,32,Female,Regular,Groceries,Eggs,28.33,56.24,2,112.48,56.66,55.82,1449,7.2
TXN-12279,2025-09-04,CUST-0167,22,Female,Regular,Beauty & Health,Soap,11.95,23.02,1,23.02,11.95,11.07,966,3.9
TXN-12825,2025-09-04,CUST-0344,23,Male,Silver,Groceries,Chicken,14.09,25.57,1,25.57,14.09,11.48,1769,4.2
TXN-10552,2025-09-05,CUST-0132,57,Male,Regular,Clothing,Jeans,45.05,74.05,1,74.05,45.05,29.0,1659,7.5
TXN-10337,2025-09-05,CUST-0683,42,Other,Regular,Home & Garden,Bed Sheets,41.27,74.29,2,148.58,82.54,66.04,1827,5.2
TXN-11855,2025-09-05,CUST-0282,21,Female,Regular,Electronics,USB Drive,123.53,158.32,4,633.28,494.12,139.16,1629,5.4
TXN-13990,2025-09-05,CUST-0989,43,Female,Silver,Electronics,Charger,85.78,132.44,5,662.2,428.9,233.3,471,6.4
TXN-12196,2025-09-05,CUST-0014,40,Female,Regular,Electronics,Smartwatch,34.96,50.62,2,101.24,69.92,31.32,850,8.1
TXN-10046,2025-09-05,CUST-0569,27,Female,Silver,Home & Garden,Lamp,30.34,59.03,1,59.03,30.34,28.69,1012,6.6
TXN-13847,2025-09-05,CUST-0900,20,Male,Regular,Groceries,Cereal,40.44,66.69,3,200.07,121.32,78.75,464,5.7
TXN-11631,2025-09-05,CUST-0719,50,Male,Silver,Clothing,Jeans,45.05,74.05,3,222.15,135.15,87.0,1594,5.4
TXN-13151,2025-09-05,CUST-0536,20,Other,Regular,Electronics,Smartwatch,34.96,50.62,1,50.62,34.96,15.66,782,7.2
TXN-13922,2025-09-05,CUST-0525,18,Other,Regular,Electronics,USB Drive,123.53,158.32,1,158.32,123.53,34.79,1459,3.2
TXN-10132,2025-09-06,CUST-0320,43,Male,Regular,Home & Garden,Bed Sheets,41.27,74.29,1,74.29,41.27,33.02,1848,7.2
TXN-13926,2025-09-06,CUST-0379,33,Female,Silver,Electronics,USB Drive,123.53,158.32,1,158.32,123.53,34.79,1458,4.9
TXN-13553,2025-09-06,CUST-0283,27,Male,Regular,Home & Garden,Plant Pot,34.48,43.76,2,87.52,68.96,18.56,1541,6.1
TXN-12100,2025-09-06,CUST-0836,42,Male,Gold,Home & Garden,Plant Pot,34.48,43.76,4,175.04,137.92,37.12,1658,6.9
TXN-12597,2025-09-06,CUST-0325,30,Male,Silver,Home & Garden,Towel,36.45,51.3,1,51.3,36.45,14.85,814,5.1
TXN-11476,2025-09-06,CUST-0484,32,Male,Regular,Clothing,T-Shirt,49.29,89.1,1,89.1,49.29,39.81,594,6.7
TXN-14886,2025-09-06,CUST-0559,47,Male,Silver,Groceries,Apples,18.31,24.59,1,24.59,18.31,6.28,1381,4.4
TXN-11139,2025-09-06,CUST-0943,27,Male,Regular,Clothing,Jeans,45.05,74.05,1,74.05,45.05,29.0,1634,7.4
TXN-10544,2025-09-06,CUST-0132,18,Male,Regular,Home & Garden,Plant Pot,34.48,43.76,2,87.52,68.96,18.56,1790,7.8
TXN-14659,2025-09-06,CUST-0780,39,Male,Silver,Clothing,T-Shirt,49.29,89.1,1,89.1,49.29,39.81,375,6.0
TXN-10126,2025-09-06,CUST-0347,18,Male,Regular,Beauty & Health,Vitamins,4.16,7.52,3,22.56,12.48,10.08,1342,5.0
TXN-11743,2025-09-06,CUST-0972,31,Male,Regular,Electronics,Headphones,49.93,84.43,1,84.43,49.93,34.5,1214,4.3
TXN-13903,2025-09-06,CUST-0899,18,Female,Regular,Electronics,USB Drive,123.53,158.32,4,633.28,494.12,139.16,1460,9.2
TXN-10716,2025-09-06,CUST-0919,68,Other,Regular,Electronics,Charger,85.78,132.44,2,264.88,171.56,93.32,713,4.3
TXN-13037,2025-09-06,CUST-0574,18,Male,Silver,Clothing,Jacket,3.47,6.87,4,27.48,13.88,13.6,1280,7.3
TXN-14661,2025-09-06,CUST-0079,30,Female,Silver,Electronics,Headphones,49.93,84.43,1,84.43,49.93,34.5,1028,5.1
TXN-14866,2025-09-06,CUST-0022,24,Male,Silver,Beauty & Health,Lotion,8.66,15.35,5,76.75,43.3,33.45,880,7.7
TXN-10173,2025-09-07,CUST-0064,23,Male,Regular,Groceries,Pasta,47.29,56.99,1,56.99,47.29,9.7,1280,5.3
TXN-11353,2025-09-07,CUST-0560,18,Male,Silver,Beauty & Health,Lotion,8.66,15.35,1,15.35,8.66,6.69,1069,5.0
TXN-10978,2025-09-07,CUST-0607,44,Male,Silver,Groceries,Cereal,40.44,66.69,1,66.69,40.44,26.25,693,4.4
TXN-11425,2025-09-07,CUST-0897,18,Male,Regular,Home & Garden,Bed Sheets,41.27,74.29,1,74.29,41.27,33.02,1739,6.4
TXN-11266,2025-09-07,CUST-0732,46,Female,Silver,Clothing,Hat,3.72,6.93,1,6.93,3.72,3.21,703,7.0
TXN-13007,2025-09-07,CUST-0757,34,Male,Regular,Clothing,Jacket,3.47,6.87,1,6.87,3.47,3.4,1286,5.2
TXN-13809,2025-09-07,CUST-0470,26,Male,Regular,Clothing,Jeans,45.05,74.05,3,222.15,135.15,87.0,1416,5.6
TXN-14355,2025-09-07,CUST-0919,41,Female,Silver,Groceries,Rice,16.47,23.64,1,23.64,16.47,7.17,147,3.6
TXN-10327,2025-09-07,CUST-0052,42,Female,Regular,Clothing,Sneakers,20.09,39.7,1,39.7,20.09,19.61,759,5.0
TXN-14409,2025-09-07,CUST-0053,33,Male,Regular,Home & Garden,Lamp,30.34,59.03,1,59.03,30.34,28.69,614,8.4
TXN-14450,2025-09-07,CUST-0595,40,Female,Gold,Beauty & Health,Soap,11.95,23.02,2,46.04,23.9,22.14,838,6.5
TXN-10965,2025-09-07,CUST-0414,61,Male,Regular,Clothing,Jeans,45.05,74.05,4,296.2,180.2,116.0,1636,5.7
TXN-14778,2025-09-07,CUST-0929,21,Female,Silver,Groceries,Chicken,14.09,25.57,1,25.57,14.09,11.48,1626,7.5
TXN-14063,2025-09-07,CUST-0602,29,Male,Regular,Home & Garden,Lamp,30.34,59.03,1,59.03,30.34,28.69,648,5.6
TXN-13909,2025-09-07,CUST-0313,44,Female,Silver,Clothing,Jacket,3.47,6.87,2,13.74,6.94,6.8,1201,6.3
TXN-14642,2025-09-08,CUST-0174,44,Male,Regular,Beauty & Health,Shampoo,25.11,45.77,1,45.77,25.11,20.66,716,8.5
TXN-12072,2025-09-08,CUST-0513,37,Female,Gold,Groceries,Milk,32.13,59.75,10,597.5,321.3,276.2,1079,8.5
TXN-13658,2025-09-08,CUST-0693,37,Male,Regular,Home & Garden,Towel,36.45,51.3,2,102.6,72.9,29.7,706,6.3
TXN-14003,2025-09-08,CUST-0248,35,Male,Silver,Groceries,Rice,16.47,23.64,2,47.28,32.94,14.34,191,5.6
TXN-11912,2025-09-08,CUST-0106,38,Male,Silver,Beauty & Health,Shampoo,25.11,45.77,1,45.77,25.11,20.66,932,7.7
TXN-12677,2025-09-08,CUST-0211,59,Female,Silver,Beauty & Health,Lotion,8.66,15.35,1,15.35,8.66,6.69,981,6.1
TXN-13041,2025-09-08,CUST-0331,41,Female,Regular,Groceries,Pasta,47.29,56.99,1,56.99,47.29,9.7,1114,6.5
TXN-12195,2025-09-08,CUST-0730,41,Female,Gold,Clothing,T-Shirt,49.29,89.1,1,89.1,49.29,39.81,548,8.6
TXN-12190,2025-09-09,CUST-0905,35,Female,Silver,Beauty & Health,Vitamins,4.16,7.52,1,7.52,4.16,3.36,1160,4.5
TXN-12620,2025-09-09,CUST-0809,44,Female,Silver,Clothing,Jeans,45.05,74.05,1,74.05,45.05,29.0,1527,5.4
TXN-13892,2025-09-09,CUST-0726,18,Female,Silver,Electronics,Mouse,41.17,78.14,1,78.14,41.17,36.97,1042,8.5
TXN-12539,2025-09-09,CUST-0856,45,Female,Silver,Groceries,Bread,45.02,60.28,3,180.84,135.06,45.78,835,7.1
TXN-13158,2025-09-09,CUST-0244,18,Male,Regular,Beauty & Health,Shampoo,25.11,45.77,1,45.77,25.11,20.66,828,6.7
TXN-12681,2025-09-09,CUST-0686,27,Male,Gold,Groceries,Eggs,28.33,56.24,2,112.48,56.66,55.82,1505,6.1
TXN-10702,2025-09-09,CUST-0306,55,Female,Silver,Electronics,Smartwatch,34.96,50.62,3,151.86,104.88,46.98,958,7.0
TXN-13402,2025-09-09,CUST-0188,22,Male,Silver,Beauty & Health,Soap,11.95,23.02,2,46.04,23.9,22.14,903,8.3
TXN-11973,2025-09-09,CUST-0282,24,Other,Regular,Clothing,Jeans,45.05,74.05,1,74.05,45.05,29.0,1580,7.7
TXN-10035,2025-09-09,CUST-0914,36,Male,Gold,Electronics,USB Drive,123.53,158.32,4,633.28,494.12,139.16,1744,10.0
TXN-10164,2025-09-09,CUST-0637,39,Male,Silver,Home & Garden,Mug,5.57,9.8,2,19.6,11.14,8.46,861,7.1
TXN-10711,2025-09-09,CUST-0111,18,Female,Gold,Groceries,Chicken,14.09,25.57,1,25.57,14.09,11.48,1880,8.1
TXN-11616,2025-09-09,CUST-0829,40,Male,Regular,Clothing,Jacket,3.47,6.87,4,27.48,13.88,13.6,1424,9.0
TXN-14324,2025-09-09,CUST-0686,53,Female,Silver,Beauty & Health,Vitamins,4.16,7.52,2,15.04,8.32,6.72,1023,6.0
TXN-13569,2025-09-09,CUST-0316,60,Other,Silver,Electronics,USB Drive,123.53,158.32,1,158.32,123.53,34.79,1485,3.6
TXN-10922,2025-09-09,CUST-0839,22,Male,Gold,Beauty & Health,Toothpaste,36.38,71.18,4,284.72,145.52,139.2,790,8.9
TXN-12953,2025-09-09,CUST-0014,53,Male,Gold,Electronics,Headphones,49.93,84.43,3,253.29,149.79,103.5,1138,8.3
TXN-10947,2025-09-09,CUST-0183,44,Male,Silver,Beauty & Health,Soap,11.95,23.02,1,23.02,11.95,11.07,1057,4.3
TXN-11412,2025-09-10,CUST-0976,28,Male,Gold,Groceries,Bread,45.02,60.28,1,60.28,45.02,15.26,918,5.1
TXN-11063,2025-09-10,CUST-0082,39,Female,Regular,Home & Garden,Towel,36.45,51.3,2,102.6,72.9,29.7,903,7.3
TXN-13924,2025-09-10,CUST-0938,47,Male,Silver,Groceries,Apples,18.31,24.59,3,73.77,54.93,18.84,1443,4.9
TXN-12642,2025-09-10,CUST-0692,41,Female,Silver,Groceries,Pasta,47.29,56.99,2,113.98,94.58,19.4,1139,6.8
TXN-13191,2025-09-10,CUST-0939,18,Male,Silver,Groceries,Apples,18.31,24.59,2,49.18,36.62,12.56,1497,7.1
TXN-13766,2025-09-10,CUST-0727,18,Male,Regular,Electronics,Mouse,41.17,78.14,1,78.14,41.17,36.97,1050,3.5
TXN-10523,2025-09-10,CUST-0284,41,Male,Silver,Groceries,Eggs,28.33,56.24,10,562.4,283.3,279.1,1657,7.8
TXN-10482,2025-09-10,CUST-0871,42,Male,Regular,Groceries,Cereal,40.44,66.69,3,200.07,121.32,78.75,741,5.5
TXN-14787,2025-09-10,CUST-0070,37,Female,Regular,Clothing,Sneakers,20.09,39.7,5,198.5,100.45,98.05,485,7.2
TXN-11338,2025-09-10,CUST-0094,23,Female,Silver,Home & Garden,Bed Sheets,41.27,74.29,1,74.29,41.27,33.02,1751,7.1
TXN-13743,2025-09-10,CUST-0592,36,Female,Gold,Home & Garden,Plant Pot,34.48,43.76,1,43.76,34.48,9.28,1536,8.6
TXN-13231,2025-09-10,CUST-0205,21,Female,Silver,Home & Garden,Frying Pan,11.59,15.48,1,15.48,11.59,3.89,1639,4.7
TXN-10616,2025-09-10,CUST-0160,22,Female,Regular,Electronics,Keyboard,107.66,156.53,1,156.53,107.66,48.87,841,6.5
TXN-11678,2025-09-10,CUST-0703,52,Male,Regular,Electronics,USB Drive,123.53,158.32,1,158.32,123.53,34.79,1646,6.6
TXN-11935,2025-09-10,CUST-0804,26,Male,Silver,Beauty & Health,Toothpaste,36.38,71.18,1,71.18,36.38,34.8,713,7.4
TXN-10139,2025-09-11,CUST-0971,40,Other,Regular,Clothing,T-Shirt,49.29,89.1,2,178.2,98.58,79.62,701,7.0
TXN-13801,2025-09-11,CUST-0989,60,Female,Regular,Home & Garden,Bed Sheets,41.27,74.29,1,74.29,41.27,33.02,1544,6.9
TXN-13136,2025-09-11,CUST-0976,31,Female,Gold,Home & Garden,Frying Pan,11.59,15.48,2,30.96,23.18,7.78,1654,5.6
TXN-11267,2025-09-11,CUST-0673,38,Male,Regular,Clothing,T-Shirt,49.29,89.1,5,445.5,246.45,199.05,602,7.8
TXN-13552,2025-09-11,CUST-0421,18,Male,Gold,Clothing,Jacket,3.47,6.87,3,20.61,10.41,10.2,1239,7.0
TXN-11910,2025-09-11,CUST-0313,20,Female,Gold,Groceries,Bread,45.02,60.28,4,241.12,180.08,61.04,880,9.4
TXN-12459,2025-09-11,CUST-0721,52,Male,Silver,Beauty & Health,Soap,11.95,23.02,3,69.06,35.85,33.21,960,6.0
TXN-11078,2025-09-11,CUST-0302,18,Male,Regular,Beauty & Health,Toothpaste,36.38,71.18,1,71.18,36.38,34.8,775,3.9
TXN-11965,2025-09-11,CUST-0050,42,Female,Gold,Home & Garden,Frying Pan,11.59,15.48,2,30.96,23.18,7.78,1701,5.2
TXN-14047,2025-09-11,CUST-0540,43,Female,Silver,Clothing,Sneakers,20.09,39.7,4,158.8,80.36,78.44,521,6.2
TXN-12435,2025-09-11,CUST-0952,38,Female,Regular,Electronics,Mouse,41.17,78.14,5,390.7,205.85,184.85,1140,8.0
TXN-10475,2025-09-11,CUST-0575,48,Male,Silver,Home & Garden,Lamp,30.34,59.03,1,59.03,30.34,28.69,961,8.0
TXN-11784,2025-09-11,CUST-0127,29,Male,Regular,Clothing,Hat,3.72,6.93,1,6.93,3.72,3.21,680,4.0
TXN-13736,2025-09-11,CUST-0447,52,Male,Regular,Home & Garden,Towel,36.45,51.3,1,51.3,36.45,14.85,701,5.1
TXN-12796,2025-09-11,CUST-0745,27,Male,Regular,Clothing,Jacket,3.47,6.87,1,6.87,3.47,3.4,1295,4.9
TXN-10651,2025-09-11,CUST-0193,37,Female,Regular,Beauty & Health,Vitamins,4.16,7.52,3,22.56,12.48,10.08,1317,5.4
TXN-13313,2025-09-11,CUST-0376,30,Male,Regular,Groceries,Milk,32.13,59.75,1,59.75,32.13,27.62,987,7.2
TXN-11062,2025-09-11,CUST-0759,32,Female,Regular,Groceries,Milk,32.13,59.75,1,59.75,32.13,27.62,1141,6.8
TXN-11943,2025-09-12,CUST-0323,27,Female,Gold,Electronics,Smartwatch,34.96,50.62,1,50.62,34.96,15.66,863,7.9
TXN-14237,2025-09-12,CUST-0845,20,Female,Regular,Groceries,Rice,16.47,23.64,1,23.64,16.47,7.17,177,7.6
TXN-11706,2025-09-12,CUST-0284,29,Female,Regular,Home & Garden,Lamp,30.34,59.03,2,118.06,60.68,57.38,854,6.5
TXN-13898,2025-09-12,CUST-0663,26,Male,Silver,Electronics,Headphones,49.93,84.43,1,84.43,49.93,34.5,1074,4.8
TXN-13970,2025-09-12,CUST-0854,40,Female,Silver,Electronics,Headphones,49.93,84.43,1,84.43,49.93,34.5,1069,5.9
TXN-11452,2025-09-12,CUST-0614,38,Female,Regular,Beauty & Health,Shampoo,25.11,45.77,5,228.85,125.55,103.3,974,7.4
TXN-14087,2025-09-12,CUST-0734,27,Other,Regular,Groceries,Rice,16.47,23.64,1,23.64,16.47,7.17,190,7.8
TXN-14416,2025-09-12,CUST-0917,23,Female,Gold,Electronics,Charger,85.78,132.44,1,132.44,85.78,46.66,446,4.8
TXN-11038,2025-09-12,CUST-0243,36,Male,Silver,Clothing,Hat,3.72,6.93,1,6.93,3.72,3.21,736,6.9
TXN-10240,2025-09-12,CUST-0361,33,Female,Silver,Groceries,Rice,16.47,23.64,2,47.28,32.94,14.34,492,4.3
TXN-12193,2025-09-12,CUST-0106,38,Other,Silver,Clothing,Jeans,45.05,74.05,3,222.15,135.15,87.0,1558,6.8
TXN-12413,2025-09-12,CUST-0685,34,Male,Gold,Groceries,Rice,16.47,23.64,1,23.64,16.47,7.17,301,7.2
TXN-11669,2025-09-12,CUST-0060,53,Other,Regular,Beauty & Health,Vitamins,4.16,7.52,1,7.52,4.16,3.36,1226,6.0
TXN-11398,2025-09-12,CUST-0866,36,Female,Regular,Home & Garden,Towel,36.45,51.3,1,51.3,36.45,14.85,885,7.1
TXN-14035,2025-09-12,CUST-0402,39,Male,Regular,Beauty & Health,Vitamins,4.16,7.52,2,15.04,8.32,6.72,1038,5.6
TXN-12749,2025-09-12,CUST-0100,28,Female,Regular,Groceries,Milk,32.13,59.75,1,59.75,32.13,27.62,1015,4.7
TXN-12015,2025-09-12,CUST-0609,20,Female,Regular,Beauty & Health,Face Wash,9.13,14.22,1,14.22,9.13,5.09,1295,5.2
TXN-12806,2025-09-12,CUST-0793,28,Male,Regular,Groceries,Eggs,28.33,56.24,4,224.96,113.32,111.64,1500,8.2
TXN-10699,2025-09-12,CUST-0625,30,Female,Silver,Clothing,Jeans,45.05,74.05,2,148.1,90.1,58.0,1656,6.2
TXN-13426,2025-09-12,CUST-0724,43,Female,Silver,Clothing,Sneakers,20.09,39.7,1,39.7,20.09,19.61,554,6.4
TXN-12470,2025-09-13,CUST-0159,19,Male,Silver,Beauty & Health,Toothpaste,36.38,71.18,1,71.18,36.38,34.8,659,6.4
TXN-13379,2025-09-13,CUST-0890,42,Male,Silver,Home & Garden,Lamp,30.34,59.03,4,236.12,121.36,114.76,700,7.0
TXN-11887,2025-09-13,CUST-0975,28,Male,Silver,Home & Garden,Frying Pan,11.59,15.48,2,30.96,23.18,7.78,1705,5.7
TXN-11606,2025-09-13,CUST-0775,18,Male,Regular,Groceries,Bread,45.02,60.28,1,60.28,45.02,15.26,905,6.0
TXN-13636,2025-09-13,CUST-0563,37,Female,Silver,Beauty & Health,Toothpaste,36.38,71.18,3,213.54,109.14,104.4,570,5.2
TXN-12533,2025-09-13,CUST-0835,26,Male,Regular,Groceries,Chicken,14.09,25.57,2,51.14,28.18,22.96,1787,6.9
TXN-11996,2025-09-13,CUST-0530,26,Male,Silver,Clothing,Hat,3.72,6.93,4,27.72,14.88,12.84,657,5.7
TXN-10456,2025-09-13,CUST-0490,49,Female,Regular,Groceries,Milk,32.13,59.75,1,59.75,32.13,27.62,1172,7.2
TXN-13796,2025-09-13,CUST-0666,45,Female,Regular,Groceries,Apples,18.31,24.59,2,49.18,36.62,12.56,1454,7.1
TXN-12696,2025-09-13,CUST-0126,30,Female,Regular,Electronics,Headphones,49.93,84.43,2,168.86,99.86,69.0,1156,7.2
TXN-13005,2025-09-14,CUST-0270,40,Male,Regular,Clothing,Hat,3.72,6.93,1,6.93,3.72,3.21,607,5.8
TXN-10746,2025-09-14,CUST-0670,25,Female,Regular,Home & Garden,Bed Sheets,41.27,74.29,1,74.29,41.27,33.02,1787,4.0
TXN-13420,2025-09-14,CUST-0935,54,Male,Regular,Beauty & Health,Toothpaste,36.38,71.18,3,213.54,109.14,104.4,592,6.1
TXN-10439,2025-09-14,CUST-0133,42,Female,Gold,Home & Garden,Bed Sheets,41.27,74.29,1,74.29,41.27,33.02,1817,8.6
TXN-12115,2025-09-14,CUST-0709,33,Male,Silver,Electronics,Charger,85.78,132.44,1,132.44,85.78,46.66,615,7.0
TXN-13704,2025-09-14,CUST-0458,20,Male,Silver,Electronics,USB Drive,123.53,158.32,4,633.28,494.12,139.16,1477,6.1
TXN-10573,2025-09-14,CUST-0695,29,Male,Silver,Beauty & Health,Lotion,8.66,15.35,2,30.7,17.32,13.38,1096,6.2
TXN-10951,2025-09-14,CUST-0165,28,Male,Gold,Clothing,Jeans,45.05,74.05,1,74.05,45.05,29.0,1640,6.6
TXN-13492,2025-09-14,CUST-0269,49,Female,Regular,Electronics,Headphones,49.93,84.43,2,168.86,99.86,69.0,1096,6.4
TXN-13246,2025-09-14,CUST-0491,21,Female,Regular,Beauty & Health,Shampoo,25.11,45.77,4,183.08,100.44,82.64,818,8.8
TXN-11812,2025-09-14,CUST-0700,62,Male,Silver,Clothing,Jacket,3.47,6.87,3,20.61,10.41,10.2,1386,7.4
TXN-10341,2025-09-15,CUST-0539,38,Male,Regular,Home & Garden,Lamp,30.34,59.03,4,236.12,121.36,114.76,970,5.7
TXN-10180,2025-09-15,CUST-0279,37,Male,Gold,Clothing,Jacket,3.47,6.87,1,6.87,3.47,3.4,1518,6.9
TXN-12940,2025-09-15,CUST-0276,32,Female,Regular,Home & Garden,Lamp,30.34,59.03,1,59.03,30.34,28.69,741,6.7
TXN-13022,2025-09-15,CUST-0939,30,Female,Silver,Groceries,Bread,45.02,60.28,10,602.8,450.2,152.6,782,7.6
TXN-14366,2025-09-15,CUST-0742,35,Male,Silver,Beauty & Health,Soap,11.95,23.02,1,23.02,11.95,11.07,851,3.7
TXN-13674,2025-09-15,CUST-0957,33,Female,Silver,Clothing,Socks,46.78,72.77,3,218.31,140.34,77.97,1021,6.7
TXN-11169,2025-09-15,CUST-0330,49,Male,Regular,Clothing,T-Shirt,49.29,89.1,1,89.1,49.29,39.81,616,7.9
TXN-10871,2025-09-15,CUST-0924,32,Male,Gold,Clothing,Sneakers,20.09,39.7,1,39.7,20.09,19.61,721,6.6
TXN-14527,2025-09-15,CUST-0889,47,Male,Regular,Beauty & Health,Soap,11.95,23.02,1,23.02,11.95,11.07,833,4.4
TXN-10202,2025-09-15,CUST-0389,47,Female,Regular,Home & Garden,Lamp,30.34,59.03,5,295.15,151.7,143.45,978,7.3
TXN-11963,2025-09-15,CUST-0443,37,Female,Regular,Beauty & Health,Vitamins,4.16,7.52,3,22.56,12.48,10.08,1182,7.7
TXN-13768,2025-09-15,CUST-0844,37,Female,Regular,Groceries,Cereal,40.44,66.69,1,66.69,40.44,26.25,470,5.4
TXN-14191,2025-09-16,CUST-0850,59,Other,Regular,Groceries,Cereal,40.44,66.69,1,66.69,40.44,26.25,444,4.7
TXN-14340,2025-09-16,CUST-0922,36,Female,Regular,Clothing,Hat,3.72,6.93,1,6.93,3.72,3.21,538,8.4
TXN-10069,2025-09-16,CUST-0752,31,Male,Regular,Home & Garden,Bed Sheets,41.27,74.29,1,74.29,41.27,33.02,1852,6.8
TXN-12850,2025-09-16,CUST-0383,18,Female,Gold,Clothing,Hat,3.72,6.93,1,6.93,3.72,3.21,612,6.4
TXN-10421,2025-09-16,CUST-0102,40,Female,Gold,Clothing,Jeans,45.05,74.05,4,296.2,180.2,116.0,1676,9.5
TXN-11023,2025-09-16,CUST-0011,31,Female,Silver,Clothing,Hat,3.72,6.93,1,6.93,3.72,3.21,737,4.3
TXN-14833,2025-09-16,CUST-0609,18,Male,Silver,Groceries,Pasta,47.29,56.99,1,56.99,47.29,9.7,1010,8.3
TXN-10080,2025-09-16,CUST-0172,30,Female,Regular,Beauty & Health,Face Wash,9.13,14.22,3,42.66,27.39,15.27,1429,7.2
TXN-12340,2025-09-16,CUST-0086,50,Male,Regular,Groceries,Rice,16.47,23.64,1,23.64,16.47,7.17,303,7.7
TXN-12331,2025-09-16,CUST-0838,24,Female,Gold,Home & Garden,Lamp,30.34,59.03,3,177.09,91.02,86.07,801,6.2
TXN-10720,2025-09-16,CUST-0274,40,Female,Regular,Beauty & Health,Vitamins,4.16,7.52,2,15.04,8.32,6.72,1312,3.6
TXN-13044,2025-09-16,CUST-0942,46,Female,Silver,Groceries,Milk,32.13,59.75,4,239.0,128.52,110.48,997,8.1
TXN-10540,2025-09-16,CUST-0388,29,Female,Regular,Electronics,Smartwatch,34.96,50.62,10,506.2,349.6,156.6,966,8.3
TXN-11964,2025-09-17,CUST-0887,39,Male,Silver,Groceries,Cereal,40.44,66.69,1,66.69,40.44,26.25,618,6.6
TXN-10211,2025-09-17,CUST-0731,41,Male,Gold,Groceries,Cereal,40.44,66.69,5,333.45,202.2,131.25,760,6.8
TXN-11002,2025-09-17,CUST-0372,38,Male,Silver,Clothing,Jeans,45.05,74.05,1,74.05,45.05,29.0,1635,5.2
TXN-10095,2025-09-17,CUST-0632,45,Female,Regular,Groceries,Cereal,40.44,66.69,2,133.38,80.88,52.5,770,4.8
TXN-13584,2025-09-17,CUST-0306,40,Male,Silver,Beauty & Health,Toothpaste,36.38,71.18,1,71.18,36.38,34.8,573,7.4
TXN-10446,2025-09-17,CUST-0566,31,Male,Silver,Electronics,Mouse,41.17,78.14,1,78.14,41.17,36.97,1268,6.5
TXN-14784,2025-09-17,CUST-0683,27,Male,Regular,Clothing,Socks,46.78,72.77,1,72.77,46.78,25.99,950,5.8
TXN-10718,2025-09-17,CUST-0801,30,Female,Silver,Groceries,Bread,45.02,60.28,10,602.8,450.2,152.6,955,7.8
TXN-12575,2025-09-17,CUST-0811,53,Male,Regular,Electronics,Mouse,41.17,78.14,4,312.56,164.68,147.88,1130,5.4
TXN-13029,2025-09-17,CUST-0108,22,Female,Regular,Home & Garden,Towel,36.45,51.3,2,102.6,72.9,29.7,779,8.4
TXN-12874,2025-09-17,CUST-0505,27,Male,Regular,Beauty & Health,Shampoo,25.11,45.77,1,45.77,25.11,20.66,851,5.1
TXN-11520,2025-09-17,CUST-0538,30,Male,Silver,Clothing,Sneakers,20.09,39.7,2,79.4,40.18,39.22,666,6.0
TXN-10880,2025-09-17,CUST-0535,26,Female,Silver,Electronics,Headphones,49.93,84.43,1,84.43,49.93,34.5,1272,5.5
TXN-13749,2025-09-17,CUST-0059,18,Female,Gold,Beauty & Health,Shampoo,25.11,45.77,1,45.77,25.11,20.66,774,7.7
TXN-14585,2025-09-17,CUST-0514,28,Female,Gold,Clothing,Jacket,3.47,6.87,1,6.87,3.47,3.4,1138,6.4
TXN-11582,2025-09-17,CUST-0658,33,Male,Regular,Electronics,Smartwatch,34.96,50.62,2,101.24,69.92,31.32,882,7.8
TXN-13070,2025-09-17,CUST-0169,32,Male,Silver,Groceries,Bread,45.02,60.28,3,180.84,135.06,45.78,779,6.4
TXN-14215,2025-09-17,CUST-0446,53,Male,Regular,Groceries,Rice,16.47,23.64,1,23.64,16.47,7.17,179,5.5
TXN-14554,2025-09-18,CUST-0599,40,Male,Silver,Home & Garden,Mug,5.57,9.8,1,9.8,5.57,4.23,564,4.7
TXN-11916,2025-09-18,CUST-0668,44,Female,Regular,Home & Garden,Mug,5.57,9.8,1,9.8,5.57,4.23,771,5.8
TXN-10264,2025-09-18,CUST-0452,34,Male,Silver,Groceries,Cereal,40.44,66.69,3,200.07,121.32,78.75,752,4.6
TXN-10249,2025-09-18,CUST-0909,45,Male,Regular,Beauty & Health,Shampoo,25.11,45.77,1,45.77,25.11,20.66,1020,3.9
TXN-11292,2025-09-18,CUST-0369,18,Male,Silver,Clothing,Jeans,45.05,74.05,4,296.2,180.2,116.0,1621,8.2
TXN-13425,2025-09-18,CUST-0454,41,Female,Silver,Home & Garden,Towel,36.45,51.3,5,256.5,182.25,74.25,753,5.7
TXN-10189,2025-09-18,CUST-0800,31,Other,Regular,Electronics,Charger,85.78,132.44,1,132.44,85.78,46.66,755,3.8
TXN-10134,2025-09-18,CUST-0797,42,Female,Regular,Groceries,Rice,16.47,23.64,1,23.64,16.47,7.17,500,4.8
TXN-12859,2025-09-18,CUST-0023,41,Female,Regular,Groceries,Bread,45.02,60.28,5,301.4,225.1,76.3,808,6.1
TXN-12848,2025-09-18,CUST-0349,26,Female,Regular,Clothing,Socks,46.78,72.77,1,72.77,46.78,25.99,1099,5.9
TXN-11556,2025-09-18,CUST-0495,45,Male,Regular,Electronics,Charger,85.78,132.44,1,132.44,85.78,46.66,659,7.5
TXN-14506,2025-09-18,CUST-0821,47,Female,Regular,Clothing,Jacket,3.47,6.87,5,34.35,17.35,17.0,1155,5.0
TXN-10876,2025-09-18,CUST-0514,40,Female,Gold,Home & Garden,Plant Pot,34.48,43.76,4,175.04,137.92,37.12,1748,8.7
TXN-11466,2025-09-18,CUST-0823,40,Male,Silver,Beauty & Health,Toothpaste,36.38,71.18,1,71.18,36.38,34.8,750,6.4
TXN-14042,2025-09-18,CUST-0919,46,Male,Silver,Home & Garden,Towel,36.45,51.3,1,51.3,36.45,14.85,693,4.8
TXN-13053,2025-09-18,CUST-0434,48,Male,Regular,Home & Garden,Bed Sheets,41.27,74.29,2,148.58,82.54,66.04,1600,4.4
TXN-13589,2025-09-18,CUST-0728,44,Male,Regular,Electronics,Mouse,41.17,78.14,1,78.14,41.17,36.97,1059,6.2
TXN-13754,2025-09-18,CUST-0171,27,Male,Silver,Groceries,Apples,18.31,24.59,1,24.59,18.31,6.28,1461,8.2
TXN-10110,2025-09-18,CUST-0678,37,Female,Regular,Beauty & Health,Lotion,8.66,15.35,1,15.35,8.66,6.69,1135,6.4
TXN-14131,2025-09-18,CUST-0151,49,Female,Gold,Clothing,Sneakers,20.09,39.7,1,39.7,20.09,19.61,516,8.1
TXN-14026,2025-09-19,CUST-0103,41,Male,Regular,Home & Garden,Mug,5.57,9.8,1,9.8,5.57,4.23,599,5.3
TXN-13657,2025-09-19,CUST-0735,36,Male,Regular,Beauty & Health,Face Wash,9.13,14.22,3,42.66,27.39,15.27,1144,6.2
TXN-14041,2025-09-19,CUST-0869,42,Male,Regular,Clothing,Hat,3.72,6.93,1,6.93,3.72,3.21,561,3.5
TXN-14423,2025-09-19,CUST-0380,54,Other,Regular,Beauty & Health,Face Wash,9.13,14.22,1,14.22,9.13,5.09,1089,8.0
TXN-14483,2025-09-19,CUST-0366,35,Male,Silver,Groceries,Bread,45.02,60.28,1,60.28,45.02,15.26,623,6.6
TXN-10000,2025-09-19,CUST-0090,40,Other,Silver,Clothing,Jeans,45.05,74.05,1,74.05,45.05,29.0,1714,5.9
TXN-11515,2025-09-19,CUST-0635,24,Female,Silver,Electronics,Charger,85.78,132.44,1,132.44,85.78,46.66,660,5.7
TXN-11156,2025-09-19,CUST-0968,25,Female,Regular,Clothing,T-Shirt,49.29,89.1,2,178.2,98.58,79.62,627,3.7
TXN-13582,2025-09-19,CUST-0163,24,Female,Gold,Home & Garden,Bed Sheets,41.27,74.29,2,148.58,82.54,66.04,1564,8.8
TXN-10329,2025-09-19,CUST-0691,39,Male,Silver,Clothing,T-Shirt,49.29,89.1,1,89.1,49.29,39.81,674,7.8
TXN-12663,2025-09-19,CUST-0470,36,Female,Silver,Groceries,Chicken,14.09,25.57,4,102.28,56.36,45.92,1772,8.5
TXN-10145,2025-09-19,CUST-0556,33,Male,Silver,Home & Garden,Towel,36.45,51.3,1,51.3,36.45,14.85,1001,6.6
TXN-13448,2025-09-19,CUST-0371,49,Female,Regular,Clothing,Hat,3.72,6.93,1,6.93,3.72,3.21,593,5.4
TXN-12549,2025-09-19,CUST-0162,18,Female,Regular,Groceries,Rice,16.47,23.64,1,23.64,16.47,7.17,297,5.0
TXN-10889,2025-09-19,CUST-0648,44,Male,Regular,Groceries,Apples,18.31,24.59,1,24.59,18.31,6.28,1693,6.9
TXN-11442,2025-09-19,CUST-0058,23,Female,Gold,Home & Garden,Bed Sheets,41.27,74.29,4,297.16,165.08,132.08,1732,10.0
TXN-12213,2025-09-19,CUST-0970,49,Male,Silver,Electronics,Keyboard,107.66,156.53,5,782.65,538.3,244.35,721,7.0
TXN-11035,2025-09-19,CUST-0869,26,Female,Silver,Groceries,Rice,16.47,23.64,4,94.56,65.88,28.68,406,6.4
TXN-12388,2025-09-19,CUST-0803,43,Male,Regular,Beauty & Health,Face Wash,9.13,14.22,10,142.2,91.3,50.9,1241,5.6
TXN-10638,2025-09-19,CUST-0030,26,Female,Gold,Clothing,Hat,3.72,6.93,1,6.93,3.72,3.21,797,9.3
TXN-11064,2025-09-19,CUST-0230,27,Male,Regular,Groceries,Cereal,40.44,66.69,1,66.69,40.44,26.25,689,6.0
TXN-11516,2025-09-19,CUST-0673,39,Female,Regular,Groceries,Rice,16.47,23.64,1,23.64,16.47,7.17,377,7.9
TXN-13539,2025-09-20,CUST-0849,19,Male,Regular,Electronics,Keyboard,107.66,156.53,4,626.12,430.64,195.48,645,4.8
TXN-13963,2025-09-20,CUST-0793,42,Male,Gold,Home & Garden,Plant Pot,34.48,43.76,1,43.76,34.48,9.28,1515,7.2
TXN-14711,2025-09-20,CUST-0907,30,Male,Regular,Beauty & Health,Face Wash,9.13,14.22,1,14.22,9.13,5.09,1086,5.1
TXN-10625,2025-09-20,CUST-0914,28,Female,Regular,Clothing,Sneakers,20.09,39.7,4,158.8,80.36,78.44,744,6.9
TXN-10645,2025-09-20,CUST-0322,54,Female,Silver,Electronics,Smartwatch,34.96,50.62,4,202.48,139.84,62.64,961,6.5
TXN-10027,2025-09-20,CUST-0300,51,Female,Silver,Home & Garden,Frying Pan,11.59,15.48,4,61.92,46.36,15.56,1849,6.7
TXN-10589,2025-09-20,CUST-0739,23,Female,Regular,Home & Garden,Frying Pan,11.59,15.48,4,61.92,46.36,15.56,1809,7.5
TXN-12463,2025-09-20,CUST-0002,22,Female,Silver,Home & Garden,Bed Sheets,41.27,74.29,4,297.16,165.08,132.08,1650,7.1
TXN-11756,2025-09-20,CUST-0390,23,Female,Regular,Beauty & Health,Lotion,8.66,15.35,2,30.7,17.32,13.38,1055,6.1
TXN-11127,2025-09-20,CUST-0609,32,Female,Gold,Beauty & Health,Soap,11.95,23.02,2,46.04,23.9,22.14,1045,9.8
TXN-13294,2025-09-20,CUST-0111,39,Male,Silver,Beauty & Health,Shampoo,25.11,45.77,1,45.77,25.11,20.66,816,7.9
TXN-14610,2025-09-20,CUST-0055,29,Female,Silver,Electronics,Smartwatch,34.96,50.62,1,50.62,34.96,15.66,648,5.1
TXN-10954,2025-09-21,CUST-0329,41,Male,Regular,Electronics,Smartwatch,34.96,50.62,1,50.62,34.96,15.66,945,7.1
TXN-12968,2025-09-21,CUST-0054,53,Female,Gold,Home & Garden,Frying Pan,11.59,15.48,1,15.48,11.59,3.89,1663,7.3
TXN-10656,2025-09-21,CUST-0968,44,Female,Gold,Groceries,Apples,18.31,24.59,10,245.9,183.1,62.8,1707,6.5
TXN-14362,2025-09-21,CUST-0790,30,Male,Regular,Groceries,Chicken,14.09,25.57,1,25.57,14.09,11.48,1655,6.7
TXN-14108,2025-09-21,CUST-0173,27,Male,Silver,Groceries,Milk,32.13,59.75,1,59.75,32.13,27.62,947,5.8
TXN-11554,2025-09-21,CUST-0246,36,Male,Regular,Groceries,Apples,18.31,24.59,3,73.77,54.93,18.84,1627,4.0
TXN-12600,2025-09-21,CUST-0660,33,Female,Regular,Electronics,Charger,85.78,132.44,1,132.44,85.78,46.66,586,6.4
TXN-12766,2025-09-21,CUST-0930,46,Female,Regular,Home & Garden,Lamp,30.34,59.03,2,118.06,60.68,57.38,747,3.9
TXN-11396,2025-09-21,CUST-0758,41,Female,Gold,Electronics,Smartwatch,34.96,50.62,1,50.62,34.96,15.66,894,6.6
TXN-14182,2025-09-21,CUST-0744,26,Male,Regular,Home & Garden,Lamp,30.34,59.03,2,118.06,60.68,57.38,637,6.7
TXN-12644,2025-09-21,CUST-0352,34,Female,Regular,Clothing,Jeans,45.05,74.05,3,222.15,135.15,87.0,1524,5.0
TXN-11082,2025-09-21,CUST-0191,36,Female,Regular,Electronics,Headphones,49.93,84.43,1,84.43,49.93,34.5,1245,5.5
TXN-13837,2025-09-21,CUST-0536,53,Female,Regular,Beauty & Health,Face Wash,9.13,14.22,1,14.22,9.13,5.09,1125,7.1
TXN-11053,2025-09-22,CUST-0460,61,Female,Regular,Home & Garden,Frying Pan,11.59,15.48,1,15.48,11.59,3.89,1786,6.5
TXN-10963,2025-09-22,CUST-0275,50,Female,Regular,Beauty & Health,Vitamins,4.16,7.52,3,22.56,12.48,10.08,1293,5.8
TXN-11745,2025-09-22,CUST-0080,44,Female,Silver,Home & Garden,Bed Sheets,41.27,74.29,2,148.58,82.54,66.04,1712,4.2
TXN-12502,2025-09-22,CUST-0805,49,Male,Regular,Groceries,Cereal,40.44,66.69,2,133.38,80.88,52.5,591,5.7
TXN-12879,2025-09-22,CUST-0296,18,Female,Silver,Beauty & Health,Lotion,8.66,15.35,2,30.7,17.32,13.38,963,5.6
TXN-10122,2025-09-22,CUST-0999,33,Male,Silver,Beauty & Health,Face Wash,9.13,14.22,4,56.88,36.52,20.36,1425,9.8
TXN-13950,2025-09-22,CUST-0276,18,Female,Silver,Clothing,Hat,3.72,6.93,1,6.93,3.72,3.21,562,5.7
TXN-14873,2025-09-22,CUST-0233,38,Female,Silver,Home & Garden,Lamp,30.34,59.03,1,59.03,30.34,28.69,560,6.8
TXN-11656,2025-09-22,CUST-0348,39,Female,Regular,Beauty & Health,Toothpaste,36.38,71.18,2,142.36,72.76,69.6,734,7.3
TXN-12503,2025-09-22,CUST-0653,26,Male,Silver,Groceries,Cereal,40.44,66.69,1,66.69,40.44,26.25,590,6.6
TXN-11988,2025-09-22,CUST-0864,52,Female,Regular,Clothing,Jacket,3.47,6.87,2,13.74,6.94,6.8,1369,5.3
TXN-10224,2025-09-22,CUST-0576,48,Male,Regular,Groceries,Rice,16.47,23.64,1,23.64,16.47,7.17,494,4.7
TXN-11960,2025-09-22,CUST-0941,30,Male,Regular,Groceries,Rice,16.47,23.64,1,23.64,16.47,7.17,336,7.6
TXN-10595,2025-09-22,CUST-0001,31,Female,Regular,Groceries,Pasta,47.29,56.99,1,56.99,47.29,9.7,1246,5.6
TXN-13541,2025-09-22,CUST-0827,39,Female,Silver,Groceries,Bread,45.02,60.28,2,120.56,90.04,30.52,693,5.8
TXN-13624,2025-09-22,CUST-0448,39,Female,Silver,Home & Garden,Bed Sheets,41.27,74.29,1,74.29,41.27,33.02,1558,6.5
TXN-11897,2025-09-22,CUST-0658,52,Male,Regular,Groceries,Chicken,14.09,25.57,1,25.57,14.09,11.48,1838,4.7
TXN-11876,2025-09-22,CUST-0158,18,Male,Silver,Beauty & Health,Shampoo,25.11,45.77,3,137.31,75.33,61.98,933,7.6
TXN-13560,2025-09-23,CUST-0718,52,Female,Silver,Electronics,USB Drive,123.53,158.32,1,158.32,123.53,34.79,1486,6.4
TXN-10067,2025-09-23,CUST-0428,44,Male,Regular,Clothing,Socks,46.78,72.77,1,72.77,46.78,25.99,1303,8.6
TXN-14451,2025-09-23,CUST-0220,41,Female,Silver,Clothing,Sneakers,20.09,39.7,1,39.7,20.09,19.61,498,5.7
TXN-13744,2025-09-23,CUST-0566,27,Male,Regular,Groceries,Apples,18.31,24.59,1,24.59,18.31,6.28,1463,7.5
TXN-12121,2025-09-23,CUST-0454,33,Female,Silver,Electronics,USB Drive,123.53,158.32,2,316.64,247.06,69.58,1601,5.6
TXN-12286,2025-09-23,CUST-0527,45,Male,Gold,Clothing,Jacket,3.47,6.87,1,6.87,3.47,3.4,1347,7.8
TXN-13841,2025-09-23,CUST-0682,43,Female,Regular,Beauty & Health,Toothpaste,36.38,71.18,4,284.72,145.52,139.2,564,5.5
TXN-10206,2025-09-23,CUST-0776,41,Female,Regular,Clothing,Jeans,45.05,74.05,2,148.1,90.1,58.0,1699,7.3
TXN-13339,2025-09-23,CUST-0497,31,Male,Regular,Home & Garden,Lamp,30.34,59.03,1,59.03,30.34,28.69,705,5.1
TXN-12049,2025-09-23,CUST-0206,21,Male,Silver,Electronics,USB Drive,123.53,158.32,3,474.96,370.59,104.37,1611,7.1
TXN-14313,2025-09-23,CUST-0843,25,Female,Regular,Home & Garden,Lamp,30.34,59.03,2,118.06,60.68,57.38,615,4.0
TXN-10908,2025-09-23,CUST-0447,43,Female,Regular,Beauty & Health,Vitamins,4.16,7.52,1,7.52,4.16,3.36,1297,4.3
TXN-10996,2025-09-23,CUST-0848,34,Female,Regular,Clothing,Jacket,3.47,6.87,1,6.87,3.47,3.4,1470,6.4
TXN-14746,2025-09-23,CUST-0028,46,Male,Regular,Groceries,Chicken,14.09,25.57,1,25.57,14.09,11.48,1627,7.2
TXN-14588,2025-09-23,CUST-0763,22,Female,Regular,Home & Garden,Bed Sheets,41.27,74.29,10,742.9,412.7,330.2,1477,4.8
TXN-14602,2025-09-23,CUST-0169,33,Male,Silver,Groceries,Rice,16.47,23.64,1,23.64,16.47,7.17,122,6.2
TXN-14986,2025-09-23,CUST-0356,22,Male,Silver,Beauty & Health,Vitamins,4.16,7.52,1,7.52,4.16,3.36,970,7.5
TXN-14981,2025-09-24,CUST-0020,28,Male,Regular,Groceries,Bread,45.02,60.28,5,301.4,225.1,76.3,607,6.3
TXN-13287,2025-09-24,CUST-0505,38,Male,Gold,Home & Garden,Lamp,30.34,59.03,5,295.15,151.7,143.45,710,8.9
TXN-10280,2025-09-24,CUST-0263,32,Female,Regular,Groceries,Rice,16.47,23.64,1,23.64,16.47,7.17,491,4.9
TXN-14779,2025-09-24,CUST-0880,39,Female,Silver,Groceries,Bread,45.02,60.28,4,241.12,180.08,61.04,616,7.8
TXN-12234,2025-09-24,CUST-0964,18,Female,Gold,Home & Garden,Mug,5.57,9.8,3,29.4,16.71,12.69,745,10.0
TXN-12798,2025-09-24,CUST-0550,27,Male,Regular,Electronics,Headphones,49.93,84.43,4,337.72,199.72,138.0,1143,7.9
TXN-12204,2025-09-24,CUST-0690,55,Male,Gold,Home & Garden,Mug,5.57,9.8,1,9.8,5.57,4.23,750,7.0
TXN-10832,2025-09-24,CUST-0352,18,Female,Regular,Electronics,Keyboard,107.66,156.53,1,156.53,107.66,48.87,817,8.4
TXN-10040,2025-09-24,CUST-0367,35,Female,Regular,Electronics,Headphones,49.93,84.43,4,337.72,199.72,138.0,1330,6.6
TXN-12937,2025-09-24,CUST-0918,50,Female,Regular,Groceries,Pasta,47.29,56.99,3,170.97,141.87,29.1,1121,4.4
TXN-10336,2025-09-24,CUST-0587,33,Female,Regular,Beauty & Health,Shampoo,25.11,45.77,1,45.77,25.11,20.66,1012,7.8
TXN-13632,2025-09-25,CUST-0232,35,Male,Silver,Electronics,Smartwatch,34.96,50.62,1,50.62,34.96,15.66,745,5.9
TXN-10974,2025-09-25,CUST-0842,47,Female,Regular,Clothing,Sneakers,20.09,39.7,2,79.4,40.18,39.22,709,5.5
TXN-12674,2025-09-25,CUST-0304,36,Male,Regular,Clothing,T-Shirt,49.29,89.1,1,89.1,49.29,39.81,512,4.8
TXN-13667,2025-09-25,CUST-0216,48,Female,Gold,Electronics,Mouse,41.17,78.14,1,78.14,41.17,36.97,1056,6.1
TXN-13978,2025-09-25,CUST-0189,40,Male,Regular,Groceries,Rice,16.47,23.64,2,47.28,32.94,14.34,194,7.6
TXN-10888,2025-09-25,CUST-0669,43,Female,Silver,Electronics,Headphones,49.93,84.43,10,844.3,499.3,345.0,1258,5.3
TXN-13628,2025-09-25,CUST-0938,41,Male,Regular,Electronics,Charger,85.78,132.44,2,264.88,171.56,93.32,503,6.3
TXN-13387,2025-09-25,CUST-0590,57,Female,Regular,Clothing,Sneakers,20.09,39.7,1,39.7,20.09,19.61,558,4.3
TXN-11526,2025-09-25,CUST-0010,22,Female,Regular,Beauty & Health,Toothpaste,36.38,71.18,1,71.18,36.38,34.8,743,7.2
TXN-14005,2025-09-25,CUST-0232,48,Male,Regular,Groceries,Eggs,28.33,56.24,1,56.24,28.33,27.91,1396,6.3
TXN-12599,2025-09-25,CUST-0726,18,Female,Silver,Groceries,Apples,18.31,24.59,1,24.59,18.31,6.28,1557,5.9
TXN-12269,2025-09-25,CUST-0783,23,Male,Regular,Electronics,Mouse,41.17,78.14,1,78.14,41.17,36.97,1149,5.3
TXN-14394,2025-09-26,CUST-0127,37,Female,Silver,Electronics,Smartwatch,34.96,50.62,4,202.48,139.84,62.64,674,5.9
TXN-12553,2025-09-26,CUST-0507,27,Male,Silver,Home & Garden,Mug,5.57,9.8,10,98.0,55.7,42.3,713,7.2
TXN-12028,2025-09-26,CUST-0377,32,Male,Silver,Beauty & Health,Shampoo,25.11,45.77,4,183.08,100.44,82.64,919,7.8
TXN-12076,2025-09-26,CUST-0752,41,Female,Regular,Electronics,Smartwatch,34.96,50.62,2,101.24,69.92,31.32,857,7.4
TXN-12730,2025-09-26,CUST-0784,21,Male,Regular,Home & Garden,Frying Pan,11.59,15.48,2,30.96,23.18,7.78,1670,4.3
TXN-11211,2025-09-26,CUST-0363,39,Male,Regular,Groceries,Cereal,40.44,66.69,2,133.38,80.88,52.5,673,8.3
TXN-12358,2025-09-26,CUST-0785,36,Female,Regular,Clothing,Hat,3.72,6.93,1,6.93,3.72,3.21,641,5.9
TXN-11030,2025-09-26,CUST-0167,38,Female,Regular,Beauty & Health,Toothpaste,36.38,71.18,1,71.18,36.38,34.8,778,7.3
TXN-11518,2025-09-26,CUST-0521,25,Female,Regular,Groceries,Chicken,14.09,25.57,1,25.57,14.09,11.48,1853,4.7
TXN-12186,2025-09-26,CUST-0338,18,Male,Regular,Groceries,Rice,16.47,23.64,1,23.64,16.47,7.17,317,3.7
TXN-12603,2025-09-26,CUST-0861,36,Male,Regular,Home & Garden,Towel,36.45,51.3,4,205.2,145.8,59.4,810,8.9
TXN-13428,2025-09-27,CUST-0512,44,Female,Regular,Groceries,Cereal,40.44,66.69,1,66.69,40.44,26.25,499,5.8
TXN-14389,2025-09-27,CUST-0385,40,Male,Regular,Groceries,Pasta,47.29,56.99,1,56.99,47.29,9.7,1037,5.9
TXN-12901,2025-09-27,CUST-0283,19,Female,Silver,Beauty & Health,Face Wash,9.13,14.22,2,28.44,18.26,10.18,1202,4.3
TXN-10359,2025-09-27,CUST-0220,33,Male,Regular,Home & Garden,Plant Pot,34.48,43.76,5,218.8,172.4,46.4,1803,5.8
TXN-14342,2025-09-27,CUST-0778,41,Female,Silver,Clothing,Sneakers,20.09,39.7,1,39.7,20.09,19.61,503,6.9
TXN-13381,2025-09-27,CUST-0003,34,Male,Silver,Groceries,Rice,16.47,23.64,2,47.28,32.94,14.34,246,6.1
TXN-14731,2025-09-27,CUST-0173,36,Male,Regular,Electronics,Headphones,49.93,84.43,1,84.43,49.93,34.5,1021,5.2
TXN-14260,2025-09-27,CUST-0440,45,Male,Regular,Home & Garden,Bed Sheets,41.27,74.29,3,222.87,123.81,99.06,1496,7.3
TXN-12032,2025-09-27,CUST-0384,36,Female,Regular,Electronics,Smartwatch,34.96,50.62,2,101.24,69.92,31.32,859,6.1
TXN-11081,2025-09-27,CUST-0104,35,Female,Regular,Electronics,USB Drive,123.53,158.32,1,158.32,123.53,34.79,1673,6.9
TXN-11488,2025-09-27,CUST-0832,28,Male,Regular,Groceries,Pasta,47.29,56.99,4,227.96,189.16,38.8,1186,5.6
TXN-11514,2025-09-27,CUST-0390,21,Female,Regular,Beauty & Health,Vitamins,4.16,7.52,1,7.52,4.16,3.36,1238,4.2
TXN-14566,2025-09-27,CUST-0471,32,Female,Regular,Clothing,Jeans,45.05,74.05,1,74.05,45.05,29.0,1363,5.6
TXN-12607,2025-09-27,CUST-0462,28,Female,Regular,Clothing,T-Shirt,49.29,89.1,1,89.1,49.29,39.81,517,5.7
TXN-13532,2025-09-27,CUST-0433,66,Female,Silver,Beauty & Health,Lotion,8.66,15.35,3,46.05,25.98,20.07,942,5.6
TXN-13592,2025-09-27,CUST-0949,30,Male,Regular,Clothing,T-Shirt,49.29,89.1,2,178.2,98.58,79.62,448,5.0
TXN-11844,2025-09-27,CUST-0743,39,Male,Gold,Electronics,Headphones,49.93,84.43,2,168.86,99.86,69.0,1205,6.1
TXN-13412,2025-09-28,CUST-0405,48,Male,Regular,Groceries,Bread,45.02,60.28,1,60.28,45.02,15.26,716,5.2
TXN-12001,2025-09-28,CUST-0589,18,Female,Silver,Beauty & Health,Vitamins,4.16,7.52,1,7.52,4.16,3.36,1181,3.9
TXN-11271,2025-09-28,CUST-0601,41,Female,Silver,Beauty & Health,Soap,11.95,23.02,3,69.06,35.85,33.21,1025,6.8
TXN-14128,2025-09-28,CUST-0053,40,Female,Regular,Home & Garden,Mug,5.57,9.8,1,9.8,5.57,4.23,597,6.6
TXN-11345,2025-09-28,CUST-0483,28,Female,Silver,Groceries,Pasta,47.29,56.99,3,170.97,141.87,29.1,1205,7.4
TXN-11385,2025-09-28,CUST-0983,37,Male,Regular,Beauty & Health,Soap,11.95,23.02,1,23.02,11.95,11.07,1022,6.8
TXN-10546,2025-09-28,CUST-0574,20,Female,Regular,Groceries,Apples,18.31,24.59,5,122.95,91.55,31.4,1721,4.6
TXN-11229,2025-09-28,CUST-0560,50,Male,Silver,Electronics,Headphones,49.93,84.43,1,84.43,49.93,34.5,1238,5.6
TXN-10431,2025-09-28,CUST-0980,49,Male,Regular,Electronics,Headphones,49.93,84.43,2,168.86,99.86,69.0,1306,4.9
TXN-14223,2025-09-29,CUST-0544,33,Male,Regular,Electronics,USB Drive,123.53,158.32,1,158.32,123.53,34.79,1441,8.3
TXN-11625,2025-09-29,CUST-0168,25,Female,Regular,Clothing,Jacket,3.47,6.87,1,6.87,3.47,3.4,1419,4.5
TXN-12616,2025-09-29,CUST-0438,62,Female,Silver,Groceries,Pasta,47.29,56.99,1,56.99,47.29,9.7,1144,6.1
TXN-12905,2025-09-29,CUST-0042,44,Female,Regular,Clothing,Jacket,3.47,6.87,1,6.87,3.47,3.4,1289,7.1
TXN-14248,2025-09-29,CUST-0284,35,Male,Gold,Groceries,Apples,18.31,24.59,1,24.59,18.31,6.28,1418,6.5
TXN-14666,2025-09-29,CUST-0687,41,Female,Gold,Home & Garden,Plant Pot,34.48,43.76,1,43.76,34.48,9.28,1436,9.6
TXN-14067,2025-09-29,CUST-0439,19,Female,Silver,Electronics,USB Drive,123.53,158.32,1,158.32,123.53,34.79,1448,8.0
TXN-13557,2025-09-29,CUST-0357,38,Female,Gold,Clothing,T-Shirt,49.29,89.1,2,178.2,98.58,79.62,450,8.4
TXN-14826,2025-09-29,CUST-0664,50,Female,Silver,Beauty & Health,Face Wash,9.13,14.22,1,14.22,9.13,5.09,1077,5.0
TXN-10291,2025-09-30,CUST-0787,36,Female,Regular,Home & Garden,Lamp,30.34,59.03,1,59.03,30.34,28.69,976,7.1
TXN-10078,2025-09-30,CUST-0688,30,Female,Regular,Home & Garden,Frying Pan,11.59,15.48,1,15.48,11.59,3.89,1847,3.3
TXN-10662,2025-09-30,CUST-0648,44,Female,Regular,Beauty & Health,Toothpaste,36.38,71.18,1,71.18,36.38,34.8,805,6.5
TXN-10313,2025-09-30,CUST-0133,31,Female,Silver,Groceries,Cereal,40.44,66.69,1,66.69,40.44,26.25,751,4.9
TXN-10519,2025-09-30,CUST-0056,34,Male,Silver,Beauty & Health,Toothpaste,36.38,71.18,1,71.18,36.38,34.8,820,6.2
TXN-13017,2025-09-30,CUST-0231,38,Male,Regular,Home & Garden,Lamp,30.34,59.03,4,236.12,121.36,114.76,735,9.0
TXN-11225,2025-09-30,CUST-0112,31,Female,Regular,Groceries,Milk,32.13,59.75,1,59.75,32.13,27.62,1129,5.9
TXN-13344,2025-09-30,CUST-0292,66,Male,Regular,Beauty & Health,Face Wash,9.13,14.22,1,14.22,9.13,5.09,1151,3.6
TXN-10805,2025-09-30,CUST-0294,48,Female,Gold,Home & Garden,Mug,5.57,9.8,3,29.4,16.71,12.69,834,8.3
TXN-12814,2025-09-30,CUST-0684,28,Male,Silver,Groceries,Milk,32.13,59.75,1,59.75,32.13,27.62,1011,8.2
TXN-10364,2025-09-30,CUST-0251,33,Male,Regular,Home & Garden,Bed Sheets,41.27,74.29,2,148.58,82.54,66.04,1825,8.1
TXN-14774,2025-09-30,CUST-0321,31,Female,Regular,Beauty & Health,Lotion,8.66,15.35,1,15.35,8.66,6.69,890,7.1
TXN-13337,2025-09-30,CUST-0871,34,Male,Silver,Clothing,Jeans,45.05,74.05,2,148.1,90.1,58.0,1469,4.9
TXN-10859,2025-09-30,CUST-0490,18,Male,Silver,Groceries,Rice,16.47,23.64,3,70.92,49.41,21.51,440,4.6
TXN-11636,2025-10-01,CUST-0109,20,Female,Regular,Groceries,Apples,18.31,24.59,1,24.59,18.31,6.28,1612,5.8
TXN-14548,2025-10-01,CUST-0791,43,Male,Regular,Electronics,Mouse,41.17,78.14,2,156.28,82.34,73.94,996,4.9
TXN-11116,2025-10-01,CUST-0433,18,Female,Regular,Beauty & Health,Soap,11.95,23.02,2,46.04,23.9,22.14,1047,5.3
TXN-14499,2025-10-01,CUST-0707,40,Female,Silver,Beauty & Health,Toothpaste,36.38,71.18,10,711.8,363.8,348.0,505,7.1
TXN-11537,2025-10-01,CUST-0056,24,Female,Gold,Beauty & Health,Shampoo,25.11,45.77,3,137.31,75.33,61.98,970,7.1
TXN-11976,2025-10-01,CUST-0291,28,Other,Regular,Beauty & Health,Toothpaste,36.38,71.18,4,284.72,145.52,139.2,707,7.5
TXN-11801,2025-10-01,CUST-0315,30,Female,Silver,Home & Garden,Mug,5.57,9.8,1,9.8,5.57,4.23,777,8.0
TXN-14911,2025-10-01,CUST-0481,52,Other,Silver,Clothing,Hat,3.72,6.93,1,6.93,3.72,3.21,499,7.8
TXN-10800,2025-10-01,CUST-0766,39,Male,Silver,Beauty & Health,Lotion,8.66,15.35,1,15.35,8.66,6.69,1089,5.8
TXN-10752,2025-10-01,CUST-0806,36,Female,Regular,Clothing,T-Shirt,49.29,89.1,1,89.1,49.29,39.81,655,6.5
TXN-13349,2025-10-01,CUST-0743,30,Male,Regular,Electronics,Charger,85.78,132.44,2,264.88,171.56,93.32,532,8.6
TXN-10043,2025-10-01,CUST-0639,56,Female,Regular,Groceries,Milk,32.13,59.75,4,239.0,128.52,110.48,1184,7.3
TXN-10900,2025-10-01,CUST-0745,73,Female,Regular,Groceries,Rice,16.47,23.64,1,23.64,16.47,7.17,429,5.1
TXN-13493,2025-10-01,CUST-0595,41,Male,Regular,Clothing,Socks,46.78,72.77,1,72.77,46.78,25.99,1056,4.6
TXN-14688,2025-10-02,CUST-0155,26,Female,Regular,Electronics,Keyboard,107.66,156.53,3,469.59,322.98,146.61,520,7.9
TXN-14449,2025-10-02,CUST-0302,30,Male,Regular,Home & Garden,Frying Pan,11.59,15.48,5,77.4,57.95,19.45,1501,7.6
TXN-14870,2025-10-02,CUST-0753,18,Male,Regular,Electronics,Charger,85.78,132.44,1,132.44,85.78,46.66,426,6.5
TXN-11167,2025-10-02,CUST-0272,36,Male,Regular,Clothing,Socks,46.78,72.77,1,72.77,46.78,25.99,1222,6.3
TXN-14557,2025-10-02,CUST-0582,18,Male,Regular,Groceries,Eggs,28.33,56.24,2,112.48,56.66,55.82,1368,5.2
TXN-12447,2025-10-02,CUST-0399,46,Male,Silver,Electronics,USB Drive,123.53,158.32,1,158.32,123.53,34.79,1568,5.4
TXN-11679,2025-10-02,CUST-0323,43,Male,Silver,Clothing,T-Shirt,49.29,89.1,5,445.5,246.45,199.05,579,8.7
TXN-11702,2025-10-02,CUST-0829,31,Female,Regular,Beauty & Health,Toothpaste,36.38,71.18,4,284.72,145.52,139.2,730,4.2
TXN-11055,2025-10-02,CUST-0824,26,Male,Regular,Home & Garden,Towel,36.45,51.3,1,51.3,36.45,14.85,905,6.5
TXN-14782,2025-10-02,CUST-0871,34,Female,Silver,Home & Garden,Frying Pan,11.59,15.48,1,15.48,11.59,3.89,1467,5.2
TXN-13309,2025-10-02,CUST-0465,57,Female,Regular,Electronics,Smartwatch,34.96,50.62,10,506.2,349.6,156.6,768,7.1
TXN-13800,2025-10-02,CUST-0711,41,Male,Silver,Clothing,Sneakers,20.09,39.7,3,119.1,60.27,58.83,533,7.7
TXN-12078,2025-10-02,CUST-0929,21,Female,Regular,Home & Garden,Lamp,30.34,59.03,4,236.12,121.36,114.76,821,6.4
TXN-13250,2025-10-03,CUST-0676,32,Male,Regular,Home & Garden,Towel,36.45,51.3,1,51.3,36.45,14.85,767,5.7
TXN-13264,2025-10-03,CUST-0611,24,Male,Silver,Electronics,Mouse,41.17,78.14,2,156.28,82.34,73.94,1070,6.4
TXN-10405,2025-10-03,CUST-0439,31,Female,Regular,Home & Garden,Frying Pan,11.59,15.48,1,15.48,11.59,3.89,1829,6.2
TXN-10682,2025-10-03,CUST-0627,46,Other,Regular,Beauty & Health,Vitamins,4.16,7.52,1,7.52,4.16,3.36,1316,6.9
TXN-10935,2025-10-03,CUST-0866,25,Female,Regular,Clothing,Sneakers,20.09,39.7,3,119.1,60.27,58.83,713,6.7
TXN-13653,2025-10-03,CUST-0634,47,Female,Silver,Groceries,Apples,18.31,24.59,1,24.59,18.31,6.28,1473,5.5
TXN-12568,2025-10-03,CUST-0660,28,Female,Regular,Electronics,USB Drive,123.53,158.32,2,316.64,247.06,69.58,1556,6.7
TXN-11955,2025-10-03,CUST-0630,49,Female,Regular,Groceries,Apples,18.31,24.59,1,24.59,18.31,6.28,1592,7.5
TXN-14846,2025-10-03,CUST-0460,44,Male,Regular,Groceries,Milk,32.13,59.75,2,119.5,64.26,55.24,880,6.5
TXN-14652,2025-10-04,CUST-0822,34,Female,Regular,Home & Garden,Plant Pot,34.48,43.76,1,43.76,34.48,9.28,1439,5.2
TXN-12735,2025-10-04,CUST-0600,32,Male,Regular,Clothing,T-Shirt,49.29,89.1,2,178.2,98.58,79.62,504,5.0
TXN-13219,2025-10-04,CUST-0311,37,Female,Regular,Home & Garden,Bed Sheets,41.27,74.29,1,74.29,41.27,33.02,1586,6.1
TXN-14163,2025-10-04,CUST-0023,18,Male,Regular,Home & Garden,Frying Pan,11.59,15.48,4,61.92,46.36,15.56,1526,6.1
TXN-14447,2025-10-04,CUST-0167,35,Male,Regular,Groceries,Rice,16.47,23.64,1,23.64,16.47,7.17,128,8.5
TXN-12585,2025-10-04,CUST-0484,50,Female,Regular,Clothing,T-Shirt,49.29,89.1,1,89.1,49.29,39.81,518,6.2
TXN-10397,2025-10-04,CUST-0900,48,Male,Silver,Home & Garden,Lamp,30.34,59.03,1,59.03,30.34,28.69,965,6.2
TXN-14615,2025-10-04,CUST-0273,47,Male,Regular,Home & Garden,Plant Pot,34.48,43.76,1,43.76,34.48,9.28,1444,4.0
TXN-12916,2025-10-04,CUST-0208,28,Male,Regular,Electronics,USB Drive,123.53,158.32,10,1583.2,1235.3,347.9,1528,6.7
TXN-13976,2025-10-04,CUST-0516,39,Female,Regular,Groceries,Chicken,14.09,25.57,1,25.57,14.09,11.48,1686,5.0
TXN-12911,2025-10-04,CUST-0059,36,Male,Regular,Electronics,Smartwatch,34.96,50.62,1,50.62,34.96,15.66,815,5.8
TXN-10952,2025-10-04,CUST-0284,18,Female,Gold,Groceries,Rice,16.47,23.64,3,70.92,49.41,21.51,412,7.7
TXN-12908,2025-10-04,CUST-0995,33,Male,Regular,Electronics,Charger,85.78,132.44,1,132.44,85.78,46.66,559,7.1
TXN-12745,2025-10-04,CUST-0233,29,Male,Gold,Home & Garden,Bed Sheets,41.27,74.29,5,371.45,206.35,165.1,1626,10.0
TXN-11519,2025-10-04,CUST-0698,45,Female,Regular,Electronics,Mouse,41.17,78.14,4,312.56,164.68,147.88,1182,6.0
TXN-12738,2025-10-04,CUST-0349,40,Female,Silver,Groceries,Rice,16.47,23.64,3,70.92,49.41,21.51,282,5.4
TXN-11819,2025-10-04,CUST-0916,38,Female,Regular,Home & Garden,Lamp,30.34,59.03,1,59.03,30.34,28.69,849,3.5
TXN-11795,2025-10-04,CUST-0093,51,Male,Silver,Beauty & Health,Lotion,8.66,15.35,2,30.7,17.32,13.38,1051,4.4
TXN-13458,2025-10-04,CUST-0053,33,Female,Gold,Beauty & Health,Shampoo,25.11,45.77,1,45.77,25.11,20.66,793,7.1
TXN-12059,2025-10-04,CUST-0583,23,Male,Gold,Electronics,Headphones,49.93,84.43,1,84.43,49.93,34.5,1196,7.4
TXN-10023,2025-10-04,CUST-0187,42,Male,Regular,Beauty & Health,Vitamins,4.16,7.52,1,7.52,4.16,3.36,1350,8.2
TXN-11954,2025-10-05,CUST-0330,42,Male,Gold,Beauty & Health,Lotion,8.66,15.35,1,15.35,8.66,6.69,1041,8.9
TXN-10818,2025-10-05,CUST-0457,35,Male,Gold,Clothing,Socks,46.78,72.77,1,72.77,46.78,25.99,1255,7.5
TXN-14081,2025-10-05,CUST-0505,27,Male,Gold,Electronics,Headphones,49.93,84.43,1,84.43,49.93,34.5,1068,5.7
TXN-14616,2025-10-05,CUST-0173,66,Female,Silver,Clothing,Socks,46.78,72.77,1,72.77,46.78,25.99,958,3.9
TXN-14444,2025-10-05,CUST-0952,44,Female,Regular,Home & Garden,Bed Sheets,41.27,74.29,1,74.29,41.27,33.02,1494,5.4
TXN-10997,2025-10-05,CUST-0251,22,Male,Regular,Beauty & Health,Vitamins,4.16,7.52,2,15.04,8.32,6.72,1284,8.3
TXN-11056,2025-10-05,CUST-0262,47,Female,Regular,Clothing,Sneakers,20.09,39.7,3,119.1,60.27,58.83,692,4.5
TXN-12016,2025-10-05,CUST-0623,26,Male,Regular,Beauty & Health,Toothpaste,36.38,71.18,1,71.18,36.38,34.8,701,5.1
TXN-12710,2025-10-05,CUST-0328,41,Male,Regular,Groceries,Apples,18.31,24.59,1,24.59,18.31,6.28,1545,7.8
TXN-13936,2025-10-05,CUST-0371,27,Female,Regular,Clothing,Hat,3.72,6.93,1,6.93,3.72,3.21,563,6.6
TXN-14950,2025-10-05,CUST-0475,35,Male,Regular,Electronics,Keyboard,107.66,156.53,4,626.12,430.64,195.48,505,7.6
TXN-13257,2025-10-05,CUST-0412,31,Other,Regular,Groceries,Bread,45.02,60.28,1,60.28,45.02,15.26,748,7.4
TXN-11642,2025-10-05,CUST-0170,31,Female,Regular,Home & Garden,Plant Pot,34.48,43.76,4,175.04,137.92,37.12,1689,6.3
TXN-13182,2025-10-05,CUST-0368,45,Female,Silver,Home & Garden,Plant Pot,34.48,43.76,1,43.76,34.48,9.28,1579,6.2
TXN-11707,2025-10-05,CUST-0916,41,Female,Regular,Beauty & Health,Face Wash,9.13,14.22,3,42.66,27.39,15.27,1309,4.5
TXN-14687,2025-10-05,CUST-0206,44,Male,Regular,Clothing,Hat,3.72,6.93,1,6.93,3.72,3.21,509,7.6
TXN-11214,2025-10-06,CUST-0419,62,Male,Gold,Electronics,Keyboard,107.66,156.53,1,156.53,107.66,48.87,788,6.4
TXN-11018,2025-10-06,CUST-0509,20,Male,Regular,Electronics,Mouse,41.17,78.14,1,78.14,41.17,36.97,1234,5.3
TXN-10459,2025-10-06,CUST-0982,38,Female,Silver,Groceries,Pasta,47.29,56.99,10,569.9,472.9,97.0,1247,6.2
TXN-13870,2025-10-06,CUST-0178,35,Male,Silver,Clothing,Socks,46.78,72.77,2,145.54,93.56,51.98,1005,7.1
TXN-10378,2025-10-06,CUST-0787,25,Male,Regular,Electronics,Headphones,49.93,84.43,1,84.43,49.93,34.5,1309,6.1
TXN-11234,2025-10-06,CUST-0647,25,Female,Regular,Electronics,Mouse,41.17,78.14,1,78.14,41.17,36.97,1209,6.6
TXN-10437,2025-10-06,CUST-0263,49,Male,Silver,Electronics,Charger,85.78,132.44,2,264.88,171.56,93.32,733,7.2
TXN-13358,2025-10-06,CUST-0352,35,Male,Silver,Groceries,Rice,16.47,23.64,5,118.2,82.35,35.85,248,6.2
TXN-11440,2025-10-06,CUST-0823,40,Female,Silver,Groceries,Pasta,47.29,56.99,1,56.99,47.29,9.7,1201,6.0
TXN-11568,2025-10-06,CUST-0765,54,Other,Regular,Electronics,Keyboard,107.66,156.53,2,313.06,215.32,97.74,761,6.8
TXN-11565,2025-10-06,CUST-0312,34,Female,Silver,Groceries,Apples,18.31,24.59,2,49.18,36.62,12.56,1625,5.6
TXN-13855,2025-10-06,CUST-0419,27,Female,Silver,Groceries,Cereal,40.44,66.69,3,200.07,121.32,78.75,460,4.3
TXN-11454,2025-10-06,CUST-0250,50,Female,Silver,Groceries,Bread,45.02,60.28,2,120.56,90.04,30.52,915,7.4
TXN-11408,2025-10-07,CUST-0638,41,Female,Regular,Beauty & Health,Lotion,8.66,15.35,3,46.05,25.98,20.07,1066,5.4
TXN-12755,2025-10-07,CUST-0563,43,Female,Silver,Groceries,Cereal,40.44,66.69,1,66.69,40.44,26.25,568,5.4
TXN-13232,2025-10-07,CUST-0966,25,Female,Silver,Home & Garden,Lamp,30.34,59.03,1,59.03,30.34,28.69,720,5.1
TXN-14496,2025-10-07,CUST-0288,41,Male,Silver,Home & Garden,Lamp,30.34,59.03,1,59.03,30.34,28.69,611,6.7
TXN-12963,2025-10-07,CUST-0900,35,Female,Regular,Clothing,Jacket,3.47,6.87,1,6.87,3.47,3.4,1287,6.3
TXN-10777,2025-10-07,CUST-0674,18,Male,Regular,Clothing,T-Shirt,49.29,89.1,2,178.2,98.58,79.62,652,7.1
TXN-11786,2025-10-07,CUST-0997,42,Male,Silver,Groceries,Rice,16.47,23.64,1,23.64,16.47,7.17,360,8.4
TXN-14046,2025-10-07,CUST-0262,41,Female,Regular,Home & Garden,Frying Pan,11.59,15.48,4,61.92,46.36,15.56,1549,5.5
TXN-10317,2025-10-07,CUST-0265,30,Female,Silver,Home & Garden,Plant Pot,34.48,43.76,1,43.76,34.48,9.28,1815,8.4
TXN-11102,2025-10-07,CUST-0455,41,Other,Regular,Home & Garden,Frying Pan,11.59,15.48,10,154.8,115.9,38.9,1770,6.6
TXN-13416,2025-10-07,CUST-0388,28,Other,Silver,Groceries,Chicken,14.09,25.57,1,25.57,14.09,11.48,1739,6.1
TXN-14592,2025-10-07,CUST-0962,23,Male,Regular,Home & Garden,Plant Pot,34.48,43.76,1,43.76,34.48,9.28,1445,6.3
TXN-11555,2025-10-07,CUST-0350,36,Female,Regular,Clothing,T-Shirt,49.29,89.1,2,178.2,98.58,79.62,586,4.7
TXN-13758,2025-10-07,CUST-0068,48,Male,Regular,Groceries,Bread,45.02,60.28,1,60.28,45.02,15.26,676,6.6
TXN-11111,2025-10-07,CUST-0122,25,Female,Gold,Groceries,Rice,16.47,23.64,1,23.64,16.47,7.17,405,7.8
TXN-14634,2025-10-07,CUST-0126,19,Male,Regular,Electronics,Keyboard,107.66,156.53,1,156.53,107.66,48.87,523,3.8
TXN-11183,2025-10-07,CUST-0227,32,Male,Regular,Electronics,Smartwatch,34.96,50.62,10,506.2,349.6,156.6,927,8.1
TXN-10950,2025-10-08,CUST-0860,26,Male,Regular,Beauty & Health,Shampoo,25.11,45.77,1,45.77,25.11,20.66,987,4.6
TXN-12902,2025-10-08,CUST-0071,41,Male,Gold,Groceries,Rice,16.47,23.64,3,70.92,49.41,21.51,274,7.1
TXN-10944,2025-10-08,CUST-0460,18,Female,Regular,Beauty & Health,Vitamins,4.16,7.52,1,7.52,4.16,3.36,1296,5.2
TXN-14723,2025-10-08,CUST-0097,37,Male,Silver,Groceries,Rice,16.47,23.64,2,47.28,32.94,14.34,112,3.6
TXN-11282,2025-10-08,CUST-0102,24,Male,Regular,Groceries,Apples,18.31,24.59,4,98.36,73.24,25.12,1664,6.9
TXN-11461,2025-10-08,CUST-0278,32,Female,Silver,Groceries,Cereal,40.44,66.69,2,133.38,80.88,52.5,653,8.0
TXN-11956,2025-10-08,CUST-0876,18,Female,Gold,Beauty & Health,Shampoo,25.11,45.77,3,137.31,75.33,61.98,927,7.0
TXN-13419,2025-10-09,CUST-0161,41,Male,Regular,Electronics,Smartwatch,34.96,50.62,1,50.62,34.96,15.66,756,6.7
TXN-14356,2025-10-09,CUST-0100,30,Male,Regular,Electronics,Keyboard,107.66,156.53,5,782.65,538.3,244.35,547,7.4
TXN-12101,2025-10-09,CUST-0646,48,Male,Silver,Clothing,T-Shirt,49.29,89.1,1,89.1,49.29,39.81,554,7.4
TXN-12588,2025-10-09,CUST-0156,35,Male,Silver,Beauty & Health,Shampoo,25.11,45.77,2,91.54,50.22,41.32,875,5.7
TXN-14132,2025-10-09,CUST-0381,26,Male,Regular,Clothing,Jeans,45.05,74.05,2,148.1,90.1,58.0,1390,5.9
TXN-14096,2025-10-09,CUST-0345,28,Male,Regular,Home & Garden,Plant Pot,34.48,43.76,4,175.04,137.92,37.12,1507,6.3
TXN-14242,2025-10-09,CUST-0705,40,Male,Regular,Electronics,Smartwatch,34.96,50.62,1,50.62,34.96,15.66,692,4.6
TXN-14154,2025-10-09,CUST-0222,36,Male,Regular,Electronics,USB Drive,123.53,158.32,1,158.32,123.53,34.79,1446,6.8
TXN-11927,2025-10-09,CUST-0850,49,Female,Regular,Groceries,Rice,16.47,23.64,2,47.28,32.94,14.34,357,5.7
TXN-10376,2025-10-09,CUST-0705,30,Male,Silver,Clothing,Socks,46.78,72.77,4,291.08,187.12,103.96,1275,8.2
TXN-14842,2025-10-09,CUST-0123,22,Other,Silver,Clothing,T-Shirt,49.29,89.1,1,89.1,49.29,39.81,364,4.9
TXN-14546,2025-10-09,CUST-0820,18,Female,Silver,Home & Garden,Plant Pot,34.48,43.76,4,175.04,137.92,37.12,1451,5.0
TXN-12480,2025-10-10,CUST-0043,41,Male,Silver,Clothing,T-Shirt,49.29,89.1,1,89.1,49.29,39.81,525,4.2
TXN-10525,2025-10-10,CUST-0467,41,Male,Silver,Beauty & Health,Face Wash,9.13,14.22,1,14.22,9.13,5.09,1399,7.6
TXN-14683,2025-10-10,CUST-0951,24,Male,Regular,Electronics,Mouse,41.17,78.14,1,78.14,41.17,36.97,983,7.3
TXN-13882,2025-10-10,CUST-0788,56,Female,Regular,Groceries,Apples,18.31,24.59,1,24.59,18.31,6.28,1453,6.6
TXN-11581,2025-10-10,CUST-0577,29,Female,Silver,Groceries,Pasta,47.29,56.99,1,56.99,47.29,9.7,1184,5.9
TXN-13010,2025-10-10,CUST-0978,34,Male,Regular,Beauty & Health,Face Wash,9.13,14.22,1,14.22,9.13,5.09,1195,8.3
TXN-10927,2025-10-10,CUST-0414,25,Male,Regular,Groceries,Eggs,28.33,56.24,1,56.24,28.33,27.91,1629,7.0
TXN-12797,2025-10-10,CUST-0664,43,Female,Regular,Home & Garden,Plant Pot,34.48,43.76,2,87.52,68.96,18.56,1617,6.1
TXN-10007,2025-10-10,CUST-0946,28,Male,Regular,Beauty & Health,Toothpaste,36.38,71.18,1,71.18,36.38,34.8,846,5.1
TXN-12381,2025-10-10,CUST-0741,55,Male,Regular,Electronics,Smartwatch,34.96,50.62,1,50.62,34.96,15.66,846,5.9
TXN-13857,2025-10-10,CUST-0025,26,Female,Silver,Home & Garden,Bed Sheets,41.27,74.29,5,371.45,206.35,165.1,1533,6.4
TXN-11258,2025-10-10,CUST-0228,38,Female,Regular,Beauty & Health,Face Wash,9.13,14.22,3,42.66,27.39,15.27,1330,5.2
TXN-11944,2025-10-11,CUST-0986,18,Male,Silver,Groceries,Pasta,47.29,56.99,2,113.98,94.58,19.4,1168,3.5
TXN-10575,2025-10-11,CUST-0462,27,Male,Regular,Clothing,Socks,46.78,72.77,4,291.08,187.12,103.96,1268,7.9
TXN-11716,2025-10-11,CUST-0313,23,Female,Regular,Beauty & Health,Soap,11.95,23.02,2,46.04,23.9,22.14,993,6.4
TXN-14673,2025-10-11,CUST-0912,20,Male,Silver,Groceries,Eggs,28.33,56.24,1,56.24,28.33,27.91,1359,6.7
TXN-11888,2025-10-11,CUST-0066,63,Male,Gold,Groceries,Cereal,40.44,66.69,1,66.69,40.44,26.25,619,6.5
TXN-10829,2025-10-11,CUST-0684,18,Male,Regular,Clothing,Hat,3.72,6.93,5,34.65,18.6,16.05,762,8.2
TXN-13491,2025-10-11,CUST-0478,40,Male,Silver,Groceries,Rice,16.47,23.64,3,70.92,49.41,21.51,235,3.6
TXN-12756,2025-10-11,CUST-0812,61,Female,Silver,Groceries,Apples,18.31,24.59,1,24.59,18.31,6.28,1539,4.5
TXN-11704,2025-10-11,CUST-0713,25,Female,Regular,Electronics,Headphones,49.93,84.43,3,253.29,149.79,103.5,1216,5.5
TXN-11605,2025-10-11,CUST-0832,28,Male,Regular,Clothing,T-Shirt,49.29,89.1,1,89.1,49.29,39.81,584,7.1
TXN-12077,2025-10-11,CUST-0549,46,Male,Regular,Beauty & Health,Shampoo,25.11,45.77,1,45.77,25.11,20.66,908,8.5
TXN-13603,2025-10-11,CUST-0260,46,Male,Regular,Groceries,Cereal,40.44,66.69,4,266.76,161.76,105.0,479,6.8
TXN-13427,2025-10-11,CUST-0033,27,Female,Silver,Electronics,USB Drive,123.53,158.32,1,158.32,123.53,34.79,1500,4.8
TXN-11067,2025-10-12,CUST-0382,21,Female,Regular,Groceries,Eggs,28.33,56.24,1,56.24,28.33,27.91,1621,6.3
TXN-13028,2025-10-12,CUST-0940,41,Female,Regular,Beauty & Health,Soap,11.95,23.02,1,23.02,11.95,11.07,923,5.1
TXN-12801,2025-10-12,CUST-0371,49,Female,Silver,Clothing,T-Shirt,49.29,89.1,4,356.4,197.16,159.24,500,5.9
TXN-11262,2025-10-12,CUST-0408,28,Female,Regular,Clothing,Socks,46.78,72.77,2,145.54,93.56,51.98,1219,3.5
TXN-13995,2025-10-12,CUST-0937,37,Male,Regular,Home & Garden,Towel,36.45,51.3,1,51.3,36.45,14.85,694,7.9
TXN-13907,2025-10-12,CUST-0526,31,Male,Silver,Groceries,Rice,16.47,23.64,2,47.28,32.94,14.34,207,5.7
TXN-14821,2025-10-12,CUST-0838,28,Male,Regular,Electronics,Headphones,49.93,84.43,1,84.43,49.93,34.5,1020,6.0
TXN-13026,2025-10-12,CUST-0743,28,Other,Gold,Home & Garden,Bed Sheets,41.27,74.29,1,74.29,41.27,33.02,1602,7.2
TXN-11093,2025-10-12,CUST-0846,18,Female,Regular,Home & Garden,Frying Pan,11.59,15.48,2,30.96,23.18,7.78,1781,5.7
TXN-10934,2025-10-12,CUST-0227,61,Male,Regular,Clothing,Jacket,3.47,6.87,1,6.87,3.47,3.4,1473,3.6
TXN-11677,2025-10-13,CUST-0466,28,Male,Regular,Clothing,Jeans,45.05,74.05,1,74.05,45.05,29.0,1593,5.0
TXN-14742,2025-10-13,CUST-0959,19,Male,Regular,Groceries,Chicken,14.09,25.57,2,51.14,28.18,22.96,1628,4.7
TXN-11203,2025-10-13,CUST-0070,30,Other,Regular,Beauty & Health,Shampoo,25.11,45.77,1,45.77,25.11,20.66,982,5.9
TXN-12744,2025-10-13,CUST-0930,34,Female,Regular,Groceries,Cereal,40.44,66.69,4,266.76,161.76,105.0,569,5.7
TXN-12036,2025-10-13,CUST-0154,21,Female,Regular,Electronics,Keyboard,107.66,156.53,2,313.06,215.32,97.74,739,4.8
TXN-10784,2025-10-13,CUST-0600,37,Female,Regular,Groceries,Apples,18.31,24.59,1,24.59,18.31,6.28,1697,6.3
TXN-14359,2025-10-13,CUST-0958,49,Female,Regular,Electronics,Headphones,49.93,84.43,1,84.43,49.93,34.5,1044,5.5
TXN-13082,2025-10-13,CUST-0845,44,Male,Regular,Home & Garden,Towel,36.45,51.3,3,153.9,109.35,44.55,776,5.0
TXN-10751,2025-10-13,CUST-0113,18,Male,Regular,Beauty & Health,Toothpaste,36.38,71.18,4,284.72,145.52,139.2,801,6.6
TXN-12329,2025-10-13,CUST-0476,25,Male,Regular,Home & Garden,Frying Pan,11.59,15.48,1,15.48,11.59,3.89,1691,5.0
TXN-10061,2025-10-13,CUST-0211,36,Male,Silver,Home & Garden,Plant Pot,34.48,43.76,1,43.76,34.48,9.28,1828,8.1
TXN-13249,2025-10-13,CUST-0184,21,Female,Silver,Clothing,Jeans,45.05,74.05,3,222.15,135.15,87.0,1471,6.7
TXN-11337,2025-10-14,CUST-0605,33,Female,Gold,Groceries,Milk,32.13,59.75,4,239.0,128.52,110.48,1123,10.0
TXN-14575,2025-10-14,CUST-0493,28,Female,Regular,Groceries,Milk,32.13,59.75,1,59.75,32.13,27.62,907,6.0
TXN-11475,2025-10-14,CUST-0642,41,Female,Regular,Electronics,Charger,85.78,132.44,2,264.88,171.56,93.32,661,7.4
TXN-13431,2025-10-14,CUST-0456,19,Male,Regular,Groceries,Bread,45.02,60.28,5,301.4,225.1,76.3,711,5.5
TXN-11105,2025-10-14,CUST-0747,18,Female,Silver,Beauty & Health,Face Wash,9.13,14.22,1,14.22,9.13,5.09,1348,6.6
TXN-13851,2025-10-14,CUST-0189,36,Female,Silver,Home & Garden,Mug,5.57,9.8,1,9.8,5.57,4.23,627,5.8
TXN-13392,2025-10-14,CUST-0029,36,Male,Silver,Clothing,T-Shirt,49.29,89.1,2,178.2,98.58,79.62,456,6.4
TXN-11871,2025-10-14,CUST-0678,19,Male,Regular,Electronics,Keyboard,107.66,156.53,1,156.53,107.66,48.87,745,6.3
TXN-11827,2025-10-14,CUST-0925,37,Other,Regular,Clothing,Hat,3.72,6.93,1,6.93,3.72,3.21,675,5.1
TXN-14841,2025-10-14,CUST-0378,29,Male,Regular,Electronics,USB Drive,123.53,158.32,2,316.64,247.06,69.58,1404,7.3
TXN-11367,2025-10-14,CUST-0271,43,Female,Silver,Electronics,Smartwatch,34.96,50.62,1,50.62,34.96,15.66,896,4.5
TXN-12577,2025-10-14,CUST-0885,25,Male,Silver,Home & Garden,Bed Sheets,41.27,74.29,2,148.58,82.54,66.04,1641,7.0
TXN-14440,2025-10-14,CUST-0642,23,Male,Regular,Groceries,Rice,16.47,23.64,10,236.4,164.7,71.7,129,6.0
TXN-13740,2025-10-14,CUST-0253,35,Male,Silver,Clothing,Socks,46.78,72.77,1,72.77,46.78,25.99,1019,5.8
TXN-12172,2025-10-14,CUST-0446,24,Female,Silver,Beauty & Health,Lotion,8.66,15.35,3,46.05,25.98,20.07,1023,8.3
TXN-14998,2025-10-14,CUST-0947,25,Male,Silver,Electronics,Headphones,49.93,84.43,1,84.43,49.93,34.5,1009,6.7
TXN-11341,2025-10-15,CUST-0844,42,Male,Regular,Groceries,Pasta,47.29,56.99,1,56.99,47.29,9.7,1208,5.6
TXN-13435,2025-10-15,CUST-0793,18,Male,Regular,Home & Garden,Towel,36.45,51.3,2,102.6,72.9,29.7,747,5.2
TXN-13327,2025-10-15,CUST-0419,42,Male,Regular,Beauty & Health,Vitamins,4.16,7.52,1,7.52,4.16,3.36,1083,4.5
TXN-11375,2025-10-15,CUST-0425,31,Male,Regular,Clothing,Socks,46.78,72.77,1,72.77,46.78,25.99,1208,5.6
TXN-10820,2025-10-15,CUST-0403,42,Male,Regular,Home & Garden,Towel,36.45,51.3,10,513.0,364.5,148.5,931,7.8
TXN-14994,2025-10-15,CUST-0886,22,Female,Regular,Clothing,Hat,3.72,6.93,2,13.86,7.44,6.42,478,4.7
TXN-12921,2025-10-15,CUST-0140,37,Female,Regular,Clothing,Hat,3.72,6.93,1,6.93,3.72,3.21,611,5.5
TXN-12799,2025-10-15,CUST-0768,60,Male,Regular,Home & Garden,Lamp,30.34,59.03,1,59.03,30.34,28.69,746,5.4
TXN-11744,2025-10-15,CUST-0981,49,Male,Silver,Groceries,Apples,18.31,24.59,1,24.59,18.31,6.28,1602,4.0
TXN-13117,2025-10-15,CUST-0123,23,Female,Regular,Electronics,Smartwatch,34.96,50.62,10,506.2,349.6,156.6,785,6.0
TXN-14160,2025-10-15,CUST-0136,26,Male,Silver,Electronics,Keyboard,107.66,156.53,2,313.06,215.32,97.74,576,6.3
TXN-10915,2025-10-15,CUST-0987,22,Male,Silver,Beauty & Health,Soap,11.95,23.02,1,23.02,11.95,11.07,1061,5.9
TXN-14502,2025-10-15,CUST-0978,24,Female,Gold,Electronics,Charger,85.78,132.44,1,132.44,85.78,46.66,444,9.2
TXN-11933,2025-10-15,CUST-0384,28,Female,Silver,Clothing,Socks,46.78,72.77,1,72.77,46.78,25.99,1178,6.8
TXN-14032,2025-10-15,CUST-0745,36,Female,Regular,Home & Garden,Plant Pot,34.48,43.76,1,43.76,34.48,9.28,1512,5.5
TXN-14725,2025-10-16,CUST-0003,41,Male,Regular,Electronics,Headphones,49.93,84.43,2,168.86,99.86,69.0,1022,3.4
TXN-11630,2025-10-16,CUST-0367,42,Female,Regular,Clothing,Jacket,3.47,6.87,2,13.74,6.94,6.8,1417,3.6
TXN-10290,2025-10-16,CUST-0087,46,Male,Regular,Clothing,Hat,3.72,6.93,1,6.93,3.72,3.21,817,5.5
TXN-11034,2025-10-16,CUST-0768,50,Male,Regular,Groceries,Eggs,28.33,56.24,1,56.24,28.33,27.91,1624,4.1
TXN-13894,2025-10-16,CUST-0315,57,Female,Silver,Groceries,Rice,16.47,23.64,1,23.64,16.47,7.17,209,5.4
TXN-14587,2025-10-16,CUST-0276,23,Female,Silver,Clothing,Socks,46.78,72.77,1,72.77,46.78,25.99,961,6.1
TXN-12298,2025-10-16,CUST-0953,50,Male,Regular,Clothing,T-Shirt,49.29,89.1,4,356.4,197.16,159.24,539,5.9
TXN-12640,2025-10-16,CUST-0124,50,Female,Regular,Home & Garden,Mug,5.57,9.8,5,49.0,27.85,21.15,706,4.5
TXN-13580,2025-10-16,CUST-0209,36,Female,Regular,Groceries,Milk,32.13,59.75,1,59.75,32.13,27.62,966,5.3
TXN-14261,2025-10-16,CUST-0247,40,Male,Gold,Beauty & Health,Shampoo,25.11,45.77,4,183.08,100.44,82.64,742,7.7
TXN-14953,2025-10-16,CUST-0416,32,Female,Gold,Clothing,Hat,3.72,6.93,5,34.65,18.6,16.05,492,10.0
TXN-14124,2025-10-17,CUST-0482,44,Male,Silver,Beauty & Health,Vitamins,4.16,7.52,1,7.52,4.16,3.36,1034,7.2
TXN-12080,2025-10-17,CUST-0623,39,Male,Silver,Beauty & Health,Shampoo,25.11,45.77,4,183.08,100.44,82.64,904,6.8
TXN-13728,2025-10-17,CUST-0643,18,Male,Regular,Groceries,Chicken,14.09,25.57,1,25.57,14.09,11.48,1704,5.5
TXN-13195,2025-10-17,CUST-0244,42,Other,Silver,Home & Garden,Frying Pan,11.59,15.48,3,46.44,34.77,11.67,1650,4.5
TXN-10609,2025-10-17,CUST-0275,26,Male,Regular,Groceries,Eggs,28.33,56.24,1,56.24,28.33,27.91,1653,7.6
TXN-13968,2025-10-17,CUST-0857,43,Female,Regular,Groceries,Milk,32.13,59.75,3,179.25,96.39,82.86,952,5.0
TXN-12319,2025-10-17,CUST-0116,36,Male,Silver,Home & Garden,Bed Sheets,41.27,74.29,1,74.29,41.27,33.02,1672,7.5
TXN-14179,2025-10-17,CUST-0974,37,Male,Regular,Clothing,Sneakers,20.09,39.7,1,39.7,20.09,19.61,509,5.7
TXN-12452,2025-10-18,CUST-0412,30,Male,Regular,Home & Garden,Plant Pot,34.48,43.76,2,87.52,68.96,18.56,1636,5.7
TXN-11276,2025-10-18,CUST-0465,26,Female,Silver,Groceries,Cereal,40.44,66.69,4,266.76,161.76,105.0,664,5.9
TXN-10773,2025-10-18,CUST-0585,31,Male,Regular,Electronics,Headphones,49.93,84.43,2,168.86,99.86,69.0,1290,4.6
TXN-10274,2025-10-18,CUST-0668,31,Male,Regular,Clothing,T-Shirt,49.29,89.1,1,89.1,49.29,39.81,685,4.9
TXN-12048,2025-10-18,CUST-0455,39,Male,Regular,Beauty & Health,Vitamins,4.16,7.52,4,30.08,16.64,13.44,1176,8.1
TXN-14851,2025-10-18,CUST-0961,52,Female,Regular,Clothing,Jeans,45.05,74.05,1,74.05,45.05,29.0,1349,5.6
TXN-10924,2025-10-18,CUST-0296,31,Male,Regular,Beauty & Health,Toothpaste,36.38,71.18,1,71.18,36.38,34.8,789,7.8
TXN-14601,2025-10-18,CUST-0099,28,Female,Regular,Groceries,Pasta,47.29,56.99,4,227.96,189.16,38.8,1022,8.2
TXN-12971,2025-10-18,CUST-0582,52,Male,Regular,Electronics,Charger,85.78,132.44,2,264.88,171.56,93.32,555,4.3
TXN-13439,2025-10-19,CUST-0947,42,Male,Regular,Groceries,Eggs,28.33,56.24,3,168.72,84.99,83.73,1445,6.0
TXN-12469,2025-10-19,CUST-0683,32,Female,Silver,Electronics,Charger,85.78,132.44,2,264.88,171.56,93.32,602,6.9
TXN-11324,2025-10-19,CUST-0032,25,Male,Regular,Groceries,Bread,45.02,60.28,1,60.28,45.02,15.26,924,4.0
TXN-10542,2025-10-19,CUST-0681,34,Female,Gold,Clothing,Jeans,45.05,74.05,4,296.2,180.2,116.0,1670,10.0
TXN-10559,2025-10-19,CUST-0458,37,Female,Regular,Clothing,Jacket,3.47,6.87,1,6.87,3.47,3.4,1501,7.1
TXN-14431,2025-10-19,CUST-0039,37,Male,Silver,Groceries,Apples,18.31,24.59,10,245.9,183.1,62.8,1404,6.2
TXN-10106,2025-10-19,CUST-0512,35,Female,Gold,Beauty & Health,Vitamins,4.16,7.52,1,7.52,4.16,3.36,1345,8.9
TXN-13543,2025-10-19,CUST-0037,41,Male,Gold,Home & Garden,Frying Pan,11.59,15.48,1,15.48,11.59,3.89,1611,7.8
TXN-14406,2025-10-19,CUST-0578,24,Female,Regular,Home & Garden,Towel,36.45,51.3,1,51.3,36.45,14.85,660,7.1
TXN-11808,2025-10-19,CUST-0473,39,Male,Regular,Electronics,Mouse,41.17,78.14,4,312.56,164.68,147.88,1163,4.5
TXN-13212,2025-10-19,CUST-0263,38,Male,Regular,Home & Garden,Plant Pot,34.48,43.76,1,43.76,34.48,9.28,1576,5.8
TXN-13997,2025-10-19,CUST-0595,43,Female,Gold,Beauty & Health,Vitamins,4.16,7.52,3,22.56,12.48,10.08,1040,8.2
TXN-11778,2025-10-19,CUST-0462,53,Male,Regular,Groceries,Apples,18.31,24.59,3,73.77,54.93,18.84,1599,7.1
TXN-12256,2025-10-19,CUST-0461,29,Male,Regular,Clothing,Socks,46.78,72.77,1,72.77,46.78,25.99,1148,6.4
TXN-13049,2025-10-19,CUST-0733,46,Female,Regular,Electronics,Smartwatch,34.96,50.62,5,253.1,174.8,78.3,799,4.8
TXN-11450,2025-10-19,CUST-0835,23,Male,Gold,Groceries,Milk,32.13,59.75,2,119.5,64.26,55.24,1117,7.3
TXN-13002,2025-10-20,CUST-0519,46,Female,Silver,Groceries,Apples,18.31,24.59,1,24.59,18.31,6.28,1518,4.8
TXN-10910,2025-10-20,CUST-0060,18,Female,Gold,Electronics,Headphones,49.93,84.43,4,337.72,199.72,138.0,1254,10.0
TXN-14339,2025-10-20,CUST-0515,34,Female,Silver,Home & Garden,Mug,5.57,9.8,1,9.8,5.57,4.23,595,7.4
TXN-12050,2025-10-20,CUST-0968,23,Female,Regular,Electronics,USB Drive,123.53,158.32,4,633.28,494.12,139.16,1607,6.3
TXN-14172,2025-10-20,CUST-0547,57,Male,Regular,Beauty & Health,Vitamins,4.16,7.52,1,7.52,4.16,3.36,1033,4.5
TXN-12347,2025-10-20,CUST-0619,35,Female,Gold,Groceries,Apples,18.31,24.59,2,49.18,36.62,12.56,1565,6.9
TXN-13114,2025-10-20,CUST-0895,24,Female,Regular,Clothing,Socks,46.78,72.77,1,72.77,46.78,25.99,1076,6.9
TXN-10839,2025-10-20,CUST-0994,18,Male,Regular,Home & Garden,Bed Sheets,41.27,74.29,1,74.29,41.27,33.02,1782,5.2
TXN-11457,2025-10-20,CUST-0043,46,Male,Silver,Groceries,Cereal,40.44,66.69,2,133.38,80.88,52.5,655,4.8
TXN-12885,2025-10-20,CUST-0360,38,Female,Silver,Electronics,Keyboard,107.66,156.53,1,156.53,107.66,48.87,683,5.4
TXN-13193,2025-10-20,CUST-0390,53,Female,Regular,Electronics,Keyboard,107.66,156.53,2,313.06,215.32,97.74,663,6.2
TXN-12632,2025-10-20,CUST-0083,47,Male,Silver,Beauty & Health,Toothpaste,36.38,71.18,2,142.36,72.76,69.6,647,5.7
TXN-11506,2025-10-21,CUST-0889,27,Female,Regular,Home & Garden,Mug,5.57,9.8,2,19.6,11.14,8.46,792,4.4
TXN-14334,2025-10-21,CUST-0919,33,Female,Regular,Groceries,Apples,18.31,24.59,2,49.18,36.62,12.56,1416,6.7
TXN-12352,2025-10-21,CUST-0042,36,Male,Regular,Groceries,Milk,32.13,59.75,4,239.0,128.52,110.48,1043,7.4
TXN-14401,2025-10-21,CUST-0974,49,Female,Regular,Electronics,Headphones,49.93,84.43,1,84.43,49.93,34.5,1042,8.4
TXN-12335,2025-10-21,CUST-0544,40,Male,Regular,Clothing,T-Shirt,49.29,89.1,10,891.0,492.9,398.1,529,6.1
TXN-10149,2025-10-21,CUST-0832,22,Male,Regular,Clothing,Hat,3.72,6.93,1,6.93,3.72,3.21,826,7.0
TXN-13615,2025-10-21,CUST-0076,23,Female,Regular,Groceries,Cereal,40.44,66.69,1,66.69,40.44,26.25,478,7.0
TXN-11807,2025-10-21,CUST-0232,37,Male,Gold,Groceries,Eggs,28.33,56.24,1,56.24,28.33,27.91,1570,7.7
TXN-10159,2025-10-21,CUST-0725,35,Female,Silver,Clothing,T-Shirt,49.29,89.1,1,89.1,49.29,39.81,700,5.6
TXN-12881,2025-10-21,CUST-0590,43,Male,Regular,Groceries,Eggs,28.33,56.24,1,56.24,28.33,27.91,1494,6.5
TXN-14516,2025-10-21,CUST-0368,23,Other,Regular,Home & Garden,Mug,5.57,9.8,1,9.8,5.57,4.23,570,3.8
TXN-13440,2025-10-22,CUST-0465,33,Female,Regular,Electronics,USB Drive,123.53,158.32,1,158.32,123.53,34.79,1498,5.1
TXN-14963,2025-10-22,CUST-0051,35,Male,Silver,Clothing,Hat,3.72,6.93,10,69.3,37.2,32.1,482,5.6
TXN-10721,2025-10-22,CUST-0312,31,Female,Regular,Home & Garden,Mug,5.57,9.8,2,19.6,11.14,8.46,844,4.6
TXN-10593,2025-10-22,CUST-0253,33,Male,Regular,Electronics,Charger,85.78,132.44,3,397.32,257.34,139.98,721,5.2
TXN-13831,2025-10-22,CUST-0451,30,Female,Regular,Beauty & Health,Face Wash,9.13,14.22,3,42.66,27.39,15.27,1126,7.8
TXN-10955,2025-10-22,CUST-0300,34,Female,Gold,Groceries,Pasta,47.29,56.99,1,56.99,47.29,9.7,1232,9.5
TXN-12221,2025-10-22,CUST-0172,41,Female,Silver,Beauty & Health,Face Wash,9.13,14.22,2,28.44,18.26,10.18,1270,5.9
TXN-14515,2025-10-22,CUST-0201,42,Female,Silver,Electronics,Charger,85.78,132.44,3,397.32,257.34,139.98,441,4.5
TXN-14256,2025-10-22,CUST-0906,57,Female,Regular,Beauty & Health,Soap,11.95,23.02,2,46.04,23.9,22.14,862,4.2
TXN-10005,2025-10-22,CUST-0012,21,Female,Regular,Home & Garden,Lamp,30.34,59.03,1,59.03,30.34,28.69,1015,7.1
TXN-13633,2025-10-22,CUST-0258,18,Male,Regular,Home & Garden,Towel,36.45,51.3,1,51.3,36.45,14.85,719,6.1
TXN-11981,2025-10-22,CUST-0670,36,Female,Silver,Beauty & Health,Face Wash,9.13,14.22,1,14.22,9.13,5.09,1299,6.1
TXN-11141,2025-10-23,CUST-0602,34,Male,Regular,Groceries,Apples,18.31,24.59,1,24.59,18.31,6.28,1678,8.0
TXN-14254,2025-10-23,CUST-0940,50,Male,Regular,Beauty & Health,Shampoo,25.11,45.77,1,45.77,25.11,20.66,749,5.8
TXN-14702,2025-10-23,CUST-0278,36,Female,Regular,Home & Garden,Bed Sheets,41.27,74.29,1,74.29,41.27,33.02,1468,4.2
TXN-14111,2025-10-23,CUST-0866,51,Female,Silver,Groceries,Apples,18.31,24.59,3,73.77,54.93,18.84,1426,7.8
TXN-12148,2025-10-23,CUST-0600,32,Male,Regular,Electronics,Headphones,49.93,84.43,1,84.43,49.93,34.5,1191,5.7
TXN-13408,2025-10-23,CUST-0044,41,Female,Regular,Home & Garden,Mug,5.57,9.8,2,19.6,11.14,8.46,659,4.1
TXN-13835,2025-10-23,CUST-0729,24,Female,Silver,Home & Garden,Plant Pot,34.48,43.76,5,218.8,172.4,46.4,1528,5.2
TXN-11974,2025-10-23,CUST-0295,40,Male,Regular,Electronics,Charger,85.78,132.44,5,662.2,428.9,233.3,621,8.5
TXN-12754,2025-10-23,CUST-0815,40,Male,Silver,Electronics,Keyboard,107.66,156.53,1,156.53,107.66,48.87,694,5.2
TXN-14902,2025-10-23,CUST-0234,27,Female,Silver,Beauty & Health,Shampoo,25.11,45.77,2,91.54,50.22,41.32,702,5.1
TXN-14862,2025-10-23,CUST-0584,32,Female,Regular,Groceries,Cereal,40.44,66.69,2,133.38,80.88,52.5,398,8.4
TXN-14373,2025-10-23,CUST-0566,30,Female,Regular,Groceries,Chicken,14.09,25.57,1,25.57,14.09,11.48,1654,5.1
TXN-11668,2025-10-23,CUST-0584,44,Female,Regular,Electronics,USB Drive,123.53,158.32,1,158.32,123.53,34.79,1647,6.3
TXN-13278,2025-10-24,CUST-0100,31,Male,Silver,Groceries,Eggs,28.33,56.24,1,56.24,28.33,27.91,1460,6.9
TXN-14926,2025-10-24,CUST-0574,47,Female,Regular,Electronics,Mouse,41.17,78.14,1,78.14,41.17,36.97,948,6.8
TXN-13446,2025-10-24,CUST-0810,22,Female,Silver,Home & Garden,Lamp,30.34,59.03,2,118.06,60.68,57.38,698,3.5
TXN-11489,2025-10-24,CUST-0706,19,Male,Gold,Groceries,Rice,16.47,23.64,1,23.64,16.47,7.17,378,8.2
TXN-11287,2025-10-24,CUST-0267,31,Female,Silver,Clothing,Hat,3.72,6.93,1,6.93,3.72,3.21,702,4.7
TXN-14345,2025-10-24,CUST-0697,40,Male,Regular,Home & Garden,Plant Pot,34.48,43.76,4,175.04,137.92,37.12,1482,9.0
TXN-10124,2025-10-24,CUST-0162,18,Male,Silver,Clothing,Jeans,45.05,74.05,5,370.25,225.25,145.0,1701,5.7
TXN-13184,2025-10-24,CUST-0271,39,Female,Silver,Electronics,Headphones,49.93,84.43,5,422.15,249.65,172.5,1116,5.6
TXN-12511,2025-10-24,CUST-0716,52,Male,Gold,Clothing,Jeans,45.05,74.05,1,74.05,45.05,29.0,1532,8.7
TXN-10607,2025-10-25,CUST-0493,35,Male,Gold,Electronics,USB Drive,123.53,158.32,1,158.32,123.53,34.79,1692,6.7
TXN-11052,2025-10-25,CUST-0494,37,Female,Regular,Home & Garden,Towel,36.45,51.3,1,51.3,36.45,14.85,906,6.6
TXN-12845,2025-10-25,CUST-0666,18,Female,Gold,Beauty & Health,Soap,11.95,23.02,4,92.08,47.8,44.28,931,9.9
TXN-14452,2025-10-25,CUST-0864,53,Female,Regular,Beauty & Health,Soap,11.95,23.02,2,46.04,23.9,22.14,836,7.0
TXN-13921,2025-10-25,CUST-0961,27,Female,Regular,Groceries,Rice,16.47,23.64,10,236.4,164.7,71.7,196,9.7
TXN-10794,2025-10-25,CUST-0165,46,Female,Regular,Electronics,Headphones,49.93,84.43,10,844.3,499.3,345.0,1279,6.2
TXN-12828,2025-10-25,CUST-0848,30,Female,Regular,Beauty & Health,Soap,11.95,23.02,10,230.2,119.5,110.7,936,6.0
TXN-10426,2025-10-25,CUST-0922,43,Female,Regular,Home & Garden,Bed Sheets,41.27,74.29,1,74.29,41.27,33.02,1818,7.7
TXN-13528,2025-10-25,CUST-0764,45,Male,Silver,Groceries,Milk,32.13,59.75,10,597.5,321.3,276.2,968,6.4
TXN-12894,2025-10-25,CUST-0725,41,Male,Silver,Electronics,Smartwatch,34.96,50.62,2,101.24,69.92,31.32,816,6.6
TXN-13897,2025-10-25,CUST-0400,44,Female,Gold,Home & Garden,Plant Pot,34.48,43.76,1,43.76,34.48,9.28,1527,9.1
TXN-10292,2025-10-25,CUST-0067,44,Male,Regular,Electronics,Mouse,41.17,78.14,1,78.14,41.17,36.97,1276,7.0
TXN-12617,2025-10-25,CUST-0586,23,Other,Regular,Groceries,Chicken,14.09,25.57,4,102.28,56.36,45.92,1776,6.6
TXN-14533,2025-10-25,CUST-0846,43,Male,Regular,Clothing,Hat,3.72,6.93,2,13.86,7.44,6.42,521,5.3
TXN-12437,2025-10-25,CUST-0693,40,Female,Silver,Clothing,Jacket,3.47,6.87,10,68.7,34.7,34.0,1326,7.4
TXN-11838,2025-10-25,CUST-0298,33,Male,Gold,Beauty & Health,Soap,11.95,23.02,1,23.02,11.95,11.07,985,7.7
TXN-11314,2025-10-26,CUST-0447,37,Male,Gold,Home & Garden,Lamp,30.34,59.03,10,590.3,303.4,286.9,883,6.9
TXN-10492,2025-10-26,CUST-0755,36,Female,Regular,Beauty & Health,Shampoo,25.11,45.77,1,45.77,25.11,20.66,1001,4.0
TXN-10742,2025-10-26,CUST-0903,35,Female,Gold,Electronics,Headphones,49.93,84.43,4,337.72,199.72,138.0,1292,8.4
TXN-14906,2025-10-26,CUST-0224,53,Female,Regular,Home & Garden,Bed Sheets,41.27,74.29,2,148.58,82.54,66.04,1445,6.0
TXN-14654,2025-10-26,CUST-0510,32,Female,Silver,Electronics,Headphones,49.93,84.43,2,168.86,99.86,69.0,1031,7.1
TXN-12829,2025-10-26,CUST-0761,39,Female,Regular,Home & Garden,Towel,36.45,51.3,2,102.6,72.9,29.7,799,5.2
TXN-11559,2025-10-26,CUST-0674,29,Female,Silver,Beauty & Health,Shampoo,25.11,45.77,2,91.54,50.22,41.32,964,5.6
TXN-11922,2025-10-26,CUST-0575,35,Female,Gold,Home & Garden,Lamp,30.34,59.03,1,59.03,30.34,28.69,838,5.4
TXN-12303,2025-10-26,CUST-0370,52,Female,Regular,Clothing,Jacket,3.47,6.87,1,6.87,3.47,3.4,1336,7.8
TXN-14293,2025-10-26,CUST-0241,24,Female,Regular,Beauty & Health,Toothpaste,36.38,71.18,1,71.18,36.38,34.8,537,6.6
TXN-11646,2025-10-26,CUST-0766,24,Male,Silver,Home & Garden,Mug,5.57,9.8,1,9.8,5.57,4.23,785,8.3
TXN-14250,2025-10-26,CUST-0705,37,Male,Silver,Beauty & Health,Vitamins,4.16,7.52,2,15.04,8.32,6.72,1027,4.2
TXN-14682,2025-10-26,CUST-0462,49,Male,Silver,Home & Garden,Plant Pot,34.48,43.76,1,43.76,34.48,9.28,1434,3.9
TXN-14269,2025-10-26,CUST-0438,19,Female,Silver,Electronics,Headphones,49.93,84.43,1,84.43,49.93,34.5,1049,7.4
TXN-11095,2025-10-26,CUST-0486,33,Male,Regular,Clothing,Hat,3.72,6.93,3,20.79,11.16,9.63,733,4.9
TXN-11361,2025-10-26,CUST-0419,50,Male,Regular,Electronics,Headphones,49.93,84.43,1,84.43,49.93,34.5,1233,8.5
TXN-11356,2025-10-26,CUST-0509,23,Male,Regular,Home & Garden,Lamp,30.34,59.03,1,59.03,30.34,28.69,882,6.8
TXN-13908,2025-10-26,CUST-0018,33,Male,Regular,Home & Garden,Plant Pot,34.48,43.76,4,175.04,137.92,37.12,1523,6.7
TXN-13595,2025-10-27,CUST-0171,28,Female,Silver,Home & Garden,Towel,36.45,51.3,1,51.3,36.45,14.85,722,7.2
TXN-11662,2025-10-27,CUST-0955,48,Male,Regular,Beauty & Health,Lotion,8.66,15.35,3,46.05,25.98,20.07,1057,7.2
TXN-12876,2025-10-27,CUST-0199,18,Female,Gold,Home & Garden,Towel,36.45,51.3,1,51.3,36.45,14.85,797,8.7
TXN-10484,2025-10-27,CUST-0034,32,Male,Regular,Groceries,Eggs,28.33,56.24,1,56.24,28.33,27.91,1669,5.6
TXN-12444,2025-10-27,CUST-0173,26,Male,Regular,Beauty & Health,Toothpaste,36.38,71.18,1,71.18,36.38,34.8,660,7.6
TXN-12626,2025-10-27,CUST-0930,24,Other,Regular,Beauty & Health,Shampoo,25.11,45.77,2,91.54,50.22,41.32,873,6.9
TXN-10748,2025-10-27,CUST-0438,18,Male,Regular,Clothing,Hat,3.72,6.93,3,20.79,11.16,9.63,775,7.9
TXN-14109,2025-10-27,CUST-0782,58,Female,Silver,Electronics,Smartwatch,34.96,50.62,1,50.62,34.96,15.66,709,8.9
TXN-10114,2025-10-27,CUST-0180,66,Male,Regular,Clothing,Jeans,45.05,74.05,1,74.05,45.05,29.0,1706,4.7
TXN-10783,2025-10-27,CUST-0236,37,Male,Gold,Groceries,Apples,18.31,24.59,2,49.18,36.62,12.56,1698,7.7
TXN-14536,2025-10-27,CUST-0232,48,Female,Silver,Groceries,Chicken,14.09,25.57,3,76.71,42.27,34.44,1636,4.7
TXN-10733,2025-10-28,CUST-0135,43,Other,Regular,Groceries,Pasta,47.29,56.99,2,113.98,94.58,19.4,1235,7.0
TXN-10140,2025-10-28,CUST-0232,48,Male,Regular,Beauty & Health,Shampoo,25.11,45.77,1,45.77,25.11,20.66,1025,6.5
TXN-14488,2025-10-28,CUST-0085,35,Male,Regular,Groceries,Pasta,47.29,56.99,1,56.99,47.29,9.7,1035,6.4
TXN-12113,2025-10-28,CUST-0942,54,Female,Regular,Groceries,Chicken,14.09,25.57,1,25.57,14.09,11.48,1815,6.5
TXN-10472,2025-10-28,CUST-0613,20,Male,Silver,Electronics,USB Drive,123.53,158.32,3,474.96,370.59,104.37,1720,3.2
TXN-11495,2025-10-28,CUST-0277,23,Male,Regular,Home & Garden,Lamp,30.34,59.03,4,236.12,121.36,114.76,873,5.8
TXN-10295,2025-10-28,CUST-0595,37,Female,Regular,Groceries,Rice,16.47,23.64,1,23.64,16.47,7.17,490,5.3
TXN-10060,2025-10-28,CUST-0446,39,Female,Regular,Clothing,Hat,3.72,6.93,1,6.93,3.72,3.21,833,7.1
TXN-13465,2025-10-28,CUST-0536,50,Male,Gold,Electronics,USB Drive,123.53,158.32,3,474.96,370.59,104.37,1495,7.8
TXN-10434,2025-10-28,CUST-0098,44,Male,Silver,Beauty & Health,Soap,11.95,23.02,2,46.04,23.9,22.14,1078,5.1
TXN-10464,2025-10-28,CUST-0689,26,Female,Regular,Clothing,Hat,3.72,6.93,2,13.86,7.44,6.42,801,6.6
TXN-10667,2025-10-28,CUST-0303,52,Male,Gold,Electronics,Keyboard,107.66,156.53,10,1565.3,1076.6,488.7,830,8.9
TXN-14517,2025-10-28,CUST-0255,34,Female,Regular,Home & Garden,Frying Pan,11.59,15.48,1,15.48,11.59,3.89,1489,6.6
TXN-13116,2025-10-29,CUST-0549,38,Female,Regular,Groceries,Bread,45.02,60.28,10,602.8,450.2,152.6,765,6.3
TXN-10121,2025-10-29,CUST-0039,20,Female,Regular,Beauty & Health,Lotion,8.66,15.35,1,15.35,8.66,6.69,1134,4.8
TXN-10232,2025-10-29,CUST-0177,64,Other,Silver,Clothing,T-Shirt,49.29,89.1,2,178.2,98.58,79.62,689,6.3
TXN-14002,2025-10-29,CUST-0529,18,Male,Regular,Groceries,Eggs,28.33,56.24,1,56.24,28.33,27.91,1397,4.0
TXN-13064,2025-10-29,CUST-0788,24,Female,Regular,Beauty & Health,Toothpaste,36.38,71.18,4,284.72,145.52,139.2,617,6.8
TXN-12852,2025-10-29,CUST-0158,32,Female,Regular,Clothing,Jacket,3.47,6.87,3,20.61,10.41,10.2,1292,7.0
TXN-10205,2025-10-29,CUST-0440,41,Female,Regular,Clothing,Hat,3.72,6.93,1,6.93,3.72,3.21,823,3.8
TXN-11908,2025-10-29,CUST-0249,30,Male,Regular,Home & Garden,Bed Sheets,41.27,74.29,1,74.29,41.27,33.02,1694,4.6
TXN-10606,2025-10-29,CUST-0588,24,Male,Regular,Home & Garden,Frying Pan,11.59,15.48,1,15.48,11.59,3.89,1807,7.5
TXN-11137,2025-10-29,CUST-0152,29,Male,Regular,Clothing,Jacket,3.47,6.87,1,6.87,3.47,3.4,1462,4.6
TXN-14093,2025-10-30,CUST-0831,52,Male,Regular,Groceries,Bread,45.02,60.28,10,602.8,450.2,152.6,657,8.4
TXN-10665,2025-10-30,CUST-0443,22,Female,Regular,Home & Garden,Towel,36.45,51.3,5,256.5,182.25,74.25,949,5.0
TXN-10785,2025-10-30,CUST-0725,37,Female,Gold,Clothing,Jacket,3.47,6.87,2,13.74,6.94,6.8,1487,7.0
TXN-13211,2025-10-30,CUST-0330,41,Female,Regular,Groceries,Milk,32.13,59.75,2,119.5,64.26,55.24,991,5.6
TXN-12395,2025-10-30,CUST-0784,18,Male,Gold,Home & Garden,Frying Pan,11.59,15.48,2,30.96,23.18,7.78,1688,5.3
TXN-14020,2025-10-30,CUST-0057,39,Female,Regular,Groceries,Apples,18.31,24.59,1,24.59,18.31,6.28,1435,4.5
TXN-12046,2025-10-30,CUST-0465,56,Female,Silver,Beauty & Health,Vitamins,4.16,7.52,1,7.52,4.16,3.36,1180,5.5
TXN-14664,2025-10-30,CUST-0567,30,Female,Regular,Groceries,Rice,16.47,23.64,3,70.92,49.41,21.51,119,8.1
TXN-12713,2025-10-30,CUST-0186,38,Female,Silver,Electronics,Mouse,41.17,78.14,1,78.14,41.17,36.97,1127,6.0
TXN-14685,2025-10-30,CUST-0218,25,Male,Regular,Beauty & Health,Lotion,8.66,15.35,4,61.4,34.64,26.76,892,5.6
TXN-10501,2025-10-30,CUST-0974,37,Female,Silver,Electronics,Charger,85.78,132.44,1,132.44,85.78,46.66,731,7.8
TXN-13411,2025-10-30,CUST-0353,38,Male,Silver,Electronics,Mouse,41.17,78.14,2,156.28,82.34,73.94,1063,6.5
TXN-14934,2025-10-30,CUST-0928,50,Female,Regular,Groceries,Pasta,47.29,56.99,4,227.96,189.16,38.8,998,7.1
TXN-14849,2025-10-30,CUST-0979,29,Male,Regular,Groceries,Eggs,28.33,56.24,4,224.96,113.32,111.64,1351,8.4
TXN-11244,2025-10-31,CUST-0917,18,Female,Regular,Beauty & Health,Soap,11.95,23.02,10,230.2,119.5,110.7,1028,7.1
TXN-10516,2025-10-31,CUST-0470,42,Female,Regular,Electronics,Headphones,49.93,84.43,3,253.29,149.79,103.5,1303,6.7
TXN-10633,2025-10-31,CUST-0727,61,Female,Gold,Home & Garden,Frying Pan,11.59,15.48,4,61.92,46.36,15.56,1803,5.8
TXN-11610,2025-10-31,CUST-0397,18,Female,Silver,Beauty & Health,Shampoo,25.11,45.77,2,91.54,50.22,41.32,957,6.5
TXN-14346,2025-10-31,CUST-0683,25,Male,Regular,Beauty & Health,Lotion,8.66,15.35,1,15.35,8.66,6.69,905,5.3
TXN-14207,2025-10-31,CUST-0641,45,Other,Silver,Groceries,Chicken,14.09,25.57,1,25.57,14.09,11.48,1669,5.3
TXN-10470,2025-10-31,CUST-0756,26,Male,Silver,Groceries,Eggs,28.33,56.24,10,562.4,283.3,279.1,1670,7.2
TXN-12263,2025-10-31,CUST-0511,35,Male,Silver,Clothing,Socks,46.78,72.77,2,145.54,93.56,51.98,1146,7.1
TXN-13917,2025-10-31,CUST-0448,20,Female,Regular,Groceries,Apples,18.31,24.59,2,49.18,36.62,12.56,1446,8.2
TXN-13155,2025-10-31,CUST-0880,26,Male,Silver,Groceries,Bread,45.02,60.28,1,60.28,45.02,15.26,759,7.0
TXN-13912,2025-11-01,CUST-0090,34,Male,Regular,Groceries,Rice,16.47,23.64,1,23.64,16.47,7.17,206,6.6
TXN-14426,2025-11-01,CUST-0260,35,Female,Silver,Electronics,Smartwatch,34.96,50.62,1,50.62,34.96,15.66,672,7.3
TXN-13430,2025-11-01,CUST-0691,55,Male,Regular,Home & Garden,Frying Pan,11.59,15.48,4,61.92,46.36,15.56,1620,8.5
TXN-11431,2025-11-01,CUST-0521,45,Female,Silver,Clothing,Jeans,45.05,74.05,1,74.05,45.05,29.0,1615,4.2
TXN-13075,2025-11-01,CUST-0506,37,Male,Regular,Clothing,Jacket,3.47,6.87,2,13.74,6.94,6.8,1266,7.5
TXN-13466,2025-11-01,CUST-0411,37,Female,Regular,Home & Garden,Towel,36.45,51.3,1,51.3,36.45,14.85,746,8.8
TXN-14432,2025-11-01,CUST-0505,23,Male,Regular,Groceries,Eggs,28.33,56.24,1,56.24,28.33,27.91,1386,3.4
TXN-13062,2025-11-01,CUST-0707,26,Male,Silver,Groceries,Cereal,40.44,66.69,2,133.38,80.88,52.5,533,5.8
TXN-13804,2025-11-01,CUST-0283,34,Male,Silver,Electronics,USB Drive,123.53,158.32,4,633.28,494.12,139.16,1472,6.6
TXN-10723,2025-11-01,CUST-0557,29,Male,Regular,Electronics,Keyboard,107.66,156.53,3,469.59,322.98,146.61,823,3.5
TXN-13819,2025-11-01,CUST-0066,36,Male,Silver,Electronics,Charger,85.78,132.44,1,132.44,85.78,46.66,495,8.2
TXN-11386,2025-11-01,CUST-0502,26,Male,Regular,Home & Garden,Frying Pan,11.59,15.48,1,15.48,11.59,3.89,1741,7.7
TXN-11181,2025-11-01,CUST-0543,57,Male,Regular,Electronics,Keyboard,107.66,156.53,1,156.53,107.66,48.87,791,6.3
TXN-10860,2025-11-01,CUST-0739,38,Female,Regular,Beauty & Health,Toothpaste,36.38,71.18,1,71.18,36.38,34.8,795,4.9
TXN-11934,2025-11-01,CUST-0488,27,Female,Regular,Groceries,Rice,16.47,23.64,10,236.4,164.7,71.7,347,6.2
TXN-13785,2025-11-02,CUST-0799,18,Female,Regular,Groceries,Cereal,40.44,66.69,1,66.69,40.44,26.25,468,6.1
TXN-10167,2025-11-02,CUST-0687,29,Female,Silver,Groceries,Pasta,47.29,56.99,1,56.99,47.29,9.7,1282,6.3
TXN-13750,2025-11-02,CUST-0764,18,Female,Regular,Beauty & Health,Soap,11.95,23.02,3,69.06,35.85,33.21,886,5.2
TXN-13484,2025-11-02,CUST-0314,24,Male,Regular,Clothing,Socks,46.78,72.77,2,145.54,93.56,51.98,1057,8.2
TXN-12778,2025-11-02,CUST-0893,27,Male,Regular,Clothing,Jacket,3.47,6.87,10,68.7,34.7,34.0,1296,6.1
TXN-13834,2025-11-02,CUST-0073,45,Female,Regular,Home & Garden,Lamp,30.34,59.03,4,236.12,121.36,114.76,659,5.4
TXN-12966,2025-11-02,CUST-0065,37,Female,Regular,Groceries,Cereal,40.44,66.69,2,133.38,80.88,52.5,538,7.0
TXN-11350,2025-11-02,CUST-0841,27,Female,Regular,Home & Garden,Plant Pot,34.48,43.76,4,175.04,137.92,37.12,1715,6.1
TXN-13773,2025-11-02,CUST-0576,32,Female,Regular,Electronics,Mouse,41.17,78.14,1,78.14,41.17,36.97,1048,5.7
TXN-14231,2025-11-03,CUST-0835,53,Male,Regular,Beauty & Health,Shampoo,25.11,45.77,4,183.08,100.44,82.64,750,5.1
TXN-13817,2025-11-03,CUST-0727,39,Female,Regular,Home & Garden,Mug,5.57,9.8,1,9.8,5.57,4.23,629,6.2
TXN-13935,2025-11-03,CUST-0473,20,Female,Silver,Electronics,USB Drive,123.53,158.32,2,316.64,247.06,69.58,1456,7.6
TXN-12833,2025-11-03,CUST-0598,25,Female,Regular,Beauty & Health,Toothpaste,36.38,71.18,2,142.36,72.76,69.6,639,4.8
TXN-10995,2025-11-03,CUST-0843,42,Male,Regular,Groceries,Bread,45.02,60.28,1,60.28,45.02,15.26,938,6.3
TXN-12017,2025-11-03,CUST-0621,40,Male,Regular,Groceries,Eggs,28.33,56.24,1,56.24,28.33,27.91,1558,5.3
TXN-13180,2025-11-03,CUST-0965,43,Male,Regular,Clothing,T-Shirt,49.29,89.1,1,89.1,49.29,39.81,466,6.4
TXN-13399,2025-11-03,CUST-0459,47,Other,Regular,Electronics,Keyboard,107.66,156.53,1,156.53,107.66,48.87,651,6.2
TXN-10565,2025-11-03,CUST-0112,59,Male,Regular,Groceries,Eggs,28.33,56.24,2,112.48,56.66,55.82,1654,5.5
TXN-14348,2025-11-03,CUST-0945,30,Female,Silver,Clothing,Jeans,45.05,74.05,1,74.05,45.05,29.0,1382,6.7
TXN-11685,2025-11-03,CUST-0926,26,Male,Silver,Groceries,Rice,16.47,23.64,2,47.28,32.94,14.34,370,3.4
TXN-13485,2025-11-03,CUST-0197,38,Female,Silver,Electronics,Smartwatch,34.96,50.62,1,50.62,34.96,15.66,753,3.4
TXN-10057,2025-11-03,CUST-0360,34,Female,Gold,Beauty & Health,Toothpaste,36.38,71.18,1,71.18,36.38,34.8,843,8.3
TXN-11210,2025-11-04,CUST-0588,51,Female,Gold,Clothing,T-Shirt,49.29,89.1,4,356.4,197.16,159.24,610,6.8
TXN-11613,2025-11-04,CUST-0072,39,Male,Regular,Home & Garden,Frying Pan,11.59,15.48,2,30.96,23.18,7.78,1735,5.1
TXN-12274,2025-11-04,CUST-0134,41,Female,Silver,Clothing,Jeans,45.05,74.05,1,74.05,45.05,29.0,1556,7.3
TXN-12530,2025-11-04,CUST-0433,45,Male,Regular,Home & Garden,Lamp,30.34,59.03,1,59.03,30.34,28.69,775,4.9
TXN-11569,2025-11-04,CUST-0663,20,Male,Regular,Beauty & Health,Vitamins,4.16,7.52,1,7.52,4.16,3.36,1237,7.3
TXN-10786,2025-11-04,CUST-0500,44,Male,Regular,Groceries,Cereal,40.44,66.69,1,66.69,40.44,26.25,715,4.0
TXN-12667,2025-11-04,CUST-0679,40,Female,Regular,Home & Garden,Bed Sheets,41.27,74.29,2,148.58,82.54,66.04,1634,4.7
TXN-12596,2025-11-04,CUST-0610,25,Female,Regular,Home & Garden,Towel,36.45,51.3,4,205.2,145.8,59.4,815,7.0
TXN-14110,2025-11-04,CUST-0045,25,Female,Regular,Beauty & Health,Lotion,8.66,15.35,1,15.35,8.66,6.69,911,4.8
TXN-13410,2025-11-04,CUST-0262,37,Other,Silver,Home & Garden,Towel,36.45,51.3,5,256.5,182.25,74.25,758,5.2
TXN-13593,2025-11-04,CUST-0036,29,Female,Silver,Home & Garden,Towel,36.45,51.3,3,153.9,109.35,44.55,723,4.9
TXN-14696,2025-11-04,CUST-0070,27,Male,Regular,Groceries,Pasta,47.29,56.99,1,56.99,47.29,9.7,1016,6.3
TXN-14287,2025-11-04,CUST-0014,42,Female,Regular,Clothing,Socks,46.78,72.77,10,727.7,467.8,259.9,977,6.8
TXN-11100,2025-11-04,CUST-0782,44,Male,Regular,Groceries,Pasta,47.29,56.99,1,56.99,47.29,9.7,1222,6.9
TXN-14380,2025-11-04,CUST-0577,28,Male,Regular,Groceries,Cereal,40.44,66.69,1,66.69,40.44,26.25,430,7.2
TXN-10051,2025-11-04,CUST-0904,37,Female,Regular,Clothing,Sneakers,20.09,39.7,1,39.7,20.09,19.61,771,5.8
TXN-10512,2025-11-04,CUST-0131,38,Male,Regular,Groceries,Apples,18.31,24.59,1,24.59,18.31,6.28,1727,5.3
TXN-14573,2025-11-05,CUST-0225,42,Female,Silver,Home & Garden,Frying Pan,11.59,15.48,1,15.48,11.59,3.89,1487,8.0
TXN-14762,2025-11-05,CUST-0894,45,Female,Regular,Beauty & Health,Vitamins,4.16,7.52,1,7.52,4.16,3.36,977,4.8
TXN-11917,2025-11-05,CUST-0547,21,Male,Silver,Groceries,Pasta,47.29,56.99,2,113.98,94.58,19.4,1170,5.6
TXN-10169,2025-11-05,CUST-0223,41,Male,Regular,Beauty & Health,Shampoo,25.11,45.77,1,45.77,25.11,20.66,1022,6.5
TXN-12737,2025-11-05,CUST-0551,18,Male,Silver,Groceries,Apples,18.31,24.59,1,24.59,18.31,6.28,1540,6.2
TXN-12323,2025-11-05,CUST-0990,35,Male,Regular,Beauty & Health,Face Wash,9.13,14.22,2,28.44,18.26,10.18,1257,5.2
TXN-12423,2025-11-05,CUST-0889,19,Female,Regular,Groceries,Rice,16.47,23.64,2,47.28,32.94,14.34,299,7.2
TXN-14445,2025-11-05,CUST-0073,39,Other,Silver,Beauty & Health,Soap,11.95,23.02,2,46.04,23.9,22.14,841,5.7
TXN-10303,2025-11-05,CUST-0417,42,Male,Regular,Groceries,Eggs,28.33,56.24,1,56.24,28.33,27.91,1685,4.7
TXN-11541,2025-11-05,CUST-0040,42,Male,Silver,Groceries,Pasta,47.29,56.99,1,56.99,47.29,9.7,1185,7.9
TXN-13985,2025-11-05,CUST-0556,30,Male,Silver,Electronics,Smartwatch,34.96,50.62,1,50.62,34.96,15.66,716,7.2
TXN-13234,2025-11-05,CUST-0891,25,Female,Silver,Groceries,Eggs,28.33,56.24,2,112.48,56.66,55.82,1465,7.4
TXN-10851,2025-11-05,CUST-0955,30,Male,Silver,Clothing,Jacket,3.47,6.87,3,20.61,10.41,10.2,1482,8.4
TXN-14133,2025-11-05,CUST-0600,32,Female,Regular,Home & Garden,Towel,36.45,51.3,1,51.3,36.45,14.85,686,5.1
TXN-14628,2025-11-05,CUST-0385,51,Male,Regular,Beauty & Health,Vitamins,4.16,7.52,4,30.08,16.64,13.44,997,8.2
TXN-12641,2025-11-05,CUST-0744,39,Male,Silver,Beauty & Health,Vitamins,4.16,7.52,1,7.52,4.16,3.36,1124,6.1
TXN-12264,2025-11-05,CUST-0812,53,Female,Regular,Beauty & Health,Lotion,8.66,15.35,2,30.7,17.32,13.38,1007,6.1
TXN-10339,2025-11-05,CUST-0546,34,Female,Regular,Clothing,Jeans,45.05,74.05,1,74.05,45.05,29.0,1687,5.6
TXN-11597,2025-11-05,CUST-0234,43,Male,Silver,Clothing,Jacket,3.47,6.87,2,13.74,6.94,6.8,1428,6.4
TXN-10688,2025-11-05,CUST-0563,25,Male,Gold,Groceries,Rice,16.47,23.64,1,23.64,16.47,7.17,450,5.5
TXN-11880,2025-11-06,CUST-0022,46,Male,Gold,Beauty & Health,Vitamins,4.16,7.52,1,7.52,4.16,3.36,1201,8.3
TXN-10804,2025-11-06,CUST-0127,40,Male,Regular,Electronics,Headphones,49.93,84.43,4,337.72,199.72,138.0,1275,6.5
TXN-10489,2025-11-06,CUST-0384,43,Female,Regular,Beauty & Health,Lotion,8.66,15.35,1,15.35,8.66,6.69,1111,6.8
TXN-14441,2025-11-06,CUST-0497,27,Male,Regular,Beauty & Health,Soap,11.95,23.02,1,23.02,11.95,11.07,843,4.7
TXN-12698,2025-11-06,CUST-0775,18,Female,Regular,Electronics,Charger,85.78,132.44,2,264.88,171.56,93.32,579,7.1
TXN-11620,2025-11-06,CUST-0341,21,Male,Regular,Clothing,Jacket,3.47,6.87,4,27.48,13.88,13.6,1420,7.4
TXN-13175,2025-11-06,CUST-0947,36,Other,Regular,Clothing,T-Shirt,49.29,89.1,1,89.1,49.29,39.81,467,7.5
TXN-13627,2025-11-06,CUST-0805,26,Male,Regular,Electronics,USB Drive,123.53,158.32,4,633.28,494.12,139.16,1481,5.5
TXN-14598,2025-11-06,CUST-0800,56,Male,Regular,Clothing,T-Shirt,49.29,89.1,10,891.0,492.9,398.1,380,7.1
TXN-12109,2025-11-06,CUST-0970,43,Male,Silver,Beauty & Health,Vitamins,4.16,7.52,1,7.52,4.16,3.36,1167,4.7
TXN-12253,2025-11-06,CUST-0331,39,Female,Gold,Beauty & Health,Soap,11.95,23.02,5,115.1,59.75,55.35,967,8.9
TXN-10293,2025-11-06,CUST-0104,30,Female,Silver,Beauty & Health,Vitamins,4.16,7.52,1,7.52,4.16,3.36,1335,5.3
TXN-10081,2025-11-06,CUST-0318,42,Female,Silver,Groceries,Apples,18.31,24.59,1,24.59,18.31,6.28,1761,7.2
TXN-10324,2025-11-07,CUST-0327,35,Female,Regular,Clothing,Hat,3.72,6.93,10,69.3,37.2,32.1,807,7.1
TXN-11816,2025-11-07,CUST-0987,54,Female,Regular,Clothing,Socks,46.78,72.77,2,145.54,93.56,51.98,1181,4.9
TXN-11850,2025-11-07,CUST-0361,19,Female,Regular,Home & Garden,Bed Sheets,41.27,74.29,2,148.58,82.54,66.04,1697,6.7
TXN-12666,2025-11-07,CUST-0305,39,Female,Regular,Home & Garden,Mug,5.57,9.8,1,9.8,5.57,4.23,703,3.6
TXN-10244,2025-11-07,CUST-0030,29,Other,Silver,Home & Garden,Mug,5.57,9.8,1,9.8,5.57,4.23,858,6.2
TXN-13687,2025-11-07,CUST-0111,51,Male,Silver,Beauty & Health,Face Wash,9.13,14.22,2,28.44,18.26,10.18,1140,6.4
TXN-12321,2025-11-07,CUST-0228,38,Male,Regular,Electronics,USB Drive,123.53,158.32,1,158.32,123.53,34.79,1576,4.9
TXN-12194,2025-11-07,CUST-0325,38,Male,Regular,Electronics,Smartwatch,34.96,50.62,1,50.62,34.96,15.66,852,5.1
TXN-12165,2025-11-07,CUST-0426,18,Other,Silver,Clothing,Jeans,45.05,74.05,1,74.05,45.05,29.0,1561,7.1
TXN-14845,2025-11-07,CUST-0819,26,Male,Regular,Groceries,Eggs,28.33,56.24,1,56.24,28.33,27.91,1355,4.1
TXN-10064,2025-11-07,CUST-0382,47,Female,Regular,Home & Garden,Towel,36.45,51.3,2,102.6,72.9,29.7,1026,4.2
TXN-14422,2025-11-08,CUST-0345,18,Male,Gold,Groceries,Milk,32.13,59.75,1,59.75,32.13,27.62,913,8.9
TXN-10987,2025-11-08,CUST-0906,20,Female,Gold,Beauty & Health,Vitamins,4.16,7.52,5,37.6,20.8,16.8,1286,6.9
TXN-12561,2025-11-08,CUST-0317,18,Male,Regular,Home & Garden,Lamp,30.34,59.03,1,59.03,30.34,28.69,773,7.8
TXN-12697,2025-11-08,CUST-0848,18,Female,Regular,Groceries,Milk,32.13,59.75,1,59.75,32.13,27.62,1018,6.8
TXN-12477,2025-11-08,CUST-0192,41,Female,Regular,Groceries,Pasta,47.29,56.99,1,56.99,47.29,9.7,1147,4.1
TXN-14031,2025-11-08,CUST-0602,49,Female,Regular,Electronics,Keyboard,107.66,156.53,2,313.06,215.32,97.74,588,5.7
TXN-13739,2025-11-08,CUST-0899,52,Female,Regular,Clothing,Jacket,3.47,6.87,2,13.74,6.94,6.8,1212,6.0
TXN-11087,2025-11-08,CUST-0733,21,Male,Regular,Groceries,Cereal,40.44,66.69,1,66.69,40.44,26.25,688,4.4
TXN-14171,2025-11-08,CUST-0254,46,Female,Regular,Groceries,Milk,32.13,59.75,4,239.0,128.52,110.48,940,7.6
TXN-13188,2025-11-08,CUST-0285,50,Other,Silver,Groceries,Pasta,47.29,56.99,5,284.95,236.45,48.5,1101,5.8
TXN-13676,2025-11-08,CUST-0637,26,Female,Regular,Clothing,Hat,3.72,6.93,2,13.86,7.44,6.42,580,5.6
TXN-10115,2025-11-09,CUST-0686,18,Male,Silver,Electronics,Headphones,49.93,84.43,1,84.43,49.93,34.5,1324,5.8
TXN-10690,2025-11-09,CUST-0950,22,Male,Regular,Groceries,Milk,32.13,59.75,2,119.5,64.26,55.24,1157,6.7
TXN-14296,2025-11-09,CUST-0663,30,Female,Regular,Groceries,Rice,16.47,23.64,10,236.4,164.7,71.7,153,7.0
TXN-13599,2025-11-09,CUST-0294,49,Male,Regular,Electronics,Charger,85.78,132.44,1,132.44,85.78,46.66,508,5.1
TXN-10253,2025-11-09,CUST-0713,29,Female,Regular,Clothing,Socks,46.78,72.77,1,72.77,46.78,25.99,1286,6.6
TXN-10556,2025-11-09,CUST-0473,49,Male,Regular,Groceries,Eggs,28.33,56.24,1,56.24,28.33,27.91,1656,6.4
TXN-13364,2025-11-09,CUST-0625,31,Female,Regular,Groceries,Pasta,47.29,56.99,2,113.98,94.58,19.4,1089,6.1
TXN-10781,2025-11-09,CUST-0964,31,Male,Silver,Home & Garden,Plant Pot,34.48,43.76,10,437.6,344.8,92.8,1767,5.9
TXN-13076,2025-11-09,CUST-0700,46,Male,Silver,Groceries,Bread,45.02,60.28,1,60.28,45.02,15.26,778,4.2
TXN-13236,2025-11-09,CUST-0840,30,Female,Regular,Home & Garden,Frying Pan,11.59,15.48,1,15.48,11.59,3.89,1638,5.3
TXN-11178,2025-11-09,CUST-0179,49,Female,Silver,Beauty & Health,Face Wash,9.13,14.22,1,14.22,9.13,5.09,1334,4.7
TXN-11092,2025-11-09,CUST-0424,39,Male,Regular,Groceries,Bread,45.02,60.28,2,120.56,90.04,30.52,927,6.9
TXN-12992,2025-11-09,CUST-0632,45,Male,Gold,Beauty & Health,Lotion,8.66,15.35,3,46.05,25.98,20.07,960,6.8
TXN-10286,2025-11-09,CUST-0742,36,Female,Regular,Clothing,Sneakers,20.09,39.7,1,39.7,20.09,19.61,761,3.9
TXN-14239,2025-11-09,CUST-0695,31,Female,Regular,Home & Garden,Lamp,30.34,59.03,2,118.06,60.68,57.38,631,4.2
TXN-13097,2025-11-09,CUST-0712,23,Male,Regular,Beauty & Health,Lotion,8.66,15.35,2,30.7,17.32,13.38,957,5.9
TXN-10469,2025-11-10,CUST-0344,26,Male,Regular,Groceries,Milk,32.13,59.75,1,59.75,32.13,27.62,1171,8.3
TXN-11730,2025-11-10,CUST-0352,33,Male,Silver,Beauty & Health,Vitamins,4.16,7.52,1,7.52,4.16,3.36,1222,7.9
TXN-12785,2025-11-10,CUST-0187,33,Female,Silver,Home & Garden,Bed Sheets,41.27,74.29,10,742.9,412.7,330.2,1614,8.2
TXN-13530,2025-11-10,CUST-0977,32,Female,Gold,Electronics,Charger,85.78,132.44,1,132.44,85.78,46.66,514,5.7
TXN-10623,2025-11-10,CUST-0417,48,Male,Regular,Groceries,Rice,16.47,23.64,1,23.64,16.47,7.17,455,8.3
TXN-13451,2025-11-10,CUST-0310,27,Female,Regular,Home & Garden,Bed Sheets,41.27,74.29,1,74.29,41.27,33.02,1576,4.5
TXN-11593,2025-11-10,CUST-0017,29,Female,Silver,Groceries,Apples,18.31,24.59,2,49.18,36.62,12.56,1622,7.2
TXN-14640,2025-11-10,CUST-0756,61,Female,Silver,Electronics,Headphones,49.93,84.43,2,168.86,99.86,69.0,1034,6.6
TXN-12633,2025-11-10,CUST-0170,34,Female,Silver,Home & Garden,Towel,36.45,51.3,1,51.3,36.45,14.85,809,4.7
TXN-10767,2025-11-10,CUST-0604,40,Female,Regular,Electronics,Keyboard,107.66,156.53,1,156.53,107.66,48.87,820,7.6
TXN-14847,2025-11-10,CUST-0919,27,Male,Silver,Electronics,Headphones,49.93,84.43,2,168.86,99.86,69.0,1018,6.2
TXN-12803,2025-11-10,CUST-0734,38,Male,Silver,Electronics,Smartwatch,34.96,50.62,2,101.24,69.92,31.32,825,5.9
TXN-14181,2025-11-10,CUST-0605,45,Female,Silver,Groceries,Milk,32.13,59.75,4,239.0,128.52,110.48,936,5.3
TXN-12980,2025-11-11,CUST-0040,41,Male,Regular,Clothing,Hat,3.72,6.93,2,13.86,7.44,6.42,608,5.7
TXN-11313,2025-11-11,CUST-0370,44,Male,Silver,Home & Garden,Frying Pan,11.59,15.48,10,154.8,115.9,38.9,1743,9.0
TXN-13861,2025-11-11,CUST-0427,52,Female,Regular,Electronics,Charger,85.78,132.44,4,529.76,343.12,186.64,491,6.3
TXN-11140,2025-11-11,CUST-0946,18,Female,Gold,Home & Garden,Plant Pot,34.48,43.76,1,43.76,34.48,9.28,1733,6.8
TXN-10828,2025-11-11,CUST-0664,32,Female,Regular,Home & Garden,Bed Sheets,41.27,74.29,2,148.58,82.54,66.04,1783,4.8
TXN-14905,2025-11-11,CUST-0261,25,Male,Silver,Electronics,Headphones,49.93,84.43,1,84.43,49.93,34.5,1016,6.8
TXN-12105,2025-11-11,CUST-0536,24,Male,Silver,Groceries,Bread,45.02,60.28,2,120.56,90.04,30.52,865,6.8
TXN-13202,2025-11-11,CUST-0932,24,Female,Regular,Groceries,Pasta,47.29,56.99,1,56.99,47.29,9.7,1100,6.7
TXN-14104,2025-11-11,CUST-0482,32,Female,Silver,Home & Garden,Towel,36.45,51.3,3,153.9,109.35,44.55,689,6.3
TXN-10332,2025-11-11,CUST-0005,52,Male,Silver,Groceries,Pasta,47.29,56.99,2,113.98,94.58,19.4,1265,6.5
TXN-10252,2025-11-11,CUST-0688,32,Other,Gold,Clothing,Jeans,45.05,74.05,10,740.5,450.5,290.0,1688,7.6
TXN-10179,2025-11-11,CUST-0651,18,Female,Silver,Home & Garden,Frying Pan,11.59,15.48,1,15.48,11.59,3.89,1840,7.1
TXN-12815,2025-11-11,CUST-0411,31,Male,Regular,Electronics,Keyboard,107.66,156.53,3,469.59,322.98,146.61,684,6.9
TXN-13189,2025-11-12,CUST-0960,40,Male,Regular,Home & Garden,Towel,36.45,51.3,1,51.3,36.45,14.85,771,4.7
TXN-14667,2025-11-12,CUST-0372,34,Male,Gold,Home & Garden,Plant Pot,34.48,43.76,1,43.76,34.48,9.28,1435,9.0
TXN-14848,2025-11-12,CUST-0584,46,Female,Silver,Electronics,Headphones,49.93,84.43,1,84.43,49.93,34.5,1017,4.2
TXN-13047,2025-11-12,CUST-0512,52,Female,Silver,Groceries,Cereal,40.44,66.69,1,66.69,40.44,26.25,535,7.0
TXN-14550,2025-11-12,CUST-0615,47,Female,Regular,Beauty & Health,Vitamins,4.16,7.52,1,7.52,4.16,3.36,1012,7.1
TXN-14648,2025-11-12,CUST-0260,32,Male,Regular,Electronics,USB Drive,123.53,158.32,1,158.32,123.53,34.79,1411,8.3
TXN-11176,2025-11-12,CUST-0461,50,Male,Regular,Beauty & Health,Face Wash,9.13,14.22,2,28.44,18.26,10.18,1335,6.7
TXN-10747,2025-11-12,CUST-0302,25,Male,Regular,Electronics,Charger,85.78,132.44,1,132.44,85.78,46.66,712,5.8
TXN-10394,2025-11-12,CUST-0984,60,Male,Regular,Groceries,Cereal,40.44,66.69,1,66.69,40.44,26.25,747,7.0
TXN-12791,2025-11-12,CUST-0696,36,Female,Silver,Groceries,Bread,45.02,60.28,2,120.56,90.04,30.52,813,4.5
TXN-11405,2025-11-12,CUST-0277,25,Female,Silver,Home & Garden,Lamp,30.34,59.03,2,118.06,60.68,57.38,878,8.6
TXN-10514,2025-11-12,CUST-0132,50,Female,Silver,Home & Garden,Plant Pot,34.48,43.76,5,218.8,172.4,46.4,1793,7.0
TXN-14390,2025-11-12,CUST-0318,26,Male,Regular,Beauty & Health,Soap,11.95,23.02,3,69.06,35.85,33.21,848,6.8
TXN-12736,2025-11-12,CUST-0229,45,Male,Gold,Beauty & Health,Toothpaste,36.38,71.18,1,71.18,36.38,34.8,641,9.0
TXN-11351,2025-11-12,CUST-0499,47,Male,Silver,Home & Garden,Towel,36.45,51.3,1,51.3,36.45,14.85,886,5.5
TXN-10198,2025-11-13,CUST-0606,60,Male,Silver,Home & Garden,Plant Pot,34.48,43.76,2,87.52,68.96,18.56,1821,5.9
TXN-11799,2025-11-13,CUST-0033,18,Female,Silver,Beauty & Health,Vitamins,4.16,7.52,10,75.2,41.6,33.6,1204,7.8
TXN-13260,2025-11-13,CUST-0763,23,Male,Regular,Clothing,Socks,46.78,72.77,2,145.54,93.56,51.98,1067,4.9
TXN-11545,2025-11-13,CUST-0859,27,Female,Silver,Groceries,Bread,45.02,60.28,1,60.28,45.02,15.26,909,5.2
TXN-13996,2025-11-13,CUST-0953,42,Male,Silver,Groceries,Cereal,40.44,66.69,2,133.38,80.88,52.5,451,7.0
TXN-11456,2025-11-13,CUST-0331,46,Male,Silver,Clothing,Jeans,45.05,74.05,3,222.15,135.15,87.0,1612,4.6
TXN-12431,2025-11-13,CUST-0358,41,Female,Silver,Clothing,T-Shirt,49.29,89.1,1,89.1,49.29,39.81,526,4.9
TXN-14794,2025-11-13,CUST-0647,44,Male,Silver,Groceries,Apples,18.31,24.59,10,245.9,183.1,62.8,1382,7.3
TXN-10014,2025-11-13,CUST-0666,33,Male,Regular,Electronics,Smartwatch,34.96,50.62,10,506.2,349.6,156.6,1005,5.5
TXN-12366,2025-11-13,CUST-0810,38,Other,Regular,Beauty & Health,Vitamins,4.16,7.52,1,7.52,4.16,3.36,1151,4.0
TXN-12622,2025-11-14,CUST-0591,22,Male,Regular,Groceries,Rice,16.47,23.64,1,23.64,16.47,7.17,293,7.1
TXN-12957,2025-11-14,CUST-0736,33,Female,Regular,Clothing,Jeans,45.05,74.05,2,148.1,90.1,58.0,1499,4.1
TXN-11948,2025-11-14,CUST-0485,36,Male,Silver,Clothing,Jacket,3.47,6.87,1,6.87,3.47,3.4,1376,4.3
TXN-14097,2025-11-14,CUST-0393,25,Female,Silver,Clothing,Sneakers,20.09,39.7,1,39.7,20.09,19.61,517,6.0
TXN-14396,2025-11-14,CUST-0505,36,Male,Regular,Groceries,Bread,45.02,60.28,1,60.28,45.02,15.26,624,8.4
TXN-13866,2025-11-14,CUST-0465,31,Male,Gold,Clothing,T-Shirt,49.29,89.1,1,89.1,49.29,39.81,431,5.9
TXN-11467,2025-11-14,CUST-0393,42,Female,Silver,Clothing,Jeans,45.05,74.05,1,74.05,45.05,29.0,1611,6.1
TXN-14143,2025-11-14,CUST-0385,42,Female,Regular,Electronics,Mouse,41.17,78.14,1,78.14,41.17,36.97,1031,5.0
TXN-14023,2025-11-14,CUST-0072,47,Male,Regular,Electronics,Mouse,41.17,78.14,1,78.14,41.17,36.97,1040,3.2
TXN-11686,2025-11-14,CUST-0282,43,Male,Regular,Groceries,Rice,16.47,23.64,3,70.92,49.41,21.51,367,4.5
TXN-10233,2025-11-14,CUST-0542,50,Female,Regular,Groceries,Chicken,14.09,25.57,1,25.57,14.09,11.48,1915,4.2
TXN-12482,2025-11-14,CUST-0094,20,Male,Silver,Home & Garden,Frying Pan,11.59,15.48,1,15.48,11.59,3.89,1685,6.7
TXN-13139,2025-11-14,CUST-0370,38,Male,Regular,Home & Garden,Mug,5.57,9.8,5,49.0,27.85,21.15,665,9.3
TXN-14694,2025-11-14,CUST-0476,19,Male,Regular,Electronics,Headphones,49.93,84.43,4,337.72,199.72,138.0,1024,7.2
TXN-14802,2025-11-15,CUST-0390,18,Other,Regular,Electronics,Mouse,41.17,78.14,4,312.56,164.68,147.88,964,7.5
TXN-10465,2025-11-15,CUST-0522,40,Male,Regular,Clothing,T-Shirt,49.29,89.1,3,267.3,147.87,119.43,665,6.2
TXN-14270,2025-11-15,CUST-0191,39,Male,Regular,Groceries,Bread,45.02,60.28,2,120.56,90.04,30.52,641,3.7
TXN-13563,2025-11-15,CUST-0187,40,Female,Silver,Beauty & Health,Lotion,8.66,15.35,2,30.7,17.32,13.38,939,5.8
TXN-10150,2025-11-15,CUST-0065,40,Female,Regular,Clothing,Socks,46.78,72.77,1,72.77,46.78,25.99,1294,5.4
TXN-11818,2025-11-15,CUST-0116,47,Female,Silver,Beauty & Health,Lotion,8.66,15.35,2,30.7,17.32,13.38,1046,5.3
TXN-11221,2025-11-15,CUST-0646,24,Male,Regular,Groceries,Apples,18.31,24.59,1,24.59,18.31,6.28,1669,5.4
TXN-10732,2025-11-15,CUST-0007,35,Male,Silver,Home & Garden,Lamp,30.34,59.03,1,59.03,30.34,28.69,948,8.1
TXN-11904,2025-11-15,CUST-0413,24,Female,Gold,Clothing,Sneakers,20.09,39.7,1,39.7,20.09,19.61,644,7.5
TXN-12487,2025-11-15,CUST-0282,28,Female,Regular,Home & Garden,Plant Pot,34.48,43.76,4,175.04,137.92,37.12,1632,9.4
TXN-14577,2025-11-15,CUST-0288,23,Male,Regular,Beauty & Health,Toothpaste,36.38,71.18,1,71.18,36.38,34.8,492,5.4
TXN-11770,2025-11-15,CUST-0327,20,Male,Regular,Electronics,Charger,85.78,132.44,2,264.88,171.56,93.32,647,4.5
TXN-10092,2025-11-15,CUST-0452,55,Male,Gold,Home & Garden,Towel,36.45,51.3,3,153.9,109.35,44.55,1013,9.4
TXN-12668,2025-11-16,CUST-0561,41,Male,Regular,Beauty & Health,Toothpaste,36.38,71.18,2,142.36,72.76,69.6,644,5.5
TXN-14996,2025-11-16,CUST-0685,26,Male,Regular,Clothing,T-Shirt,49.29,89.1,1,89.1,49.29,39.81,350,6.5
TXN-13510,2025-11-16,CUST-0329,44,Female,Silver,Electronics,USB Drive,123.53,158.32,5,791.6,617.65,173.95,1490,6.3
TXN-11766,2025-11-16,CUST-0283,41,Male,Regular,Electronics,Headphones,49.93,84.43,2,168.86,99.86,69.0,1210,4.9
TXN-11420,2025-11-16,CUST-0621,25,Male,Regular,Electronics,Keyboard,107.66,156.53,5,782.65,538.3,244.35,772,8.0
TXN-12349,2025-11-16,CUST-0796,34,Male,Gold,Clothing,Jeans,45.05,74.05,5,370.25,225.25,145.0,1549,9.4
TXN-13951,2025-11-16,CUST-0357,25,Female,Silver,Beauty & Health,Toothpaste,36.38,71.18,10,711.8,363.8,348.0,548,8.8
TXN-13265,2025-11-16,CUST-0341,34,Female,Regular,Home & Garden,Towel,36.45,51.3,1,51.3,36.45,14.85,765,7.4
TXN-11277,2025-11-16,CUST-0066,36,Female,Silver,Home & Garden,Plant Pot,34.48,43.76,1,43.76,34.48,9.28,1723,4.9
TXN-13605,2025-11-16,CUST-0659,34,Male,Regular,Home & Garden,Mug,5.57,9.8,10,98.0,55.7,42.3,637,6.5
TXN-11885,2025-11-16,CUST-0751,38,Female,Regular,Home & Garden,Lamp,30.34,59.03,3,177.09,91.02,86.07,841,6.4
TXN-10417,2025-11-16,CUST-0011,49,Female,Gold,Electronics,Smartwatch,34.96,50.62,3,151.86,104.88,46.98,981,8.1
TXN-11899,2025-11-16,CUST-0264,58,Female,Regular,Home & Garden,Plant Pot,34.48,43.76,3,131.28,103.44,27.84,1672,6.8
TXN-11117,2025-11-16,CUST-0317,47,Male,Silver,Electronics,Headphones,49.93,84.43,1,84.43,49.93,34.5,1244,7.8
TXN-11528,2025-11-16,CUST-0776,33,Female,Regular,Electronics,Mouse,41.17,78.14,1,78.14,41.17,36.97,1177,5.0
TXN-10902,2025-11-16,CUST-0082,24,Male,Regular,Electronics,Keyboard,107.66,156.53,1,156.53,107.66,48.87,813,6.3
TXN-10195,2025-11-17,CUST-0099,22,Female,Regular,Clothing,Sneakers,20.09,39.7,2,79.4,40.18,39.22,768,4.9
TXN-11836,2025-11-17,CUST-0251,25,Female,Regular,Groceries,Pasta,47.29,56.99,2,113.98,94.58,19.4,1174,7.1
TXN-10345,2025-11-17,CUST-0305,34,Male,Regular,Electronics,Headphones,49.93,84.43,2,168.86,99.86,69.0,1311,6.5
TXN-13147,2025-11-17,CUST-0174,31,Female,Silver,Clothing,Hat,3.72,6.93,2,13.86,7.44,6.42,603,4.1
TXN-11153,2025-11-17,CUST-0375,30,Male,Regular,Home & Garden,Lamp,30.34,59.03,10,590.3,303.4,286.9,903,7.5
TXN-11864,2025-11-17,CUST-0754,36,Male,Regular,Clothing,Socks,46.78,72.77,1,72.77,46.78,25.99,1179,4.2
TXN-12238,2025-11-17,CUST-0103,19,Female,Silver,Home & Garden,Plant Pot,34.48,43.76,2,87.52,68.96,18.56,1650,3.6
TXN-12449,2025-11-17,CUST-0070,33,Female,Regular,Home & Garden,Bed Sheets,41.27,74.29,2,148.58,82.54,66.04,1655,5.5
TXN-14915,2025-11-17,CUST-0785,26,Male,Silver,Groceries,Pasta,47.29,56.99,1,56.99,47.29,9.7,1004,8.0
TXN-12394,2025-11-17,CUST-0250,48,Female,Regular,Groceries,Cereal,40.44,66.69,4,266.76,161.76,105.0,601,4.7
TXN-11793,2025-11-17,CUST-0142,22,Female,Regular,Clothing,Jacket,3.47,6.87,1,6.87,3.47,3.4,1390,3.3
TXN-13059,2025-11-17,CUST-0062,32,Male,Regular,Clothing,Jacket,3.47,6.87,10,68.7,34.7,34.0,1268,6.3
TXN-14173,2025-11-18,CUST-0665,18,Male,Silver,Electronics,Mouse,41.17,78.14,1,78.14,41.17,36.97,1021,6.2
TXN-13040,2025-11-18,CUST-0557,46,Male,Gold,Groceries,Eggs,28.33,56.24,1,56.24,28.33,27.91,1481,8.5
TXN-10277,2025-11-18,CUST-0109,41,Female,Regular,Electronics,Smartwatch,34.96,50.62,1,50.62,34.96,15.66,995,7.3
TXN-14753,2025-11-18,CUST-0418,30,Female,Regular,Groceries,Bread,45.02,60.28,1,60.28,45.02,15.26,620,6.1
TXN-14817,2025-11-18,CUST-0339,36,Female,Regular,Home & Garden,Plant Pot,34.48,43.76,3,131.28,103.44,27.84,1414,3.5
TXN-13729,2025-11-18,CUST-0702,29,Female,Silver,Beauty & Health,Face Wash,9.13,14.22,3,42.66,27.39,15.27,1135,8.2
TXN-11164,2025-11-18,CUST-0024,57,Female,Silver,Beauty & Health,Toothpaste,36.38,71.18,4,284.72,145.52,139.2,770,6.8
TXN-13611,2025-11-18,CUST-0078,36,Female,Regular,Clothing,Socks,46.78,72.77,1,72.77,46.78,25.99,1035,6.3
TXN-11687,2025-11-18,CUST-0503,39,Other,Regular,Beauty & Health,Face Wash,9.13,14.22,1,14.22,9.13,5.09,1312,6.2
TXN-11857,2025-11-19,CUST-0618,31,Female,Silver,Clothing,Hat,3.72,6.93,1,6.93,3.72,3.21,674,5.7
TXN-13415,2025-11-19,CUST-0356,40,Other,Regular,Electronics,Smartwatch,34.96,50.62,3,151.86,104.88,46.98,757,3.3
TXN-14321,2025-11-19,CUST-0556,32,Male,Regular,Beauty & Health,Vitamins,4.16,7.52,1,7.52,4.16,3.36,1025,4.2
TXN-11049,2025-11-19,CUST-0914,21,Male,Silver,Home & Garden,Frying Pan,11.59,15.48,1,15.48,11.59,3.89,1787,5.5
TXN-12914,2025-11-19,CUST-0215,58,Female,Regular,Groceries,Bread,45.02,60.28,2,120.56,90.04,30.52,806,5.8
TXN-10353,2025-11-19,CUST-0660,42,Female,Silver,Electronics,Smartwatch,34.96,50.62,1,50.62,34.96,15.66,985,7.0
TXN-13807,2025-11-19,CUST-0462,42,Other,Regular,Electronics,USB Drive,123.53,158.32,1,158.32,123.53,34.79,1469,5.2
TXN-14528,2025-11-19,CUST-0423,25,Male,Regular,Beauty & Health,Shampoo,25.11,45.77,2,91.54,50.22,41.32,723,6.4
TXN-10557,2025-11-19,CUST-0613,22,Female,Regular,Home & Garden,Lamp,30.34,59.03,2,118.06,60.68,57.38,955,6.0
TXN-14611,2025-11-19,CUST-0891,18,Female,Silver,Electronics,Mouse,41.17,78.14,5,390.7,205.85,184.85,989,6.5
TXN-13200,2025-11-19,CUST-0303,27,Female,Silver,Beauty & Health,Lotion,8.66,15.35,1,15.35,8.66,6.69,951,4.7
TXN-10411,2025-11-19,CUST-0274,36,Male,Gold,Home & Garden,Towel,36.45,51.3,1,51.3,36.45,14.85,981,5.7
TXN-12714,2025-11-19,CUST-0951,49,Male,Regular,Groceries,Apples,18.31,24.59,2,49.18,36.62,12.56,1543,8.0
TXN-11451,2025-11-19,CUST-0089,41,Female,Regular,Clothing,Jacket,3.47,6.87,1,6.87,3.47,3.4,1442,8.5
TXN-12343,2025-11-19,CUST-0336,47,Male,Gold,Home & Garden,Lamp,30.34,59.03,4,236.12,121.36,114.76,797,6.0
TXN-12945,2025-11-19,CUST-0865,47,Male,Regular,Groceries,Pasta,47.29,56.99,5,284.95,236.45,48.5,1116,6.3
TXN-10261,2025-11-19,CUST-0463,18,Female,Gold,Clothing,Sneakers,20.09,39.7,5,198.5,100.45,98.05,763,9.8
TXN-13522,2025-11-19,CUST-0759,42,Male,Silver,Groceries,Milk,32.13,59.75,2,119.5,64.26,55.24,978,6.5
TXN-12220,2025-11-19,CUST-0257,18,Male,Regular,Beauty & Health,Shampoo,25.11,45.77,1,45.77,25.11,20.66,896,4.9
TXN-13372,2025-11-20,CUST-0289,30,Male,Silver,Home & Garden,Towel,36.45,51.3,1,51.3,36.45,14.85,764,4.3
TXN-12384,2025-11-20,CUST-0029,36,Male,Silver,Home & Garden,Mug,5.57,9.8,1,9.8,5.57,4.23,740,5.4
TXN-14758,2025-11-20,CUST-0780,47,Male,Regular,Beauty & Health,Toothpaste,36.38,71.18,2,142.36,72.76,69.6,473,4.7
TXN-10428,2025-11-20,CUST-0297,32,Male,Regular,Electronics,Mouse,41.17,78.14,1,78.14,41.17,36.97,1269,7.8
TXN-10588,2025-11-20,CUST-0429,40,Female,Regular,Groceries,Rice,16.47,23.64,1,23.64,16.47,7.17,457,4.9
TXN-14114,2025-11-20,CUST-0339,27,Male,Regular,Groceries,Rice,16.47,23.64,5,118.2,82.35,35.85,183,7.8
TXN-14021,2025-11-20,CUST-0927,28,Female,Silver,Beauty & Health,Shampoo,25.11,45.77,1,45.77,25.11,20.66,761,6.6
TXN-13718,2025-11-20,CUST-0977,46,Female,Silver,Electronics,Smartwatch,34.96,50.62,10,506.2,349.6,156.6,731,6.3
TXN-12516,2025-11-20,CUST-0412,25,Female,Regular,Electronics,Charger,85.78,132.44,4,529.76,343.12,186.64,592,7.7
TXN-12415,2025-11-20,CUST-0684,37,Male,Regular,Groceries,Chicken,14.09,25.57,1,25.57,14.09,11.48,1795,4.1
TXN-10838,2025-11-20,CUST-0896,27,Male,Regular,Electronics,USB Drive,123.53,158.32,3,474.96,370.59,104.37,1676,4.5
TXN-14493,2025-11-20,CUST-0385,40,Female,Silver,Groceries,Apples,18.31,24.59,2,49.18,36.62,12.56,1402,4.4
TXN-11689,2025-11-21,CUST-0753,24,Female,Regular,Electronics,Keyboard,107.66,156.53,1,156.53,107.66,48.87,756,4.8
TXN-14966,2025-11-21,CUST-0412,40,Male,Regular,Beauty & Health,Shampoo,25.11,45.77,4,183.08,100.44,82.64,695,7.4
TXN-13295,2025-11-21,CUST-0478,35,Female,Regular,Electronics,Keyboard,107.66,156.53,1,156.53,107.66,48.87,657,5.8
TXN-14691,2025-11-21,CUST-0110,41,Male,Silver,Clothing,Jeans,45.05,74.05,2,148.1,90.1,58.0,1360,6.8
TXN-12962,2025-11-21,CUST-0016,40,Male,Regular,Clothing,Socks,46.78,72.77,4,291.08,187.12,103.96,1078,9.0
TXN-13520,2025-11-21,CUST-0930,20,Male,Silver,Beauty & Health,Toothpaste,36.38,71.18,1,71.18,36.38,34.8,579,3.2
TXN-11340,2025-11-21,CUST-0842,31,Female,Silver,Electronics,Charger,85.78,132.44,10,1324.4,857.8,466.6,677,9.0
TXN-11037,2025-11-21,CUST-0829,28,Male,Silver,Beauty & Health,Face Wash,9.13,14.22,1,14.22,9.13,5.09,1360,5.4
TXN-14461,2025-11-21,CUST-0537,22,Male,Regular,Clothing,Socks,46.78,72.77,2,145.54,93.56,51.98,969,4.2
TXN-10905,2025-11-21,CUST-0202,36,Female,Silver,Groceries,Rice,16.47,23.64,10,236.4,164.7,71.7,419,6.9
TXN-13767,2025-11-21,CUST-0292,45,Male,Silver,Groceries,Chicken,14.09,25.57,1,25.57,14.09,11.48,1703,7.7
TXN-13742,2025-11-21,CUST-0294,33,Female,Regular,Clothing,T-Shirt,49.29,89.1,2,178.2,98.58,79.62,444,5.2
TXN-14377,2025-11-21,CUST-0381,35,Male,Gold,Groceries,Apples,18.31,24.59,1,24.59,18.31,6.28,1415,5.3
TXN-13079,2025-11-22,CUST-0730,24,Female,Gold,Electronics,Smartwatch,34.96,50.62,2,101.24,69.92,31.32,797,7.3
TXN-10227,2025-11-22,CUST-0693,29,Female,Regular,Electronics,Mouse,41.17,78.14,1,78.14,41.17,36.97,1277,6.0
TXN-12410,2025-11-22,CUST-0379,18,Male,Regular,Home & Garden,Towel,36.45,51.3,3,153.9,109.35,44.55,821,5.1
TXN-11207,2025-11-22,CUST-0659,34,Male,Regular,Groceries,Apples,18.31,24.59,2,49.18,36.62,12.56,1670,7.0
TXN-11727,2025-11-22,CUST-0191,35,Male,Silver,Home & Garden,Frying Pan,11.59,15.48,1,15.48,11.59,3.89,1713,7.3
TXN-10463,2025-11-22,CUST-0728,18,Male,Regular,Clothing,Hat,3.72,6.93,3,20.79,11.16,9.63,803,3.7
TXN-12705,2025-11-22,CUST-0160,36,Male,Regular,Groceries,Apples,18.31,24.59,4,98.36,73.24,25.12,1546,8.2
TXN-12693,2025-11-22,CUST-0072,37,Male,Regular,Clothing,Jacket,3.47,6.87,1,6.87,3.47,3.4,1313,5.6
TXN-11666,2025-11-22,CUST-0015,24,Male,Regular,Beauty & Health,Face Wash,9.13,14.22,4,56.88,36.52,20.36,1313,7.6
TXN-14680,2025-11-22,CUST-0424,26,Male,Regular,Beauty & Health,Lotion,8.66,15.35,2,30.7,17.32,13.38,896,5.8
TXN-11270,2025-11-22,CUST-0883,31,Male,Gold,Electronics,Smartwatch,34.96,50.62,2,101.24,69.92,31.32,924,8.4
TXN-12215,2025-11-22,CUST-0261,28,Female,Regular,Groceries,Eggs,28.33,56.24,1,56.24,28.33,27.91,1543,6.2
TXN-11602,2025-11-22,CUST-0558,31,Female,Regular,Groceries,Apples,18.31,24.59,2,49.18,36.62,12.56,1620,8.2
TXN-12834,2025-11-23,CUST-0865,21,Male,Silver,Electronics,Charger,85.78,132.44,10,1324.4,857.8,466.6,562,8.2
TXN-14048,2025-11-23,CUST-0700,38,Male,Regular,Home & Garden,Frying Pan,11.59,15.48,4,61.92,46.36,15.56,1545,6.0
TXN-10596,2025-11-23,CUST-0613,33,Male,Regular,Home & Garden,Frying Pan,11.59,15.48,1,15.48,11.59,3.89,1808,6.2
TXN-13987,2025-11-23,CUST-0795,30,Male,Regular,Beauty & Health,Vitamins,4.16,7.52,1,7.52,4.16,3.36,1044,6.5
TXN-11640,2025-11-23,CUST-0964,45,Male,Regular,Electronics,Headphones,49.93,84.43,1,84.43,49.93,34.5,1223,7.4
TXN-13620,2025-11-23,CUST-0643,44,Female,Regular,Beauty & Health,Soap,11.95,23.02,1,23.02,11.95,11.07,893,5.2
TXN-13016,2025-11-23,CUST-0732,35,Male,Regular,Clothing,Jeans,45.05,74.05,3,222.15,135.15,87.0,1495,4.6
TXN-13208,2025-11-23,CUST-0373,37,Female,Regular,Groceries,Milk,32.13,59.75,2,119.5,64.26,55.24,993,7.5
TXN-14069,2025-11-23,CUST-0425,19,Male,Regular,Clothing,T-Shirt,49.29,89.1,1,89.1,49.29,39.81,424,7.0
TXN-12292,2025-11-23,CUST-0829,38,Female,Regular,Groceries,Pasta,47.29,56.99,2,113.98,94.58,19.4,1152,5.5
TXN-14584,2025-11-23,CUST-0410,32,Male,Regular,Groceries,Milk,32.13,59.75,1,59.75,32.13,27.62,906,5.3
TXN-13895,2025-11-24,CUST-0044,43,Male,Regular,Home & Garden,Mug,5.57,9.8,1,9.8,5.57,4.23,622,5.3
TXN-10118,2025-11-24,CUST-0989,49,Female,Regular,Clothing,Hat,3.72,6.93,5,34.65,18.6,16.05,827,6.3
TXN-10377,2025-11-24,CUST-0352,25,Female,Silver,Home & Garden,Mug,5.57,9.8,1,9.8,5.57,4.23,852,5.3
TXN-13872,2025-11-24,CUST-0830,24,Male,Regular,Groceries,Bread,45.02,60.28,1,60.28,45.02,15.26,673,7.0
TXN-12389,2025-11-24,CUST-0456,27,Male,Regular,Beauty & Health,Vitamins,4.16,7.52,2,15.04,8.32,6.72,1149,4.8
TXN-12855,2025-11-24,CUST-0767,31,Female,Gold,Groceries,Milk,32.13,59.75,2,119.5,64.26,55.24,1009,6.8
TXN-13341,2025-11-24,CUST-0833,28,Male,Silver,Clothing,Jeans,45.05,74.05,4,296.2,180.2,116.0,1465,4.7
TXN-14301,2025-11-24,CUST-0608,35,Male,Regular,Electronics,Mouse,41.17,78.14,3,234.42,123.51,110.91,1012,4.6
TXN-13259,2025-11-24,CUST-0627,22,Other,Regular,Electronics,Headphones,49.93,84.43,1,84.43,49.93,34.5,1114,3.9
TXN-11040,2025-11-24,CUST-0761,36,Male,Regular,Home & Garden,Towel,36.45,51.3,1,51.3,36.45,14.85,911,8.0
TXN-14586,2025-11-24,CUST-0393,23,Female,Silver,Groceries,Cereal,40.44,66.69,10,666.9,404.4,262.5,411,6.1
TXN-14627,2025-11-24,CUST-0058,18,Male,Regular,Electronics,Mouse,41.17,78.14,1,78.14,41.17,36.97,987,6.0
TXN-11027,2025-11-24,CUST-0983,34,Male,Gold,Groceries,Bread,45.02,60.28,1,60.28,45.02,15.26,935,6.0
TXN-10192,2025-11-24,CUST-0385,24,Male,Regular,Beauty & Health,Toothpaste,36.38,71.18,2,142.36,72.76,69.6,831,5.6
TXN-13761,2025-11-24,CUST-0201,35,Male,Silver,Electronics,Keyboard,107.66,156.53,10,1565.3,1076.6,488.7,609,5.4
TXN-12455,2025-11-24,CUST-0954,48,Other,Regular,Home & Garden,Bed Sheets,41.27,74.29,1,74.29,41.27,33.02,1654,6.7
TXN-13159,2025-11-25,CUST-0126,18,Male,Regular,Clothing,Socks,46.78,72.77,1,72.77,46.78,25.99,1075,6.9
TXN-10410,2025-11-25,CUST-0250,37,Female,Regular,Electronics,Charger,85.78,132.44,2,264.88,171.56,93.32,746,7.5
TXN-13788,2025-11-25,CUST-0168,41,Female,Regular,Home & Garden,Lamp,30.34,59.03,4,236.12,121.36,114.76,663,7.9
TXN-12180,2025-11-25,CUST-0239,30,Female,Silver,Clothing,T-Shirt,49.29,89.1,4,356.4,197.16,159.24,549,9.2
TXN-10391,2025-11-25,CUST-0532,32,Male,Regular,Groceries,Pasta,47.29,56.99,1,56.99,47.29,9.7,1264,8.1
TXN-12947,2025-11-25,CUST-0257,19,Male,Regular,Beauty & Health,Vitamins,4.16,7.52,1,7.52,4.16,3.36,1101,5.8
TXN-14596,2025-11-25,CUST-0410,52,Male,Regular,Home & Garden,Mug,5.57,9.8,1,9.8,5.57,4.23,563,5.6
TXN-12224,2025-11-25,CUST-0882,43,Female,Regular,Home & Garden,Frying Pan,11.59,15.48,1,15.48,11.59,3.89,1693,6.6
TXN-14288,2025-11-25,CUST-0587,53,Female,Regular,Groceries,Bread,45.02,60.28,1,60.28,45.02,15.26,640,4.0
TXN-14670,2025-11-25,CUST-0900,37,Male,Regular,Clothing,Jacket,3.47,6.87,3,20.61,10.41,10.2,1131,5.9
TXN-11601,2025-11-25,CUST-0748,54,Male,Regular,Home & Garden,Bed Sheets,41.27,74.29,1,74.29,41.27,33.02,1720,7.2
TXN-11172,2025-11-25,CUST-0195,25,Male,Regular,Groceries,Bread,45.02,60.28,1,60.28,45.02,15.26,926,7.8
TXN-13525,2025-11-25,CUST-0765,25,Male,Silver,Electronics,USB Drive,123.53,158.32,2,316.64,247.06,69.58,1487,5.7
TXN-11424,2025-11-25,CUST-0864,29,Female,Silver,Groceries,Cereal,40.44,66.69,2,133.38,80.88,52.5,657,6.4
TXN-12567,2025-11-25,CUST-0190,38,Male,Regular,Home & Garden,Frying Pan,11.59,15.48,1,15.48,11.59,3.89,1678,5.8
TXN-12678,2025-11-25,CUST-0853,18,Female,Regular,Home & Garden,Bed Sheets,41.27,74.29,3,222.87,123.81,99.06,1631,6.5
TXN-11253,2025-11-25,CUST-0420,32,Male,Regular,Groceries,Eggs,28.33,56.24,1,56.24,28.33,27.91,1593,6.3
TXN-13937,2025-11-25,CUST-0493,39,Male,Regular,Groceries,Bread,45.02,60.28,1,60.28,45.02,15.26,671,5.3
TXN-12326,2025-11-26,CUST-0812,50,Female,Regular,Electronics,Charger,85.78,132.44,2,264.88,171.56,93.32,607,6.1
TXN-12774,2025-11-26,CUST-0335,37,Female,Regular,Clothing,Hat,3.72,6.93,2,13.86,7.44,6.42,614,6.7
TXN-10162,2025-11-26,CUST-0694,40,Male,Regular,Beauty & Health,Shampoo,25.11,45.77,2,91.54,50.22,41.32,1023,4.4
TXN-14311,2025-11-26,CUST-0583,50,Female,Regular,Beauty & Health,Face Wash,9.13,14.22,1,14.22,9.13,5.09,1091,5.2
TXN-13732,2025-11-26,CUST-0836,34,Female,Regular,Beauty & Health,Soap,11.95,23.02,4,92.08,47.8,44.28,889,9.2
TXN-10178,2025-11-26,CUST-0997,57,Male,Silver,Beauty & Health,Vitamins,4.16,7.52,2,15.04,8.32,6.72,1339,6.9
TXN-13316,2025-11-26,CUST-0545,52,Male,Regular,Clothing,Jacket,3.47,6.87,2,13.74,6.94,6.8,1254,7.1
TXN-12543,2025-11-26,CUST-0051,41,Female,Regular,Groceries,Milk,32.13,59.75,5,298.75,160.65,138.1,1026,7.5
TXN-10002,2025-11-26,CUST-0147,44,Female,Silver,Home & Garden,Frying Pan,11.59,15.48,4,61.92,46.36,15.56,1857,6.5
TXN-10279,2025-11-26,CUST-0840,50,Male,Regular,Clothing,Jacket,3.47,6.87,3,20.61,10.41,10.2,1510,4.8
TXN-10416,2025-11-26,CUST-0731,18,Female,Silver,Groceries,Rice,16.47,23.64,1,23.64,16.47,7.17,478,5.5
TXN-11937,2025-11-26,CUST-0931,39,Female,Silver,Beauty & Health,Toothpaste,36.38,71.18,1,71.18,36.38,34.8,712,7.1
TXN-14411,2025-11-26,CUST-0881,32,Male,Regular,Beauty & Health,Toothpaste,36.38,71.18,5,355.9,181.9,174.0,528,6.8
TXN-13685,2025-11-26,CUST-0847,30,Female,Gold,Groceries,Chicken,14.09,25.57,1,25.57,14.09,11.48,1709,6.4
TXN-12156,2025-11-26,CUST-0726,41,Female,Silver,Groceries,Pasta,47.29,56.99,1,56.99,47.29,9.7,1157,7.0
TXN-12158,2025-11-26,CUST-0900,35,Male,Silver,Electronics,Mouse,41.17,78.14,1,78.14,41.17,36.97,1152,5.1
TXN-10582,2025-11-27,CUST-0790,18,Female,Regular,Home & Garden,Bed Sheets,41.27,74.29,1,74.29,41.27,33.02,1812,4.1
TXN-11584,2025-11-27,CUST-0674,30,Female,Silver,Beauty & Health,Lotion,8.66,15.35,1,15.35,8.66,6.69,1060,7.0
TXN-14713,2025-11-27,CUST-0464,35,Female,Silver,Home & Garden,Mug,5.57,9.8,1,9.8,5.57,4.23,561,5.6
TXN-14510,2025-11-27,CUST-0257,38,Male,Regular,Home & Garden,Frying Pan,11.59,15.48,1,15.48,11.59,3.89,1490,4.1
TXN-14040,2025-11-27,CUST-0555,40,Female,Regular,Home & Garden,Plant Pot,34.48,43.76,1,43.76,34.48,9.28,1511,5.7
TXN-10956,2025-11-27,CUST-0243,47,Female,Silver,Beauty & Health,Soap,11.95,23.02,1,23.02,11.95,11.07,1056,7.4
TXN-13975,2025-11-27,CUST-0939,29,Other,Silver,Electronics,Smartwatch,34.96,50.62,4,202.48,139.84,62.64,717,7.7
TXN-10566,2025-11-27,CUST-0751,27,Female,Regular,Clothing,Jeans,45.05,74.05,1,74.05,45.05,29.0,1658,8.5
TXN-10328,2025-11-27,CUST-0271,23,Male,Regular,Electronics,Mouse,41.17,78.14,1,78.14,41.17,36.97,1275,6.7
TXN-14788,2025-11-27,CUST-0634,24,Female,Regular,Beauty & Health,Lotion,8.66,15.35,4,61.4,34.64,26.76,886,7.6
TXN-10407,2025-11-27,CUST-0766,42,Male,Regular,Clothing,Jacket,3.47,6.87,1,6.87,3.47,3.4,1506,6.2
TXN-12476,2025-11-27,CUST-0792,26,Female,Regular,Beauty & Health,Vitamins,4.16,7.52,1,7.52,4.16,3.36,1137,5.3
TXN-10555,2025-11-27,CUST-0877,40,Female,Silver,Clothing,Sneakers,20.09,39.7,4,158.8,80.36,78.44,748,8.4
TXN-12176,2025-11-27,CUST-0693,45,Male,Regular,Clothing,Jacket,3.47,6.87,1,6.87,3.47,3.4,1363,5.7
TXN-14973,2025-11-28,CUST-0217,38,Male,Regular,Electronics,USB Drive,123.53,158.32,4,633.28,494.12,139.16,1397,7.7
TXN-14137,2025-11-28,CUST-0676,40,Male,Regular,Electronics,Smartwatch,34.96,50.62,2,101.24,69.92,31.32,704,7.0
TXN-11097,2025-11-28,CUST-0877,39,Female,Silver,Groceries,Cereal,40.44,66.69,1,66.69,40.44,26.25,685,4.9
TXN-13930,2025-11-28,CUST-0774,42,Female,Regular,Clothing,Sneakers,20.09,39.7,1,39.7,20.09,19.61,526,5.8
TXN-10520,2025-11-28,CUST-0471,41,Male,Regular,Groceries,Bread,45.02,60.28,2,120.56,90.04,30.52,974,6.6
TXN-11531,2025-11-28,CUST-0621,26,Other,Regular,Clothing,Socks,46.78,72.77,2,145.54,93.56,51.98,1192,6.6
TXN-12092,2025-11-28,CUST-0497,28,Female,Regular,Beauty & Health,Toothpaste,36.38,71.18,1,71.18,36.38,34.8,697,5.2
TXN-13156,2025-11-28,CUST-0193,39,Other,Regular,Clothing,Sneakers,20.09,39.7,1,39.7,20.09,19.61,572,4.8
TXN-11120,2025-11-28,CUST-0179,45,Male,Silver,Home & Garden,Frying Pan,11.59,15.48,1,15.48,11.59,3.89,1769,7.1
TXN-12442,2025-11-28,CUST-0377,49,Male,Regular,Home & Garden,Lamp,30.34,59.03,1,59.03,30.34,28.69,793,5.8
TXN-12925,2025-11-28,CUST-0145,34,Female,Gold,Home & Garden,Bed Sheets,41.27,74.29,1,74.29,41.27,33.02,1611,8.8
TXN-10680,2025-11-29,CUST-0553,41,Male,Regular,Clothing,Jacket,3.47,6.87,2,13.74,6.94,6.8,1495,6.1
TXN-10890,2025-11-29,CUST-0258,29,Male,Regular,Electronics,Keyboard,107.66,156.53,2,313.06,215.32,97.74,814,4.3
TXN-10350,2025-11-29,CUST-0797,31,Male,Regular,Clothing,Jeans,45.05,74.05,3,222.15,135.15,87.0,1684,5.7
TXN-11185,2025-11-29,CUST-0461,25,Female,Regular,Beauty & Health,Toothpaste,36.38,71.18,10,711.8,363.8,348.0,760,7.9
TXN-13741,2025-11-29,CUST-0656,48,Male,Regular,Groceries,Eggs,28.33,56.24,1,56.24,28.33,27.91,1430,6.7
TXN-13544,2025-11-29,CUST-0434,29,Male,Silver,Home & Garden,Frying Pan,11.59,15.48,1,15.48,11.59,3.89,1610,8.3
TXN-12383,2025-11-29,CUST-0625,42,Male,Regular,Groceries,Milk,32.13,59.75,1,59.75,32.13,27.62,1042,4.7
TXN-14054,2025-11-29,CUST-0393,32,Female,Regular,Clothing,Sneakers,20.09,39.7,1,39.7,20.09,19.61,520,7.6
TXN-14325,2025-11-29,CUST-0399,31,Female,Regular,Groceries,Pasta,47.29,56.99,4,227.96,189.16,38.8,1040,6.7
TXN-12741,2025-11-29,CUST-0718,51,Male,Regular,Electronics,Smartwatch,34.96,50.62,4,202.48,139.84,62.64,833,4.9
TXN-14922,2025-11-29,CUST-0666,26,Male,Regular,Electronics,Charger,85.78,132.44,1,132.44,85.78,46.66,419,5.2
TXN-14924,2025-11-29,CUST-0440,33,Female,Regular,Clothing,T-Shirt,49.29,89.1,1,89.1,49.29,39.81,354,6.7
TXN-11285,2025-11-29,CUST-0748,57,Male,Silver,Home & Garden,Mug,5.57,9.8,4,39.2,22.28,16.92,802,5.7
TXN-14949,2025-11-29,CUST-0234,23,Female,Regular,Groceries,Milk,32.13,59.75,1,59.75,32.13,27.62,874,7.0
TXN-14472,2025-11-29,CUST-0637,36,Female,Regular,Beauty & Health,Lotion,8.66,15.35,1,15.35,8.66,6.69,903,5.7
TXN-12783,2025-11-29,CUST-0582,32,Male,Regular,Electronics,Headphones,49.93,84.43,1,84.43,49.93,34.5,1149,4.8
TXN-12982,2025-11-29,CUST-0548,47,Male,Silver,Home & Garden,Bed Sheets,41.27,74.29,4,297.16,165.08,132.08,1606,7.9
TXN-10480,2025-11-30,CUST-0850,54,Other,Regular,Clothing,Jacket,3.47,6.87,4,27.48,13.88,13.6,1502,7.3
TXN-14968,2025-11-30,CUST-0994,28,Male,Regular,Groceries,Bread,45.02,60.28,2,120.56,90.04,30.52,612,5.9
TXN-12147,2025-11-30,CUST-0931,38,Female,Regular,Beauty & Health,Shampoo,25.11,45.77,2,91.54,50.22,41.32,901,4.5
TXN-11251,2025-11-30,CUST-0919,37,Male,Silver,Clothing,Jeans,45.05,74.05,4,296.2,180.2,116.0,1626,8.0
TXN-13578,2025-11-30,CUST-0829,19,Male,Silver,Beauty & Health,Vitamins,4.16,7.52,5,37.6,20.8,16.8,1065,4.7
TXN-14852,2025-11-30,CUST-0917,39,Female,Silver,Groceries,Pasta,47.29,56.99,3,170.97,141.87,29.1,1007,7.6
TXN-12424,2025-11-30,CUST-0636,47,Female,Silver,Groceries,Milk,32.13,59.75,2,119.5,64.26,55.24,1039,3.6
TXN-14737,2025-11-30,CUST-0303,34,Female,Gold,Home & Garden,Frying Pan,11.59,15.48,1,15.48,11.59,3.89,1468,7.2
TXN-11505,2025-11-30,CUST-0373,33,Male,Silver,Electronics,Mouse,41.17,78.14,5,390.7,205.85,184.85,1186,6.5
TXN-10030,2025-11-30,CUST-0002,22,Female,Silver,Home & Garden,Bed Sheets,41.27,74.29,1,74.29,41.27,33.02,1855,5.1
TXN-11103,2025-11-30,CUST-0275,54,Male,Silver,Clothing,Socks,46.78,72.77,4,291.08,187.12,103.96,1223,6.2
TXN-13581,2025-12-01,CUST-0221,48,Male,Silver,Clothing,Hat,3.72,6.93,2,13.86,7.44,6.42,582,5.1
TXN-11611,2025-12-01,CUST-0455,18,Female,Silver,Groceries,Milk,32.13,59.75,2,119.5,64.26,55.24,1105,5.2
TXN-12821,2025-12-01,CUST-0874,50,Male,Silver,Groceries,Cereal,40.44,66.69,4,266.76,161.76,105.0,547,8.4
TXN-13134,2025-12-01,CUST-0444,30,Male,Gold,Groceries,Apples,18.31,24.59,5,122.95,91.55,31.4,1501,8.7
TXN-10387,2025-12-01,CUST-0897,53,Male,Silver,Home & Garden,Towel,36.45,51.3,3,153.9,109.35,44.55,982,7.9
TXN-13067,2025-12-01,CUST-0234,33,Female,Silver,Beauty & Health,Face Wash,9.13,14.22,10,142.2,91.3,50.9,1182,5.2
TXN-12484,2025-12-01,CUST-0365,26,Female,Regular,Electronics,Mouse,41.17,78.14,1,78.14,41.17,36.97,1137,7.5
TXN-14284,2025-12-01,CUST-0345,36,Male,Silver,Electronics,USB Drive,123.53,158.32,5,791.6,617.65,173.95,1436,8.5
TXN-13598,2025-12-01,CUST-0113,34,Male,Regular,Home & Garden,Bed Sheets,41.27,74.29,4,297.16,165.08,132.08,1560,6.8
TXN-12166,2025-12-01,CUST-0559,41,Female,Regular,Beauty & Health,Soap,11.95,23.02,1,23.02,11.95,11.07,976,6.8
TXN-11572,2025-12-01,CUST-0795,40,Male,Gold,Groceries,Milk,32.13,59.75,1,59.75,32.13,27.62,1107,5.5
TXN-11336,2025-12-01,CUST-0526,46,Male,Silver,Clothing,Jacket,3.47,6.87,2,13.74,6.94,6.8,1447,4.3
TXN-13501,2025-12-01,CUST-0598,38,Female,Regular,Electronics,Charger,85.78,132.44,2,264.88,171.56,93.32,515,5.9
TXN-12139,2025-12-01,CUST-0686,18,Male,Regular,Groceries,Apples,18.31,24.59,1,24.59,18.31,6.28,1571,5.6
TXN-11089,2025-12-01,CUST-0456,38,Male,Regular,Groceries,Cereal,40.44,66.69,1,66.69,40.44,26.25,687,5.2
TXN-13784,2025-12-01,CUST-0741,60,Female,Silver,Beauty & Health,Toothpaste,36.38,71.18,1,71.18,36.38,34.8,568,4.8
TXN-14245,2025-12-01,CUST-0712,18,Male,Regular,Clothing,Sneakers,20.09,39.7,4,158.8,80.36,78.44,504,5.8
TXN-13827,2025-12-01,CUST-0078,27,Male,Regular,Home & Garden,Frying Pan,11.59,15.48,1,15.48,11.59,3.89,1588,5.0
TXN-14004,2025-12-01,CUST-0107,45,Female,Regular,Home & Garden,Mug,5.57,9.8,5,49.0,27.85,21.15,605,9.1
TXN-11829,2025-12-02,CUST-0364,25,Female,Silver,Groceries,Cereal,40.44,66.69,1,66.69,40.44,26.25,630,5.9
TXN-14224,2025-12-02,CUST-0919,46,Female,Regular,Clothing,Sneakers,20.09,39.7,1,39.7,20.09,19.61,508,5.6
TXN-11433,2025-12-02,CUST-0187,42,Male,Silver,Electronics,Charger,85.78,132.44,4,529.76,343.12,186.64,669,7.5
TXN-11643,2025-12-02,CUST-0828,42,Male,Regular,Clothing,Hat,3.72,6.93,3,20.79,11.16,9.63,683,6.3
TXN-12610,2025-12-02,CUST-0921,47,Female,Silver,Home & Garden,Bed Sheets,41.27,74.29,1,74.29,41.27,33.02,1639,5.0
TXN-13268,2025-12-02,CUST-0552,50,Female,Silver,Beauty & Health,Face Wash,9.13,14.22,10,142.2,91.3,50.9,1167,8.2
TXN-12818,2025-12-02,CUST-0721,21,Female,Silver,Clothing,Sneakers,20.09,39.7,1,39.7,20.09,19.61,585,5.3
TXN-12322,2025-12-02,CUST-0354,44,Male,Silver,Groceries,Chicken,14.09,25.57,1,25.57,14.09,11.48,1800,4.3
TXN-10457,2025-12-03,CUST-0852,18,Female,Regular,Beauty & Health,Face Wash,9.13,14.22,1,14.22,9.13,5.09,1400,6.5
TXN-11994,2025-12-03,CUST-0255,26,Male,Silver,Beauty & Health,Toothpaste,36.38,71.18,1,71.18,36.38,34.8,704,6.2
TXN-12614,2025-12-03,CUST-0179,47,Male,Regular,Groceries,Pasta,47.29,56.99,1,56.99,47.29,9.7,1145,5.5
TXN-11830,2025-12-03,CUST-0685,30,Female,Regular,Clothing,Jacket,3.47,6.87,1,6.87,3.47,3.4,1385,4.8
TXN-11199,2025-12-03,CUST-0607,33,Male,Silver,Groceries,Eggs,28.33,56.24,1,56.24,28.33,27.91,1597,7.1
TXN-10976,2025-12-03,CUST-0385,46,Female,Regular,Electronics,Keyboard,107.66,156.53,1,156.53,107.66,48.87,811,4.5
TXN-13780,2025-12-03,CUST-0034,18,Female,Regular,Clothing,T-Shirt,49.29,89.1,1,89.1,49.29,39.81,443,5.2
TXN-11354,2025-12-03,CUST-0414,26,Male,Regular,Electronics,Keyboard,107.66,156.53,1,156.53,107.66,48.87,780,5.5
TXN-10171,2025-12-03,CUST-0062,55,Male,Regular,Electronics,USB Drive,123.53,158.32,1,158.32,123.53,34.79,1738,5.3
TXN-11978,2025-12-03,CUST-0508,28,Female,Gold,Clothing,Hat,3.72,6.93,1,6.93,3.72,3.21,662,8.7
TXN-11837,2025-12-03,CUST-0409,60,Other,Silver,Home & Garden,Lamp,30.34,59.03,1,59.03,30.34,28.69,848,7.5
TXN-14739,2025-12-03,CUST-0332,41,Male,Silver,Home & Garden,Lamp,30.34,59.03,2,118.06,60.68,57.38,581,5.5
TXN-13051,2025-12-03,CUST-0444,18,Male,Regular,Home & Garden,Mug,5.57,9.8,10,98.0,55.7,42.3,681,9.7
TXN-12418,2025-12-03,CUST-0629,48,Other,Regular,Beauty & Health,Face Wash,9.13,14.22,1,14.22,9.13,5.09,1238,5.4
TXN-13077,2025-12-03,CUST-0280,31,Male,Regular,Groceries,Apples,18.31,24.59,4,98.36,73.24,25.12,1510,6.1
TXN-13003,2025-12-03,CUST-0952,28,Female,Gold,Home & Garden,Mug,5.57,9.8,2,19.6,11.14,8.46,695,7.4
TXN-10133,2025-12-03,CUST-0852,32,Male,Regular,Groceries,Pasta,47.29,56.99,2,113.98,94.58,19.4,1283,6.6
TXN-10618,2025-12-04,CUST-0585,30,Female,Silver,Home & Garden,Plant Pot,34.48,43.76,2,87.52,68.96,18.56,1785,5.9
TXN-11205,2025-12-04,CUST-0949,30,Female,Silver,Home & Garden,Frying Pan,11.59,15.48,2,30.96,23.18,7.78,1757,6.8
TXN-11982,2025-12-04,CUST-0949,33,Male,Regular,Clothing,T-Shirt,49.29,89.1,10,891.0,492.9,398.1,557,4.9
TXN-10775,2025-12-04,CUST-0556,30,Male,Regular,Groceries,Apples,18.31,24.59,2,49.18,36.62,12.56,1700,6.2
TXN-11578,2025-12-04,CUST-0770,40,Female,Silver,Home & Garden,Frying Pan,11.59,15.48,1,15.48,11.59,3.89,1737,5.3
TXN-13360,2025-12-04,CUST-0985,35,Male,Silver,Beauty & Health,Soap,11.95,23.02,2,46.04,23.9,22.14,910,3.6
TXN-14385,2025-12-04,CUST-0343,30,Female,Silver,Beauty & Health,Toothpaste,36.38,71.18,1,71.18,36.38,34.8,533,7.7
TXN-14264,2025-12-04,CUST-0291,27,Female,Regular,Home & Garden,Towel,36.45,51.3,10,513.0,364.5,148.5,674,6.9
TXN-14686,2025-12-04,CUST-0290,24,Male,Regular,Clothing,Hat,3.72,6.93,1,6.93,3.72,3.21,510,7.8
TXN-10574,2025-12-04,CUST-0442,18,Female,Silver,Home & Garden,Bed Sheets,41.27,74.29,1,74.29,41.27,33.02,1813,6.9
TXN-10083,2025-12-04,CUST-0512,37,Male,Regular,Beauty & Health,Vitamins,4.16,7.52,3,22.56,12.48,10.08,1346,6.6
TXN-14205,2025-12-04,CUST-0072,22,Female,Silver,Clothing,T-Shirt,49.29,89.1,1,89.1,49.29,39.81,420,6.2
TXN-12063,2025-12-04,CUST-0450,43,Female,Regular,Electronics,Keyboard,107.66,156.53,5,782.65,538.3,244.35,731,4.1
TXN-12416,2025-12-04,CUST-0315,24,Female,Silver,Home & Garden,Mug,5.57,9.8,1,9.8,5.57,4.23,739,8.1
TXN-10695,2025-12-05,CUST-0766,28,Male,Regular,Groceries,Pasta,47.29,56.99,1,56.99,47.29,9.7,1237,4.6
TXN-10847,2025-12-05,CUST-0549,39,Female,Regular,Beauty & Health,Face Wash,9.13,14.22,3,42.66,27.39,15.27,1374,6.4
TXN-12094,2025-12-05,CUST-0314,28,Male,Silver,Clothing,Jacket,3.47,6.87,3,20.61,10.41,10.2,1365,6.6
TXN-11609,2025-12-05,CUST-0375,44,Male,Silver,Groceries,Bread,45.02,60.28,1,60.28,45.02,15.26,904,6.5
TXN-10342,2025-12-05,CUST-0356,49,Female,Regular,Clothing,Socks,46.78,72.77,1,72.77,46.78,25.99,1279,7.0
TXN-13852,2025-12-05,CUST-0255,24,Male,Silver,Clothing,Sneakers,20.09,39.7,1,39.7,20.09,19.61,527,5.3
TXN-12915,2025-12-05,CUST-0896,21,Male,Regular,Home & Garden,Plant Pot,34.48,43.76,2,87.52,68.96,18.56,1601,7.6
TXN-13008,2025-12-05,CUST-0254,31,Female,Gold,Electronics,Headphones,49.93,84.43,3,253.29,149.79,103.5,1132,7.9
TXN-13009,2025-12-05,CUST-0574,31,Male,Regular,Beauty & Health,Lotion,8.66,15.35,1,15.35,8.66,6.69,959,5.5
TXN-14957,2025-12-05,CUST-0544,32,Male,Silver,Beauty & Health,Face Wash,9.13,14.22,2,28.44,18.26,10.18,1058,7.3
TXN-11926,2025-12-05,CUST-0006,40,Male,Regular,Groceries,Eggs,28.33,56.24,2,112.48,56.66,55.82,1564,4.6
TXN-12448,2025-12-06,CUST-0660,44,Male,Silver,Groceries,Apples,18.31,24.59,1,24.59,18.31,6.28,1560,7.1
TXN-10389,2025-12-06,CUST-0501,37,Female,Regular,Beauty & Health,Toothpaste,36.38,71.18,1,71.18,36.38,34.8,826,5.5
TXN-10653,2025-12-06,CUST-0625,23,Male,Regular,Clothing,T-Shirt,49.29,89.1,1,89.1,49.29,39.81,656,6.1
TXN-12742,2025-12-06,CUST-0047,18,Female,Regular,Electronics,Smartwatch,34.96,50.62,3,151.86,104.88,46.98,830,8.1
TXN-11603,2025-12-06,CUST-0830,18,Female,Regular,Groceries,Bread,45.02,60.28,2,120.56,90.04,30.52,906,5.5
TXN-12025,2025-12-06,CUST-0536,27,Female,Silver,Electronics,USB Drive,123.53,158.32,4,633.28,494.12,139.16,1614,6.8
TXN-11863,2025-12-06,CUST-0950,37,Female,Regular,Groceries,Bread,45.02,60.28,5,301.4,225.1,76.3,894,8.1
TXN-11388,2025-12-06,CUST-0987,18,Female,Regular,Home & Garden,Lamp,30.34,59.03,1,59.03,30.34,28.69,880,7.2
TXN-10664,2025-12-06,CUST-0528,25,Male,Gold,Electronics,Headphones,49.93,84.43,1,84.43,49.93,34.5,1299,8.5
TXN-10065,2025-12-06,CUST-0851,31,Female,Regular,Clothing,Jeans,45.05,74.05,3,222.15,135.15,87.0,1710,4.8
TXN-14641,2025-12-06,CUST-0266,43,Female,Regular,Home & Garden,Frying Pan,11.59,15.48,1,15.48,11.59,3.89,1482,8.2
TXN-14297,2025-12-06,CUST-0233,55,Female,Regular,Clothing,Jeans,45.05,74.05,1,74.05,45.05,29.0,1383,5.2
TXN-11594,2025-12-06,CUST-0910,39,Male,Regular,Electronics,Keyboard,107.66,156.53,2,313.06,215.32,97.74,758,3.8
TXN-14540,2025-12-06,CUST-0015,36,Female,Regular,Beauty & Health,Vitamins,4.16,7.52,1,7.52,4.16,3.36,1013,5.4
TXN-10215,2025-12-07,CUST-0252,37,Male,Silver,Beauty & Health,Lotion,8.66,15.35,1,15.35,8.66,6.69,1133,6.4
TXN-12324,2025-12-07,CUST-0329,28,Male,Regular,Beauty & Health,Toothpaste,36.38,71.18,1,71.18,36.38,34.8,671,7.3
TXN-14018,2025-12-07,CUST-0275,20,Male,Regular,Groceries,Chicken,14.09,25.57,1,25.57,14.09,11.48,1685,7.1
TXN-11942,2025-12-07,CUST-0442,37,Female,Regular,Beauty & Health,Face Wash,9.13,14.22,1,14.22,9.13,5.09,1300,4.4
TXN-12306,2025-12-07,CUST-0092,34,Female,Regular,Beauty & Health,Toothpaste,36.38,71.18,2,142.36,72.76,69.6,672,3.8
TXN-13243,2025-12-07,CUST-0056,47,Male,Regular,Groceries,Eggs,28.33,56.24,1,56.24,28.33,27.91,1464,4.9
TXN-11239,2025-12-07,CUST-0283,45,Female,Silver,Beauty & Health,Vitamins,4.16,7.52,3,22.56,12.48,10.08,1266,6.6
TXN-12853,2025-12-07,CUST-0951,35,Male,Silver,Groceries,Eggs,28.33,56.24,4,224.96,113.32,111.64,1495,4.6
TXN-10830,2025-12-07,CUST-0258,58,Female,Regular,Electronics,Mouse,41.17,78.14,2,156.28,82.34,73.94,1250,5.6
TXN-13973,2025-12-07,CUST-0208,26,Male,Regular,Beauty & Health,Vitamins,4.16,7.52,2,15.04,8.32,6.72,1047,5.2
TXN-11510,2025-12-07,CUST-0061,35,Female,Regular,Beauty & Health,Toothpaste,36.38,71.18,1,71.18,36.38,34.8,744,5.5
TXN-13600,2025-12-07,CUST-0916,25,Female,Regular,Groceries,Pasta,47.29,56.99,1,56.99,47.29,9.7,1082,4.7
TXN-13130,2025-12-07,CUST-0012,48,Female,Regular,Beauty & Health,Shampoo,25.11,45.77,1,45.77,25.11,20.66,829,7.5
TXN-11550,2025-12-07,CUST-0810,38,Male,Gold,Home & Garden,Frying Pan,11.59,15.48,1,15.48,11.59,3.89,1739,8.4
TXN-13702,2025-12-08,CUST-0511,37,Male,Silver,Groceries,Cereal,40.44,66.69,1,66.69,40.44,26.25,475,6.3
TXN-10704,2025-12-08,CUST-0618,41,Female,Regular,Electronics,Smartwatch,34.96,50.62,3,151.86,104.88,46.98,955,4.5
TXN-10878,2025-12-08,CUST-0633,33,Male,Regular,Home & Garden,Bed Sheets,41.27,74.29,4,297.16,165.08,132.08,1778,6.1
TXN-13952,2025-12-08,CUST-0639,19,Other,Silver,Beauty & Health,Vitamins,4.16,7.52,1,7.52,4.16,3.36,1049,5.7
TXN-12432,2025-12-08,CUST-0842,26,Male,Regular,Clothing,Jeans,45.05,74.05,1,74.05,45.05,29.0,1537,3.3
TXN-14125,2025-12-08,CUST-0170,28,Female,Regular,Beauty & Health,Toothpaste,36.38,71.18,1,71.18,36.38,34.8,538,3.8
TXN-10058,2025-12-08,CUST-0840,37,Male,Regular,Beauty & Health,Soap,11.95,23.02,2,46.04,23.9,22.14,1091,3.7
TXN-13670,2025-12-08,CUST-0071,29,Male,Regular,Groceries,Milk,32.13,59.75,4,239.0,128.52,110.48,960,5.1
TXN-14507,2025-12-08,CUST-0878,39,Male,Regular,Clothing,T-Shirt,49.29,89.1,4,356.4,197.16,159.24,390,7.6
TXN-12751,2025-12-08,CUST-0229,26,Male,Regular,Clothing,Jeans,45.05,74.05,1,74.05,45.05,29.0,1520,6.2
TXN-10453,2025-12-08,CUST-0195,45,Female,Silver,Electronics,Charger,85.78,132.44,1,132.44,85.78,46.66,732,5.9
TXN-11068,2025-12-09,CUST-0845,20,Male,Regular,Home & Garden,Mug,5.57,9.8,1,9.8,5.57,4.23,831,6.1
TXN-12375,2025-12-09,CUST-0221,42,Male,Regular,Electronics,Smartwatch,34.96,50.62,1,50.62,34.96,15.66,847,5.3
TXN-14469,2025-12-09,CUST-0530,53,Other,Silver,Home & Garden,Plant Pot,34.48,43.76,3,131.28,103.44,27.84,1467,4.6
TXN-13864,2025-12-09,CUST-0058,29,Female,Regular,Home & Garden,Lamp,30.34,59.03,2,118.06,60.68,57.38,657,4.4
TXN-12928,2025-12-09,CUST-0319,24,Male,Regular,Groceries,Bread,45.02,60.28,4,241.12,180.08,61.04,801,6.6
TXN-10402,2025-12-09,CUST-0944,33,Male,Regular,Electronics,Headphones,49.93,84.43,1,84.43,49.93,34.5,1308,5.3
TXN-11548,2025-12-09,CUST-0073,31,Male,Regular,Groceries,Cereal,40.44,66.69,1,66.69,40.44,26.25,646,6.7
TXN-14036,2025-12-09,CUST-0358,35,Male,Silver,Groceries,Chicken,14.09,25.57,2,51.14,28.18,22.96,1683,4.9
TXN-14055,2025-12-09,CUST-0625,29,Female,Silver,Home & Garden,Mug,5.57,9.8,1,9.8,5.57,4.23,598,6.5
TXN-11304,2025-12-10,CUST-0933,24,Male,Silver,Clothing,Socks,46.78,72.77,5,363.85,233.9,129.95,1213,6.3
TXN-11879,2025-12-10,CUST-0755,25,Male,Regular,Electronics,Smartwatch,34.96,50.62,1,50.62,34.96,15.66,867,5.8
TXN-11458,2025-12-10,CUST-0620,18,Male,Regular,Groceries,Apples,18.31,24.59,1,24.59,18.31,6.28,1635,7.7
TXN-13680,2025-12-10,CUST-0973,40,Male,Regular,Electronics,Keyboard,107.66,156.53,2,313.06,215.32,97.74,638,7.2
TXN-11577,2025-12-10,CUST-0250,35,Female,Regular,Electronics,Keyboard,107.66,156.53,1,156.53,107.66,48.87,760,4.3
TXN-10127,2025-12-10,CUST-0879,38,Male,Gold,Home & Garden,Frying Pan,11.59,15.48,1,15.48,11.59,3.89,1841,7.1
TXN-10301,2025-12-10,CUST-0428,30,Male,Gold,Beauty & Health,Vitamins,4.16,7.52,2,15.04,8.32,6.72,1333,7.4
TXN-13948,2025-12-10,CUST-0396,45,Female,Regular,Groceries,Chicken,14.09,25.57,10,255.7,140.9,114.8,1687,8.9
TXN-10333,2025-12-10,CUST-0519,48,Male,Gold,Groceries,Chicken,14.09,25.57,1,25.57,14.09,11.48,1911,8.6
TXN-11493,2025-12-10,CUST-0615,29,Male,Regular,Groceries,Milk,32.13,59.75,1,59.75,32.13,27.62,1115,5.8
TXN-10756,2025-12-10,CUST-0923,25,Male,Regular,Electronics,USB Drive,123.53,158.32,2,316.64,247.06,69.58,1680,7.3
TXN-14901,2025-12-10,CUST-0350,47,Male,Silver,Home & Garden,Lamp,30.34,59.03,10,590.3,303.4,286.9,550,5.7
TXN-12493,2025-12-10,CUST-0041,42,Female,Regular,Groceries,Bread,45.02,60.28,10,602.8,450.2,152.6,839,6.7
TXN-12750,2025-12-11,CUST-0563,36,Female,Regular,Beauty & Health,Lotion,8.66,15.35,5,76.75,43.3,33.45,974,4.9
TXN-10346,2025-12-11,CUST-0824,44,Female,Silver,Groceries,Bread,45.02,60.28,1,60.28,45.02,15.26,987,6.5
TXN-10343,2025-12-11,CUST-0638,36,Male,Regular,Electronics,Mouse,41.17,78.14,2,156.28,82.34,73.94,1273,6.4
TXN-13129,2025-12-11,CUST-0266,33,Male,Silver,Groceries,Milk,32.13,59.75,1,59.75,32.13,27.62,996,5.3
TXN-14618,2025-12-11,CUST-0801,36,Male,Regular,Electronics,Keyboard,107.66,156.53,10,1565.3,1076.6,488.7,524,7.1
TXN-12069,2025-12-11,CUST-0661,41,Male,Regular,Clothing,Sneakers,20.09,39.7,1,39.7,20.09,19.61,634,4.5
TXN-14365,2025-12-11,CUST-0460,23,Male,Regular,Clothing,Jacket,3.47,6.87,2,13.74,6.94,6.8,1168,6.9
TXN-10487,2025-12-11,CUST-0227,39,Female,Silver,Clothing,Socks,46.78,72.77,1,72.77,46.78,25.99,1273,3.8
TXN-14549,2025-12-11,CUST-0753,33,Female,Regular,Electronics,Mouse,41.17,78.14,1,78.14,41.17,36.97,995,5.0
TXN-12872,2025-12-11,CUST-0605,43,Female,Silver,Groceries,Pasta,47.29,56.99,1,56.99,47.29,9.7,1128,6.3
TXN-10148,2025-12-11,CUST-0604,35,Female,Silver,Groceries,Rice,16.47,23.64,1,23.64,16.47,7.17,497,7.6
TXN-11959,2025-12-11,CUST-0535,42,Female,Regular,Clothing,Jacket,3.47,6.87,4,27.48,13.88,13.6,1372,6.6
TXN-10991,2025-12-11,CUST-0349,37,Male,Silver,Clothing,Sneakers,20.09,39.7,2,79.4,40.18,39.22,704,6.1
TXN-10853,2025-12-11,CUST-0992,29,Other,Regular,Beauty & Health,Toothpaste,36.38,71.18,2,142.36,72.76,69.6,796,6.5
TXN-14912,2025-12-11,CUST-0814,38,Male,Silver,Clothing,Jeans,45.05,74.05,1,74.05,45.05,29.0,1347,6.2
TXN-12089,2025-12-12,CUST-0887,39,Female,Regular,Beauty & Health,Toothpaste,36.38,71.18,2,142.36,72.76,69.6,698,7.6
TXN-12280,2025-12-12,CUST-0312,51,Male,Regular,Home & Garden,Bed Sheets,41.27,74.29,2,148.58,82.54,66.04,1674,7.0
TXN-13979,2025-12-12,CUST-0051,48,Male,Gold,Electronics,Charger,85.78,132.44,5,662.2,428.9,233.3,476,9.6
TXN-14427,2025-12-12,CUST-0337,37,Other,Silver,Beauty & Health,Soap,11.95,23.02,4,92.08,47.8,44.28,844,7.0
TXN-12558,2025-12-12,CUST-0785,44,Male,Silver,Beauty & Health,Face Wash,9.13,14.22,2,28.44,18.26,10.18,1225,4.2
TXN-13030,2025-12-12,CUST-0845,40,Male,Regular,Groceries,Apples,18.31,24.59,1,24.59,18.31,6.28,1514,7.7
TXN-14759,2025-12-12,CUST-0339,38,Male,Regular,Home & Garden,Bed Sheets,41.27,74.29,4,297.16,165.08,132.08,1464,4.7
TXN-14331,2025-12-12,CUST-0433,32,Male,Silver,Electronics,Charger,85.78,132.44,2,264.88,171.56,93.32,450,4.5
TXN-14438,2025-12-12,CUST-0583,40,Male,Regular,Clothing,Hat,3.72,6.93,2,13.86,7.44,6.42,523,7.1
TXN-13695,2025-12-12,CUST-0119,18,Male,Silver,Groceries,Chicken,14.09,25.57,4,102.28,56.36,45.92,1705,5.1
TXN-11379,2025-12-12,CUST-0762,27,Female,Silver,Home & Garden,Plant Pot,34.48,43.76,2,87.52,68.96,18.56,1713,6.5
TXN-11154,2025-12-12,CUST-0691,36,Female,Regular,Clothing,T-Shirt,49.29,89.1,1,89.1,49.29,39.81,629,6.8
TXN-14101,2025-12-12,CUST-0657,44,Female,Regular,Beauty & Health,Shampoo,25.11,45.77,1,45.77,25.11,20.66,760,5.2
TXN-10429,2025-12-13,CUST-0972,34,Male,Silver,Electronics,Smartwatch,34.96,50.62,1,50.62,34.96,15.66,980,6.4
TXN-13204,2025-12-13,CUST-0612,25,Female,Regular,Home & Garden,Frying Pan,11.59,15.48,10,154.8,115.9,38.9,1640,6.1
TXN-14792,2025-12-13,CUST-0284,36,Female,Silver,Clothing,T-Shirt,49.29,89.1,5,445.5,246.45,199.05,365,6.2
TXN-10543,2025-12-13,CUST-0608,48,Male,Regular,Home & Garden,Lamp,30.34,59.03,1,59.03,30.34,28.69,957,3.5
TXN-10538,2025-12-13,CUST-0414,54,Male,Gold,Electronics,USB Drive,123.53,158.32,4,633.28,494.12,139.16,1710,9.2
TXN-13488,2025-12-13,CUST-0408,29,Male,Regular,Home & Garden,Plant Pot,34.48,43.76,1,43.76,34.48,9.28,1543,8.1
TXN-14115,2025-12-13,CUST-0799,32,Female,Silver,Clothing,Jeans,45.05,74.05,3,222.15,135.15,87.0,1392,7.1
TXN-10873,2025-12-13,CUST-0441,22,Male,Regular,Electronics,Keyboard,107.66,156.53,1,156.53,107.66,48.87,816,5.1
TXN-12426,2025-12-13,CUST-0675,39,Female,Gold,Home & Garden,Lamp,30.34,59.03,1,59.03,30.34,28.69,794,6.0
TXN-10563,2025-12-13,CUST-0363,41,Female,Regular,Electronics,Charger,85.78,132.44,1,132.44,85.78,46.66,726,4.3
TXN-14955,2025-12-13,CUST-0171,31,Female,Regular,Groceries,Chicken,14.09,25.57,1,25.57,14.09,11.48,1592,8.2
TXN-11368,2025-12-13,CUST-0241,31,Female,Regular,Groceries,Cereal,40.44,66.69,4,266.76,161.76,105.0,659,8.1
TXN-10979,2025-12-13,CUST-0142,24,Female,Regular,Electronics,Mouse,41.17,78.14,1,78.14,41.17,36.97,1238,4.1
TXN-14858,2025-12-13,CUST-0637,48,Female,Regular,Clothing,T-Shirt,49.29,89.1,5,445.5,246.45,199.05,359,8.2
TXN-12944,2025-12-13,CUST-0215,32,Male,Regular,Home & Garden,Lamp,30.34,59.03,1,59.03,30.34,28.69,740,6.2
TXN-10070,2025-12-14,CUST-0683,18,Female,Silver,Clothing,Socks,46.78,72.77,1,72.77,46.78,25.99,1302,5.3
TXN-10577,2025-12-14,CUST-0531,39,Male,Silver,Beauty & Health,Toothpaste,36.38,71.18,1,71.18,36.38,34.8,818,8.2
TXN-10594,2025-12-14,CUST-0496,39,Male,Silver,Beauty & Health,Soap,11.95,23.02,4,92.08,47.8,44.28,1070,6.2
TXN-11288,2025-12-14,CUST-0244,47,Female,Silver,Home & Garden,Mug,5.57,9.8,1,9.8,5.57,4.23,801,7.9
TXN-12008,2025-12-14,CUST-0279,36,Female,Regular,Home & Garden,Mug,5.57,9.8,4,39.2,22.28,16.92,760,5.8
TXN-11587,2025-12-14,CUST-0973,26,Male,Regular,Beauty & Health,Vitamins,4.16,7.52,3,22.56,12.48,10.08,1234,7.7
TXN-12793,2025-12-14,CUST-0399,18,Female,Silver,Groceries,Apples,18.31,24.59,2,49.18,36.62,12.56,1537,6.5
TXN-13356,2025-12-14,CUST-0165,18,Male,Regular,Home & Garden,Mug,5.57,9.8,1,9.8,5.57,4.23,661,5.9
TXN-10098,2025-12-14,CUST-0124,23,Male,Gold,Clothing,Jacket,3.47,6.87,4,27.48,13.88,13.6,1523,8.6
TXN-14946,2025-12-14,CUST-0952,18,Male,Regular,Home & Garden,Frying Pan,11.59,15.48,1,15.48,11.59,3.89,1463,7.9
TXN-12035,2025-12-14,CUST-0589,53,Male,Silver,Home & Garden,Frying Pan,11.59,15.48,1,15.48,11.59,3.89,1699,5.0
TXN-10187,2025-12-14,CUST-0409,39,Male,Regular,Clothing,T-Shirt,49.29,89.1,4,356.4,197.16,159.24,691,8.9
TXN-12152,2025-12-14,CUST-0541,24,Female,Regular,Groceries,Eggs,28.33,56.24,10,562.4,283.3,279.1,1546,7.7
TXN-11796,2025-12-14,CUST-0083,60,Male,Silver,Clothing,Jacket,3.47,6.87,1,6.87,3.47,3.4,1389,8.2
TXN-13954,2025-12-14,CUST-0172,33,Male,Silver,Clothing,Jeans,45.05,74.05,4,296.2,180.2,116.0,1409,6.8
TXN-14140,2025-12-14,CUST-0649,35,Other,Regular,Clothing,Jacket,3.47,6.87,1,6.87,3.47,3.4,1190,4.8
TXN-14580,2025-12-14,CUST-0350,18,Female,Regular,Beauty & Health,Vitamins,4.16,7.52,4,30.08,16.64,13.44,1008,8.9
TXN-11245,2025-12-14,CUST-0342,34,Male,Regular,Home & Garden,Towel,36.45,51.3,1,51.3,36.45,14.85,899,4.5
TXN-14064,2025-12-14,CUST-0975,49,Female,Gold,Groceries,Apples,18.31,24.59,3,73.77,54.93,18.84,1432,8.6
TXN-12695,2025-12-14,CUST-0725,39,Female,Silver,Groceries,Cereal,40.44,66.69,1,66.69,40.44,26.25,583,5.0
TXN-10229,2025-12-15,CUST-0780,33,Male,Regular,Beauty & Health,Vitamins,4.16,7.52,3,22.56,12.48,10.08,1336,4.6
TXN-10390,2025-12-15,CUST-0183,18,Male,Silver,Groceries,Bread,45.02,60.28,2,120.56,90.04,30.52,983,6.5
TXN-13228,2025-12-15,CUST-0853,22,Male,Regular,Clothing,Jacket,3.47,6.87,1,6.87,3.47,3.4,1260,7.5
TXN-10962,2025-12-15,CUST-0765,36,Female,Silver,Beauty & Health,Shampoo,25.11,45.77,4,183.08,100.44,82.64,983,8.7
TXN-13081,2025-12-15,CUST-0152,18,Male,Gold,Clothing,Hat,3.72,6.93,1,6.93,3.72,3.21,606,7.9
TXN-11256,2025-12-15,CUST-0298,61,Female,Regular,Home & Garden,Towel,36.45,51.3,3,153.9,109.35,44.55,892,6.8
TXN-10363,2025-12-15,CUST-0297,26,Female,Regular,Electronics,Mouse,41.17,78.14,1,78.14,41.17,36.97,1270,8.1
TXN-14755,2025-12-15,CUST-0526,29,Male,Regular,Home & Garden,Mug,5.57,9.8,2,19.6,11.14,8.46,533,5.3
TXN-13502,2025-12-15,CUST-0153,32,Female,Silver,Groceries,Bread,45.02,60.28,1,60.28,45.02,15.26,695,5.4
TXN-10874,2025-12-16,CUST-0428,28,Male,Silver,Beauty & Health,Face Wash,9.13,14.22,4,56.88,36.52,20.36,1370,7.7
TXN-12792,2025-12-16,CUST-0596,39,Male,Regular,Clothing,Jeans,45.05,74.05,4,296.2,180.2,116.0,1509,8.3
TXN-12301,2025-12-16,CUST-0356,18,Male,Silver,Electronics,Mouse,41.17,78.14,1,78.14,41.17,36.97,1147,5.3
TXN-10845,2025-12-16,CUST-0347,50,Female,Regular,Beauty & Health,Face Wash,9.13,14.22,3,42.66,27.39,15.27,1377,6.0
TXN-10572,2025-12-16,CUST-0236,18,Male,Silver,Home & Garden,Plant Pot,34.48,43.76,2,87.52,68.96,18.56,1787,4.6
TXN-10074,2025-12-16,CUST-0716,55,Male,Regular,Beauty & Health,Lotion,8.66,15.35,2,30.7,17.32,13.38,1137,3.8
TXN-13373,2025-12-16,CUST-0440,39,Female,Silver,Electronics,USB Drive,123.53,158.32,2,316.64,247.06,69.58,1501,7.3
TXN-12013,2025-12-16,CUST-0591,48,Female,Gold,Groceries,Chicken,14.09,25.57,4,102.28,56.36,45.92,1821,8.8
TXN-12168,2025-12-16,CUST-0636,32,Male,Silver,Beauty & Health,Shampoo,25.11,45.77,1,45.77,25.11,20.66,899,5.7
TXN-12086,2025-12-16,CUST-0853,29,Female,Regular,Beauty & Health,Vitamins,4.16,7.52,2,15.04,8.32,6.72,1173,6.0
TXN-11222,2025-12-16,CUST-0969,38,Male,Silver,Beauty & Health,Vitamins,4.16,7.52,4,30.08,16.64,13.44,1269,8.3
TXN-10550,2025-12-16,CUST-0200,26,Female,Regular,Groceries,Bread,45.02,60.28,3,180.84,135.06,45.78,970,6.5
TXN-14724,2025-12-16,CUST-0403,31,Female,Gold,Beauty & Health,Face Wash,9.13,14.22,2,28.44,18.26,10.18,1084,9.2
TXN-12639,2025-12-17,CUST-0927,18,Female,Regular,Beauty & Health,Shampoo,25.11,45.77,2,91.54,50.22,41.32,871,5.4
TXN-12218,2025-12-17,CUST-0418,45,Male,Regular,Beauty & Health,Face Wash,9.13,14.22,1,14.22,9.13,5.09,1272,8.7
TXN-12251,2025-12-17,CUST-0758,23,Male,Gold,Electronics,Charger,85.78,132.44,1,132.44,85.78,46.66,609,10.0
TXN-12246,2025-12-17,CUST-0949,46,Female,Silver,Beauty & Health,Lotion,8.66,15.35,4,61.4,34.64,26.76,1009,8.9
TXN-14822,2025-12-17,CUST-0458,29,Female,Gold,Electronics,Keyboard,107.66,156.53,1,156.53,107.66,48.87,517,6.3
TXN-13575,2025-12-17,CUST-0728,27,Female,Silver,Beauty & Health,Toothpaste,36.38,71.18,4,284.72,145.52,139.2,574,6.7
TXN-12029,2025-12-17,CUST-0355,30,Male,Regular,Groceries,Milk,32.13,59.75,2,119.5,64.26,55.24,1089,3.7
TXN-12368,2025-12-17,CUST-0553,41,Female,Silver,Beauty & Health,Shampoo,25.11,45.77,1,45.77,25.11,20.66,887,7.6
TXN-13753,2025-12-17,CUST-0617,28,Female,Silver,Groceries,Cereal,40.44,66.69,1,66.69,40.44,26.25,471,4.2
TXN-10413,2025-12-17,CUST-0688,48,Female,Silver,Clothing,Sneakers,20.09,39.7,2,79.4,40.18,39.22,757,6.0
TXN-12976,2025-12-17,CUST-0743,42,Male,Regular,Beauty & Health,Shampoo,25.11,45.77,4,183.08,100.44,82.64,846,7.2
TXN-14043,2025-12-17,CUST-0001,44,Other,Regular,Groceries,Chicken,14.09,25.57,1,25.57,14.09,11.48,1682,5.6
TXN-10455,2025-12-18,CUST-0557,38,Female,Regular,Beauty & Health,Face Wash,9.13,14.22,1,14.22,9.13,5.09,1401,3.9
TXN-14855,2025-12-18,CUST-0118,36,Male,Regular,Groceries,Rice,16.47,23.64,3,70.92,49.41,21.51,106,5.3
TXN-11739,2025-12-18,CUST-0499,36,Female,Silver,Electronics,Headphones,49.93,84.43,1,84.43,49.93,34.5,1215,5.1
TXN-12499,2025-12-18,CUST-0948,18,Female,Gold,Groceries,Milk,32.13,59.75,1,59.75,32.13,27.62,1034,5.2
TXN-12192,2025-12-18,CUST-0392,21,Male,Regular,Electronics,USB Drive,123.53,158.32,1,158.32,123.53,34.79,1595,8.2
TXN-14225,2025-12-18,CUST-0711,31,Male,Regular,Clothing,T-Shirt,49.29,89.1,1,89.1,49.29,39.81,407,5.7
TXN-12325,2025-12-18,CUST-0698,31,Other,Silver,Clothing,Hat,3.72,6.93,1,6.93,3.72,3.21,643,5.3
TXN-14314,2025-12-18,CUST-0899,40,Male,Regular,Beauty & Health,Soap,11.95,23.02,1,23.02,11.95,11.07,857,5.5
TXN-11290,2025-12-18,CUST-0667,30,Male,Regular,Electronics,Smartwatch,34.96,50.62,1,50.62,34.96,15.66,923,4.6
TXN-11417,2025-12-18,CUST-0083,20,Female,Regular,Electronics,Mouse,41.17,78.14,1,78.14,41.17,36.97,1196,7.2
TXN-11961,2025-12-18,CUST-0923,27,Male,Gold,Home & Garden,Frying Pan,11.59,15.48,2,30.96,23.18,7.78,1703,5.8
TXN-13789,2025-12-18,CUST-0382,30,Male,Silver,Clothing,Jacket,3.47,6.87,2,13.74,6.94,6.8,1210,5.0
TXN-10696,2025-12-18,CUST-0110,49,Male,Silver,Electronics,USB Drive,123.53,158.32,3,474.96,370.59,104.37,1688,4.3
TXN-10740,2025-12-18,CUST-0919,32,Female,Gold,Electronics,Headphones,49.93,84.43,1,84.43,49.93,34.5,1296,8.1
TXN-14743,2025-12-18,CUST-0411,26,Female,Regular,Groceries,Milk,32.13,59.75,1,59.75,32.13,27.62,889,6.7
TXN-10521,2025-12-18,CUST-0589,27,Male,Regular,Home & Garden,Lamp,30.34,59.03,2,118.06,60.68,57.38,959,8.2
TXN-13457,2025-12-18,CUST-0799,51,Female,Regular,Beauty & Health,Soap,11.95,23.02,1,23.02,11.95,11.07,899,5.6
TXN-11391,2025-12-18,CUST-0328,45,Male,Regular,Electronics,Headphones,49.93,84.43,2,168.86,99.86,69.0,1231,6.4
TXN-11016,2025-12-18,CUST-0783,21,Female,Silver,Electronics,Charger,85.78,132.44,3,397.32,257.34,139.98,696,5.5
TXN-12950,2025-12-19,CUST-0053,43,Female,Silver,Home & Garden,Towel,36.45,51.3,1,51.3,36.45,14.85,783,7.1
TXN-10255,2025-12-19,CUST-0351,29,Female,Regular,Clothing,Jacket,3.47,6.87,5,34.35,17.35,17.0,1513,9.3
TXN-13220,2025-12-19,CUST-0227,18,Male,Regular,Clothing,Jacket,3.47,6.87,1,6.87,3.47,3.4,1263,4.8
TXN-13500,2025-12-19,CUST-0308,38,Female,Regular,Clothing,Jacket,3.47,6.87,4,27.48,13.88,13.6,1242,8.8
TXN-10918,2025-12-19,CUST-0638,25,Male,Regular,Home & Garden,Bed Sheets,41.27,74.29,1,74.29,41.27,33.02,1776,7.4
TXN-14715,2025-12-19,CUST-0773,25,Male,Silver,Home & Garden,Lamp,30.34,59.03,1,59.03,30.34,28.69,590,7.1
TXN-11031,2025-12-19,CUST-0306,30,Female,Regular,Clothing,Socks,46.78,72.77,1,72.77,46.78,25.99,1238,4.2
TXN-12995,2025-12-19,CUST-0446,62,Male,Gold,Electronics,Keyboard,107.66,156.53,3,469.59,322.98,146.61,673,5.3
TXN-11399,2025-12-19,CUST-0072,31,Female,Silver,Groceries,Eggs,28.33,56.24,1,56.24,28.33,27.91,1587,3.6
TXN-12740,2025-12-19,CUST-0297,25,Female,Silver,Groceries,Pasta,47.29,56.99,2,113.98,94.58,19.4,1133,5.5
TXN-13869,2025-12-19,CUST-0889,18,Female,Regular,Clothing,Jacket,3.47,6.87,5,34.35,17.35,17.0,1205,6.0
TXN-13352,2025-12-19,CUST-0826,29,Male,Silver,Electronics,USB Drive,123.53,158.32,2,316.64,247.06,69.58,1503,8.1
TXN-12910,2025-12-19,CUST-0251,19,Male,Regular,Beauty & Health,Toothpaste,36.38,71.18,1,71.18,36.38,34.8,627,4.1
TXN-13453,2025-12-19,CUST-0976,45,Male,Regular,Groceries,Pasta,47.29,56.99,1,56.99,47.29,9.7,1086,6.1
TXN-14867,2025-12-20,CUST-0168,52,Male,Regular,Beauty & Health,Face Wash,9.13,14.22,2,28.44,18.26,10.18,1071,4.0
TXN-14222,2025-12-20,CUST-0981,34,Female,Regular,Clothing,Jacket,3.47,6.87,2,13.74,6.94,6.8,1184,5.2
TXN-14350,2025-12-20,CUST-0131,48,Female,Gold,Groceries,Pasta,47.29,56.99,1,56.99,47.29,9.7,1039,6.5
TXN-12635,2025-12-20,CUST-0811,20,Female,Silver,Electronics,USB Drive,123.53,158.32,3,474.96,370.59,104.37,1553,7.0
TXN-12316,2025-12-20,CUST-0641,18,Male,Gold,Electronics,Headphones,49.93,84.43,1,84.43,49.93,34.5,1184,9.1
TXN-12405,2025-12-20,CUST-0321,37,Female,Silver,Clothing,Socks,46.78,72.77,10,727.7,467.8,259.9,1131,6.3
TXN-12450,2025-12-20,CUST-0536,32,Female,Silver,Groceries,Apples,18.31,24.59,1,24.59,18.31,6.28,1559,6.9
TXN-13981,2025-12-20,CUST-0917,37,Male,Silver,Groceries,Pasta,47.29,56.99,1,56.99,47.29,9.7,1066,5.0
TXN-13865,2025-12-20,CUST-0973,18,Male,Regular,Electronics,Headphones,49.93,84.43,2,168.86,99.86,69.0,1075,7.0
TXN-13099,2025-12-20,CUST-0414,37,Female,Regular,Clothing,Sneakers,20.09,39.7,1,39.7,20.09,19.61,577,5.0
TXN-13296,2025-12-20,CUST-0038,42,Female,Regular,Electronics,Keyboard,107.66,156.53,2,313.06,215.32,97.74,655,4.1
TXN-13475,2025-12-20,CUST-0893,21,Male,Regular,Clothing,T-Shirt,49.29,89.1,1,89.1,49.29,39.81,453,4.9
TXN-10228,2025-12-20,CUST-0479,28,Male,Regular,Home & Garden,Frying Pan,11.59,15.48,1,15.48,11.59,3.89,1839,8.9
TXN-10385,2025-12-20,CUST-0604,40,Female,Regular,Home & Garden,Bed Sheets,41.27,74.29,1,74.29,41.27,33.02,1824,5.2
TXN-10515,2025-12-20,CUST-0033,51,Female,Gold,Groceries,Cereal,40.44,66.69,1,66.69,40.44,26.25,739,7.6
TXN-10622,2025-12-20,CUST-0791,32,Male,Regular,Home & Garden,Towel,36.45,51.3,1,51.3,36.45,14.85,955,7.6
TXN-10994,2025-12-20,CUST-0754,29,Male,Silver,Groceries,Milk,32.13,59.75,1,59.75,32.13,27.62,1145,7.8
TXN-10727,2025-12-20,CUST-0799,31,Female,Silver,Clothing,Hat,3.72,6.93,10,69.3,37.2,32.1,778,8.7
TXN-11025,2025-12-20,CUST-0851,36,Male,Regular,Electronics,Charger,85.78,132.44,1,132.44,85.78,46.66,695,5.0
TXN-10614,2025-12-20,CUST-0148,22,Female,Regular,Groceries,Pasta,47.29,56.99,1,56.99,47.29,9.7,1244,6.4
TXN-10986,2025-12-20,CUST-0768,21,Male,Regular,Groceries,Pasta,47.29,56.99,2,113.98,94.58,19.4,1227,7.0
TXN-14695,2025-12-21,CUST-0604,40,Male,Silver,Groceries,Chicken,14.09,25.57,5,127.85,70.45,57.4,1630,6.0
TXN-10857,2025-12-21,CUST-0598,46,Male,Regular,Groceries,Bread,45.02,60.28,1,60.28,45.02,15.26,947,7.3
TXN-11950,2025-12-21,CUST-0878,36,Male,Gold,Beauty & Health,Shampoo,25.11,45.77,2,91.54,50.22,41.32,930,8.4
TXN-13123,2025-12-21,CUST-0338,18,Female,Silver,Clothing,Sneakers,20.09,39.7,1,39.7,20.09,19.61,573,7.4
TXN-14303,2025-12-21,CUST-0291,37,Female,Regular,Groceries,Cereal,40.44,66.69,1,66.69,40.44,26.25,438,6.9
TXN-13305,2025-12-21,CUST-0079,34,Male,Silver,Home & Garden,Lamp,30.34,59.03,1,59.03,30.34,28.69,706,3.7
TXN-10836,2025-12-21,CUST-0917,26,Male,Regular,Clothing,T-Shirt,49.29,89.1,3,267.3,147.87,119.43,643,4.4
TXN-14543,2025-12-21,CUST-0257,31,Female,Gold,Home & Garden,Frying Pan,11.59,15.48,1,15.48,11.59,3.89,1488,5.6
TXN-13666,2025-12-21,CUST-0162,50,Male,Regular,Groceries,Chicken,14.09,25.57,3,76.71,42.27,34.44,1710,4.1
TXN-11237,2025-12-21,CUST-0035,25,Male,Gold,Clothing,Hat,3.72,6.93,1,6.93,3.72,3.21,705,5.0
TXN-13533,2025-12-21,CUST-0203,25,Female,Regular,Groceries,Rice,16.47,23.64,1,23.64,16.47,7.17,231,6.5
TXN-12174,2025-12-22,CUST-0036,44,Female,Silver,Groceries,Rice,16.47,23.64,1,23.64,16.47,7.17,318,5.1
TXN-12143,2025-12-22,CUST-0327,20,Male,Regular,Home & Garden,Plant Pot,34.48,43.76,1,43.76,34.48,9.28,1657,4.9
TXN-12262,2025-12-22,CUST-0535,24,Male,Regular,Groceries,Apples,18.31,24.59,1,24.59,18.31,6.28,1569,5.5
TXN-12127,2025-12-22,CUST-0282,33,Female,Gold,Electronics,USB Drive,123.53,158.32,3,474.96,370.59,104.37,1598,7.9
TXN-14538,2025-12-22,CUST-0226,32,Male,Regular,Groceries,Rice,16.47,23.64,1,23.64,16.47,7.17,125,6.3
TXN-12373,2025-12-22,CUST-0565,44,Female,Regular,Electronics,USB Drive,123.53,158.32,1,158.32,123.53,34.79,1570,5.6
TXN-12451,2025-12-22,CUST-0654,18,Female,Gold,Beauty & Health,Vitamins,4.16,7.52,1,7.52,4.16,3.36,1142,7.2
TXN-10300,2025-12-22,CUST-0242,33,Male,Silver,Home & Garden,Bed Sheets,41.27,74.29,10,742.9,412.7,330.2,1830,6.8
TXN-10230,2025-12-22,CUST-0528,35,Male,Silver,Beauty & Health,Lotion,8.66,15.35,3,46.05,25.98,20.07,1129,4.0
TXN-12360,2025-12-22,CUST-0673,37,Male,Gold,Clothing,Hat,3.72,6.93,1,6.93,3.72,3.21,640,5.9
TXN-12124,2025-12-22,CUST-0820,59,Female,Silver,Home & Garden,Towel,36.45,51.3,4,205.2,145.8,59.4,831,8.3
TXN-10036,2025-12-22,CUST-0880,30,Male,Regular,Groceries,Apples,18.31,24.59,1,24.59,18.31,6.28,1763,7.2
TXN-14547,2025-12-22,CUST-0450,30,Other,Regular,Clothing,Sneakers,20.09,39.7,2,79.4,40.18,39.22,496,5.5
TXN-13845,2025-12-22,CUST-0361,21,Female,Regular,Clothing,T-Shirt,49.29,89.1,1,89.1,49.29,39.81,432,7.8
TXN-13186,2025-12-22,CUST-0947,25,Female,Gold,Home & Garden,Towel,36.45,51.3,2,102.6,72.9,29.7,772,5.9
TXN-13093,2025-12-22,CUST-0077,18,Female,Gold,Beauty & Health,Toothpaste,36.38,71.18,1,71.18,36.38,34.8,613,7.0
TXN-11670,2025-12-22,CUST-0205,30,Male,Regular,Clothing,Hat,3.72,6.93,1,6.93,3.72,3.21,681,6.0
TXN-11443,2025-12-23,CUST-0370,47,Female,Silver,Clothing,Hat,3.72,6.93,2,13.86,7.44,6.42,690,7.5
TXN-13673,2025-12-23,CUST-0571,60,Male,Regular,Groceries,Apples,18.31,24.59,2,49.18,36.62,12.56,1471,4.9
TXN-11295,2025-12-23,CUST-0273,46,Female,Gold,Beauty & Health,Lotion,8.66,15.35,1,15.35,8.66,6.69,1071,5.6
TXN-13442,2025-12-23,CUST-0510,24,Female,Silver,Home & Garden,Frying Pan,11.59,15.48,1,15.48,11.59,3.89,1617,4.8
TXN-12752,2025-12-23,CUST-0580,18,Female,Regular,Beauty & Health,Lotion,8.66,15.35,2,30.7,17.32,13.38,972,5.1
TXN-13826,2025-12-23,CUST-0141,40,Male,Regular,Electronics,Mouse,41.17,78.14,1,78.14,41.17,36.97,1046,4.5
TXN-12126,2025-12-23,CUST-0402,32,Male,Silver,Groceries,Pasta,47.29,56.99,1,56.99,47.29,9.7,1162,3.9
TXN-12328,2025-12-23,CUST-0964,35,Male,Gold,Beauty & Health,Vitamins,4.16,7.52,1,7.52,4.16,3.36,1155,6.7
TXN-12265,2025-12-24,CUST-0040,43,Male,Regular,Groceries,Eggs,28.33,56.24,2,112.48,56.66,55.82,1540,5.2
TXN-10096,2025-12-24,CUST-0755,32,Female,Regular,Clothing,Hat,3.72,6.93,1,6.93,3.72,3.21,832,6.9
TXN-10194,2025-12-24,CUST-0628,60,Male,Regular,Electronics,Keyboard,107.66,156.53,4,626.12,430.64,195.48,861,9.6
TXN-10795,2025-12-24,CUST-0573,47,Male,Silver,Groceries,Cereal,40.44,66.69,4,266.76,161.76,105.0,711,6.8
TXN-12824,2025-12-24,CUST-0949,38,Female,Regular,Electronics,USB Drive,123.53,158.32,4,633.28,494.12,139.16,1538,7.0
TXN-14016,2025-12-24,CUST-0820,28,Male,Regular,Beauty & Health,Face Wash,9.13,14.22,1,14.22,9.13,5.09,1111,6.0
TXN-10812,2025-12-24,CUST-0805,38,Male,Regular,Clothing,Sneakers,20.09,39.7,1,39.7,20.09,19.61,723,6.2
TXN-13638,2025-12-24,CUST-0021,21,Male,Gold,Electronics,Charger,85.78,132.44,1,132.44,85.78,46.66,502,8.3
TXN-13965,2025-12-24,CUST-0632,48,Male,Regular,Home & Garden,Frying Pan,11.59,15.48,1,15.48,11.59,3.89,1571,6.6
TXN-11119,2025-12-24,CUST-0027,31,Male,Regular,Beauty & Health,Face Wash,9.13,14.22,1,14.22,9.13,5.09,1337,5.4
TXN-11619,2025-12-24,CUST-0550,52,Female,Regular,Beauty & Health,Shampoo,25.11,45.77,1,45.77,25.11,20.66,956,3.2
TXN-14279,2025-12-24,CUST-0286,56,Female,Silver,Beauty & Health,Face Wash,9.13,14.22,2,28.44,18.26,10.18,1092,6.8
TXN-11190,2025-12-24,CUST-0082,32,Other,Regular,Groceries,Cereal,40.44,66.69,4,266.76,161.76,105.0,675,7.8
TXN-11072,2025-12-24,CUST-0048,50,Female,Regular,Home & Garden,Lamp,30.34,59.03,2,118.06,60.68,57.38,920,7.4
TXN-11319,2025-12-25,CUST-0280,51,Female,Gold,Beauty & Health,Lotion,8.66,15.35,1,15.35,8.66,6.69,1070,8.1
TXN-10247,2025-12-25,CUST-0060,40,Female,Regular,Beauty & Health,Lotion,8.66,15.35,3,46.05,25.98,20.07,1122,6.3
TXN-10260,2025-12-25,CUST-0890,42,Female,Regular,Beauty & Health,Face Wash,9.13,14.22,1,14.22,9.13,5.09,1416,5.4
TXN-13106,2025-12-25,CUST-0982,24,Female,Silver,Clothing,Sneakers,20.09,39.7,1,39.7,20.09,19.61,576,6.5
TXN-10705,2025-12-25,CUST-0257,41,Male,Regular,Home & Garden,Bed Sheets,41.27,74.29,1,74.29,41.27,33.02,1808,4.8
TXN-13811,2025-12-25,CUST-0104,38,Male,Regular,Electronics,USB Drive,123.53,158.32,1,158.32,123.53,34.79,1468,4.9
TXN-14970,2025-12-25,CUST-0426,35,Male,Gold,Beauty & Health,Vitamins,4.16,7.52,1,7.52,4.16,3.36,971,9.4
TXN-12225,2025-12-25,CUST-0566,38,Male,Regular,Groceries,Eggs,28.33,56.24,1,56.24,28.33,27.91,1542,8.8
TXN-12099,2025-12-25,CUST-0638,38,Female,Regular,Beauty & Health,Lotion,8.66,15.35,4,61.4,34.64,26.76,1036,5.4
TXN-11923,2025-12-25,CUST-0830,46,Female,Regular,Electronics,Charger,85.78,132.44,10,1324.4,857.8,466.6,632,5.6
TXN-14595,2025-12-25,CUST-0944,42,Male,Regular,Groceries,Milk,32.13,59.75,4,239.0,128.52,110.48,902,5.5
TXN-14582,2025-12-25,CUST-0308,32,Female,Regular,Clothing,Jacket,3.47,6.87,2,13.74,6.94,6.8,1139,7.1
TXN-11623,2025-12-26,CUST-0060,33,Male,Regular,Home & Garden,Plant Pot,34.48,43.76,1,43.76,34.48,9.28,1693,4.7
TXN-10840,2025-12-26,CUST-0739,31,Female,Regular,Electronics,Charger,85.78,132.44,1,132.44,85.78,46.66,711,3.8
TXN-10430,2025-12-26,CUST-0982,30,Female,Regular,Beauty & Health,Shampoo,25.11,45.77,4,183.08,100.44,82.64,1003,8.3
TXN-12527,2025-12-26,CUST-0382,39,Female,Regular,Beauty & Health,Toothpaste,36.38,71.18,4,284.72,145.52,139.2,654,8.1
TXN-12438,2025-12-26,CUST-0333,28,Male,Regular,Clothing,Hat,3.72,6.93,1,6.93,3.72,3.21,639,5.4
TXN-14071,2025-12-26,CUST-0658,29,Male,Regular,Groceries,Chicken,14.09,25.57,10,255.7,140.9,114.8,1671,8.6
TXN-10930,2025-12-26,CUST-0715,21,Female,Regular,Clothing,Hat,3.72,6.93,2,13.86,7.44,6.42,742,5.5
TXN-10823,2025-12-26,CUST-0714,22,Female,Regular,Electronics,Keyboard,107.66,156.53,2,313.06,215.32,97.74,818,4.4
TXN-14750,2025-12-26,CUST-0512,51,Male,Silver,Electronics,Charger,85.78,132.44,1,132.44,85.78,46.66,431,8.6
TXN-12261,2025-12-26,CUST-0207,24,Female,Silver,Clothing,T-Shirt,49.29,89.1,1,89.1,49.29,39.81,543,6.3
TXN-12760,2025-12-26,CUST-0713,18,Female,Regular,Clothing,Jeans,45.05,74.05,1,74.05,45.05,29.0,1519,7.0
TXN-10116,2025-12-26,CUST-0546,39,Male,Gold,Home & Garden,Towel,36.45,51.3,1,51.3,36.45,14.85,1002,5.8
TXN-14578,2025-12-26,CUST-0031,56,Male,Regular,Beauty & Health,Toothpaste,36.38,71.18,2,142.36,72.76,69.6,490,5.9
TXN-11238,2025-12-26,CUST-0371,60,Male,Silver,Clothing,T-Shirt,49.29,89.1,3,267.3,147.87,119.43,607,5.5
TXN-12583,2025-12-26,CUST-0748,25,Female,Gold,Beauty & Health,Vitamins,4.16,7.52,5,37.6,20.8,16.8,1131,9.3
TXN-14884,2025-12-27,CUST-0202,35,Male,Regular,Home & Garden,Bed Sheets,41.27,74.29,2,148.58,82.54,66.04,1457,6.5
TXN-10362,2025-12-27,CUST-0381,18,Male,Gold,Electronics,Keyboard,107.66,156.53,3,469.59,322.98,146.61,849,7.5
TXN-14861,2025-12-27,CUST-0158,30,Female,Regular,Groceries,Milk,32.13,59.75,2,119.5,64.26,55.24,878,4.1
TXN-11752,2025-12-27,CUST-0267,34,Female,Regular,Electronics,Headphones,49.93,84.43,2,168.86,99.86,69.0,1212,7.2
TXN-12406,2025-12-27,CUST-0729,61,Male,Regular,Beauty & Health,Face Wash,9.13,14.22,1,14.22,9.13,5.09,1239,7.3
TXN-11562,2025-12-27,CUST-0072,59,Female,Gold,Home & Garden,Plant Pot,34.48,43.76,10,437.6,344.8,92.8,1696,6.1
TXN-11084,2025-12-27,CUST-0779,26,Female,Regular,Home & Garden,Lamp,30.34,59.03,4,236.12,121.36,114.76,916,8.8
TXN-10590,2025-12-27,CUST-0030,40,Female,Regular,Groceries,Rice,16.47,23.64,1,23.64,16.47,7.17,456,8.3
TXN-12314,2025-12-27,CUST-0953,47,Female,Regular,Beauty & Health,Face Wash,9.13,14.22,3,42.66,27.39,15.27,1259,6.1
TXN-13083,2025-12-27,CUST-0848,34,Male,Regular,Clothing,Jeans,45.05,74.05,5,370.25,225.25,145.0,1481,7.4
TXN-14144,2025-12-27,CUST-0111,18,Female,Regular,Electronics,Charger,85.78,132.44,10,1324.4,857.8,466.6,457,6.4
TXN-14378,2025-12-27,CUST-0353,20,Male,Silver,Electronics,USB Drive,123.53,158.32,10,1583.2,1235.3,347.9,1422,6.7
TXN-14830,2025-12-28,CUST-0222,33,Male,Regular,Electronics,Charger,85.78,132.44,1,132.44,85.78,46.66,428,7.4
TXN-13074,2025-12-28,CUST-0076,26,Female,Regular,Home & Garden,Lamp,30.34,59.03,3,177.09,91.02,86.07,730,5.8
TXN-12867,2025-12-28,CUST-0970,24,Male,Silver,Groceries,Apples,18.31,24.59,3,73.77,54.93,18.84,1529,4.4
TXN-13345,2025-12-28,CUST-0938,26,Female,Regular,Home & Garden,Frying Pan,11.59,15.48,3,46.44,34.77,11.67,1627,4.4
TXN-12811,2025-12-28,CUST-0416,23,Male,Regular,Groceries,Cereal,40.44,66.69,1,66.69,40.44,26.25,556,5.9
TXN-11649,2025-12-28,CUST-0732,49,Male,Gold,Groceries,Apples,18.31,24.59,2,49.18,36.62,12.56,1609,7.3
TXN-11249,2025-12-28,CUST-0732,18,Male,Regular,Clothing,Jacket,3.47,6.87,3,20.61,10.41,10.2,1456,6.9
TXN-14815,2025-12-28,CUST-0659,39,Other,Regular,Home & Garden,Lamp,30.34,59.03,1,59.03,30.34,28.69,569,5.8
TXN-12000,2025-12-28,CUST-0688,18,Female,Silver,Beauty & Health,Soap,11.95,23.02,1,23.02,11.95,11.07,980,4.7
TXN-12529,2025-12-28,CUST-0684,37,Male,Regular,Beauty & Health,Shampoo,25.11,45.77,3,137.31,75.33,61.98,877,4.3
TXN-14990,2025-12-28,CUST-0772,32,Female,Silver,Electronics,Smartwatch,34.96,50.62,1,50.62,34.96,15.66,634,9.0
TXN-13905,2025-12-28,CUST-0937,18,Female,Regular,Groceries,Cereal,40.44,66.69,2,133.38,80.88,52.5,455,5.4
TXN-12338,2025-12-28,CUST-0323,20,Female,Regular,Electronics,USB Drive,123.53,158.32,3,474.96,370.59,104.37,1572,6.7
TXN-10983,2025-12-28,CUST-0347,29,Male,Gold,Beauty & Health,Vitamins,4.16,7.52,2,15.04,8.32,6.72,1291,5.3
TXN-10266,2025-12-28,CUST-0101,36,Female,Regular,Clothing,T-Shirt,49.29,89.1,3,267.3,147.87,119.43,686,6.0
TXN-13913,2025-12-29,CUST-0696,62,Female,Regular,Electronics,Keyboard,107.66,156.53,1,156.53,107.66,48.87,600,8.1
TXN-10639,2025-12-29,CUST-0151,25,Other,Regular,Beauty & Health,Face Wash,9.13,14.22,10,142.2,91.3,50.9,1383,8.3
TXN-11983,2025-12-29,CUST-0527,53,Male,Regular,Groceries,Eggs,28.33,56.24,2,112.48,56.66,55.82,1561,6.7
TXN-12223,2025-12-29,CUST-0251,44,Male,Silver,Electronics,USB Drive,123.53,158.32,5,791.6,617.65,173.95,1589,7.2
TXN-13793,2025-12-29,CUST-0051,40,Female,Regular,Electronics,Headphones,49.93,84.43,1,84.43,49.93,34.5,1090,7.9
TXN-13262,2025-12-29,CUST-0070,35,Female,Silver,Clothing,Socks,46.78,72.77,1,72.77,46.78,25.99,1066,7.8
TXN-11839,2025-12-29,CUST-0627,53,Male,Gold,Home & Garden,Towel,36.45,51.3,3,153.9,109.35,44.55,854,7.0
TXN-13462,2025-12-29,CUST-0115,45,Male,Regular,Groceries,Apples,18.31,24.59,4,98.36,73.24,25.12,1487,6.0
TXN-10103,2025-12-29,CUST-0597,20,Female,Silver,Beauty & Health,Toothpaste,36.38,71.18,5,355.9,181.9,174.0,838,8.7
TXN-12601,2025-12-29,CUST-0395,26,Female,Silver,Groceries,Milk,32.13,59.75,4,239.0,128.52,110.48,1022,6.7
TXN-11369,2025-12-29,CUST-0615,24,Male,Regular,Home & Garden,Mug,5.57,9.8,1,9.8,5.57,4.23,795,4.1
TXN-11160,2025-12-30,CUST-0161,32,Male,Regular,Electronics,Charger,85.78,132.44,1,132.44,85.78,46.66,690,7.6
TXN-14754,2025-12-30,CUST-0064,25,Male,Regular,Clothing,T-Shirt,49.29,89.1,1,89.1,49.29,39.81,372,7.9
TXN-12064,2025-12-30,CUST-0625,25,Female,Silver,Home & Garden,Plant Pot,34.48,43.76,5,218.8,172.4,46.4,1663,5.5
TXN-11397,2025-12-30,CUST-0661,22,Female,Regular,Beauty & Health,Shampoo,25.11,45.77,2,91.54,50.22,41.32,979,4.2
TXN-13072,2025-12-30,CUST-0414,37,Male,Silver,Clothing,Jeans,45.05,74.05,1,74.05,45.05,29.0,1487,7.8
TXN-11011,2025-12-30,CUST-0476,48,Female,Regular,Beauty & Health,Face Wash,9.13,14.22,2,28.44,18.26,10.18,1361,5.0
TXN-11951,2025-12-30,CUST-0178,40,Male,Regular,Electronics,Smartwatch,34.96,50.62,1,50.62,34.96,15.66,862,5.7
TXN-12907,2025-12-30,CUST-0512,30,Male,Regular,Clothing,Jeans,45.05,74.05,1,74.05,45.05,29.0,1507,5.5
TXN-10403,2025-12-30,CUST-0845,35,Female,Gold,Electronics,Keyboard,107.66,156.53,2,313.06,215.32,97.74,846,8.9
TXN-12653,2025-12-30,CUST-0249,34,Female,Gold,Electronics,Keyboard,107.66,156.53,2,313.06,215.32,97.74,702,6.2
TXN-11029,2025-12-30,CUST-0166,18,Female,Silver,Groceries,Rice,16.47,23.64,1,23.64,16.47,7.17,410,6.3
TXN-12403,2025-12-30,CUST-0533,18,Male,Silver,Beauty & Health,Vitamins,4.16,7.52,2,15.04,8.32,6.72,1143,5.5
TXN-13663,2025-12-31,CUST-0855,62,Female,Silver,Clothing,Jacket,3.47,6.87,1,6.87,3.47,3.4,1216,6.2
TXN-11913,2025-12-31,CUST-0850,22,Female,Regular,Home & Garden,Bed Sheets,41.27,74.29,4,297.16,165.08,132.08,1690,8.4
TXN-11831,2025-12-31,CUST-0814,44,Male,Silver,Beauty & Health,Shampoo,25.11,45.77,1,45.77,25.11,20.66,938,6.0
TXN-12612,2025-12-31,CUST-0581,30,Female,Regular,Home & Garden,Plant Pot,34.48,43.76,3,131.28,103.44,27.84,1621,5.1
TXN-10635,2025-12-31,CUST-0864,37,Male,Regular,Electronics,Charger,85.78,132.44,2,264.88,171.56,93.32,718,7.6
TXN-13939,2025-12-31,CUST-0494,39,Other,Silver,Groceries,Apples,18.31,24.59,2,49.18,36.62,12.56,1441,8.2
TXN-14338,2025-12-31,CUST-0731,36,Female,Regular,Electronics,Mouse,41.17,78.14,2,156.28,82.34,73.94,1009,5.3
TXN-14357,2025-12-31,CUST-0468,44,Female,Regular,Electronics,Smartwatch,34.96,50.62,1,50.62,34.96,15.66,681,4.0
TXN-11536,2025-12-31,CUST-0496,35,Female,Regular,Home & Garden,Mug,5.57,9.8,5,49.0,27.85,21.15,787,6.5
TXN-11824,2025-12-31,CUST-0478,31,Female,Silver,Home & Garden,Towel,36.45,51.3,1,51.3,36.45,14.85,857,7.3
TXN-14807,2025-12-31,CUST-0114,24,Female,Regular,Home & Garden,Lamp,30.34,59.03,5,295.15,151.7,143.45,570,8.1
